,XLB,XLC,XLE,XLF,XLI,XLK,XLP,XLRE,XLU,XLV,XLY
2005-01-03,9.251955032348633,,9.573528289794922,16.1423397064209,20.5629940032959,8.01957893371582,13.288375854492188,,6.6258721351623535,20.824979782104492,13.484618186950684
2005-01-04,9.085339546203613,,9.52426528930664,15.988457679748535,20.309293746948242,7.870141983032227,13.24232006072998,,6.580143451690674,20.65748405456543,13.326931953430176
2005-01-05,8.959589004516602,,9.483214378356934,15.961923599243164,20.169086456298828,7.843321800231934,13.173229217529297,,6.476653099060059,20.622596740722656,13.276931762695312
2005-01-06,9.01932430267334,,9.647422790527344,16.04152488708496,20.23584747314453,7.820328712463379,13.236562728881836,,6.510345935821533,20.776126861572266,13.20770263671875
2005-01-07,9.035041809082031,,9.570792198181152,15.956612586975098,20.142385482788086,7.835658073425293,13.299899101257324,,6.510345935821533,20.762161254882812,13.203848838806152
2005-01-10,9.075909614562988,,9.641956329345703,15.972538948059082,20.2158203125,7.835658073425293,13.380498886108398,,6.5440354347229,20.943614959716797,13.253849983215332
2005-01-11,8.98159122467041,,9.655635833740234,15.903545379638672,20.12234878540039,7.75902795791626,13.322924613952637,,6.524786949157715,20.79705810546875,13.169236183166504
2005-01-12,9.041329383850098,,9.8253173828125,15.882328033447266,20.149063110351562,7.801168918609619,13.363227844238281,,6.5440354347229,20.936634063720703,13.2461576461792
2005-01-13,9.006741523742676,,9.89100456237793,15.728436470031738,19.955448150634766,7.724541664123535,13.276866912841797,,6.575326919555664,20.622596740722656,13.150005340576172
2005-01-14,9.091625213623047,,9.978586196899414,15.781510353088379,20.08896827697754,7.747530460357666,13.351716995239258,,6.630683898925781,20.706335067749023,13.27308177947998
2005-01-18,9.126201629638672,,10.077113151550293,16.030908584594727,20.169086456298828,7.831829071044922,13.489892959594727,,6.688447952270508,20.873828887939453,13.38461685180664
2005-01-19,9.06333065032959,,10.041533470153809,15.87171459197998,20.00886344909668,7.667064666748047,13.466863632202148,,6.659567356109619,20.74122428894043,13.250009536743164
2005-01-20,9.01303482055664,,9.940266609191895,15.754971504211426,19.82860565185547,7.613428115844727,13.455347061157227,,6.637905597686768,20.636550903320312,13.011543273925781
2005-01-21,8.975311279296875,,9.962165832519531,15.675378799438477,19.70174789428711,7.559782981872559,13.34019660949707,,6.6114301681518555,20.49697494506836,12.965394020080566
2005-01-24,8.849559783935547,,10.049736976623535,15.680684089660645,19.64167022705078,7.498477458953857,13.288375854492188,,6.669193267822266,20.322498321533203,12.838469505310059
2005-01-25,8.896716117858887,,10.090794563293457,15.691290855407715,19.82860565185547,7.5099711418151855,13.34019660949707,,6.630683898925781,20.46207046508789,12.87308406829834
2005-01-26,8.912436485290527,,10.189318656921387,15.765583038330078,19.86865997314453,7.586605548858643,13.328682899475098,,6.726956367492676,20.58769989013672,12.942313194274902
2005-01-27,8.959589004516602,,10.279637336730957,15.685988426208496,19.92206382751465,7.578939437866211,13.403528213500977,,6.760652542114258,20.545822143554688,12.915389060974121
2005-01-28,8.950157165527344,,10.156478881835938,15.664766311645508,19.902027130126953,7.578939437866211,13.40928840637207,,6.767871856689453,20.378318786621094,12.853854179382324
2005-01-31,9.06019115447998,,10.276902198791504,15.850488662719727,20.162403106689453,7.6325836181640625,13.443835258483887,,6.84489107131958,20.41322135925293,12.9923095703125
2005-02-01,9.135639190673828,,10.45206356048584,16.020294189453125,20.222501754760742,7.678560733795166,13.44958782196045,,6.890617847442627,20.60862922668457,13.00385570526123
2005-02-02,9.229948997497559,,10.597115516662598,16.020294189453125,20.222501754760742,7.682392597198486,13.558984756469727,,6.9170918464660645,20.6923770904541,13.042313575744629
2005-02-03,9.176509857177734,,10.649113655090332,15.946002960205078,20.162403106689453,7.6325836181640625,13.535955429077148,,6.936347961425781,20.62956428527832,13.015388488769531
2005-02-04,9.28024959564209,,10.687424659729004,16.137033462524414,20.32932472229004,7.7628583908081055,13.610800743103027,,7.0037384033203125,20.8179931640625,13.134625434875488
2005-02-07,9.277100563049316,,10.616273880004883,16.15296173095703,20.315963745117188,7.739870548248291,13.582014083862305,,6.989295482635498,20.83196258544922,13.169236183166504
2005-02-08,9.277100563049316,,10.692907333374023,16.089279174804688,20.429458618164062,7.778184413909912,13.59929084777832,,7.030213832855225,20.88080406188965,13.138466835021973
2005-02-09,9.148212432861328,,10.673748016357422,16.046833038330078,20.2158203125,7.644076347351074,13.478377342224121,,6.989295482635498,20.65748405456543,12.9923095703125
2005-02-10,9.270817756652832,,10.966593742370605,16.094585418701172,20.309293746948242,7.65940523147583,13.472615242004395,,6.996517658233643,20.6923770904541,13.046156883239746
2005-02-11,9.361985206604004,,11.0623779296875,16.22195053100586,20.442819595336914,7.732205867767334,13.553224563598633,,7.001327037811279,20.9017391204834,13.111544609069824
2005-02-14,9.371413230895996,,11.076066970825195,16.19540786743164,20.422788619995117,7.747530460357666,13.558984756469727,,7.063908576965332,20.915706634521484,13.092314720153809
2005-02-15,9.421717643737793,,11.100699424743652,16.232555389404297,20.489553451538086,7.785845756530762,13.582014083862305,,7.051874160766602,20.908723831176758,13.196160316467285
2005-02-16,9.541180610656738,,11.412698745727539,16.121122360229492,20.54964256286621,7.75902795791626,13.616557121276855,,7.071126461029053,20.88080406188965,13.17308521270752
2005-02-17,9.506598472595215,,11.259431838989258,15.977843284606934,20.362699508666992,7.6325836181640625,13.530197143554688,,7.056685924530029,20.852886199951172,13.107698440551758
2005-02-18,9.613482475280762,,11.508489608764648,15.80803394317627,20.362699508666992,7.617252826690674,13.512928009033203,,6.9820780754089355,21.16693687438965,13.080778121948242
2005-02-22,9.468873977661133,,11.426383018493652,15.574555397033691,20.035560607910156,7.575108051300049,13.311410903930664,,6.816007614135742,20.915706634521484,12.82308292388916
2005-02-23,9.613482475280762,,11.571430206298828,15.717830657958984,20.062267303466797,7.552118301391602,13.345954895019531,,6.852107524871826,21.01340103149414,12.903852462768555
2005-02-24,9.7172269821167,,11.798591613769531,15.739054679870605,20.349349975585938,7.617252826690674,13.40928840637207,,6.905057907104492,21.17392349243164,12.915389060974121
2005-02-25,9.868122100830078,,12.088703155517578,15.898247718811035,20.516258239746094,7.667064666748047,13.455347061157227,,7.039836883544922,21.348388671875,12.976927757263184
2005-02-28,9.773813247680664,,12.001127243041992,15.744355201721191,20.396089553833008,7.644076347351074,13.426557540893555,,6.991705417633057,21.027359008789062,12.923083305358887
2005-03-01,9.78638744354248,,11.768486976623535,15.898247718811035,20.462846755981445,7.736033916473389,13.535955429077148,,7.010955810546875,21.19485092163086,13.069233894348145
2005-03-02,9.758094787597656,,11.940912246704102,15.850488662719727,20.522939682006836,7.716876983642578,13.501409530639648,,7.0037384033203125,21.215789794921875,13.076927185058594
2005-03-03,9.748662948608398,,12.137967109680176,15.823965072631836,20.569664001464844,7.65940523147583,13.593528747558594,,7.039836883544922,21.19485092163086,13.061542510986328
2005-03-04,10.053603172302246,,12.293972969055176,16.025598526000977,20.85674476623535,7.709214210510254,13.662620544433594,,7.150553226470947,21.39026641845703,13.17308521270752
2005-03-07,9.943571090698242,,12.209122657775879,16.025598526000977,20.956892013549805,7.766690254211426,13.62231731414795,,7.2010931968688965,21.439119338989258,13.184619903564453
2005-03-08,9.918425559997559,,12.195441246032715,15.999074935913086,20.94354248046875,7.701551914215088,13.558984756469727,,7.152955532073975,21.299537658691406,13.115392684936523
2005-03-09,9.9404296875,,11.858810424804688,15.802732467651367,20.716548919677734,7.686221599578857,13.461100578308105,,7.025394916534424,21.16693687438965,12.969240188598633
2005-03-10,9.814678192138672,,11.617962837219238,15.892935752868652,20.76327896118164,7.720708847045898,13.489892959594727,,7.071126461029053,21.243709564208984,12.9923095703125
2005-03-11,9.874408721923828,,11.713751792907715,15.754971504211426,20.709877014160156,7.621088027954102,13.386260986328125,,7.039836883544922,21.076208114624023,12.976927757263184
2005-03-14,9.871267318725586,,11.798591613769531,15.839866638183594,20.8233699798584,7.651740074157715,13.426557540893555,,7.148142337799072,21.11110496520996,12.996156692504883
2005-03-15,9.824110984802246,,11.634382247924805,15.733749389648438,20.709877014160156,7.575108051300049,13.345954895019531,,7.1168532371521,20.866853713989258,13.011543273925781
2005-03-16,9.613482475280762,,11.67270278930664,15.574555397033691,20.469524383544922,7.498477458953857,13.311410903930664,,7.051874160766602,20.664464950561523,12.934621810913086
2005-03-17,9.726653099060059,,11.875225067138672,15.532094955444336,20.462846755981445,7.494643211364746,13.357464790344238,,7.09278678894043,20.734251022338867,12.946159362792969
2005-03-18,9.725393295288086,,12.021864891052246,15.454750061035156,20.487632751464844,7.452497482299805,13.314689636230469,,7.071447372436523,20.713945388793945,12.872211456298828
2005-03-21,9.668611526489258,,11.917518615722656,15.316043853759766,20.55463218688965,7.452497482299805,13.239531517028809,,7.069021224975586,20.629920959472656,12.810580253601074
2005-03-22,9.63707160949707,,11.774726867675781,15.033293724060059,20.440736770629883,7.38735818862915,13.164365768432617,,6.9259419441223145,20.636917114257812,12.70273494720459
2005-03-23,9.542431831359863,,11.549551963806152,15.065311431884766,20.31344223022461,7.418011665344238,13.251094818115234,,6.891994476318359,20.860998153686523,12.660368919372559
2005-03-24,9.542431831359863,,11.541313171386719,14.99062728881836,20.413938522338867,7.421841621398926,13.245307922363281,,6.964746475219727,20.868003845214844,12.679621696472168
2005-03-28,9.48880386352539,,11.555049896240234,15.097314834594727,20.393840789794922,7.42950439453125,13.256871223449707,,6.976870059967041,20.85399627685547,12.768217086791992
2005-03-29,9.27745246887207,,11.368324279785156,15.04396915435791,20.058853149414062,7.372030735015869,13.227964401245117,,6.889565467834473,20.783977508544922,12.606443405151367
2005-03-30,9.435182571411133,,11.538569450378418,15.23068904876709,20.440736770629883,7.483150005340576,13.40141773223877,,7.001120567321777,21.11309814453125,12.810580253601074
2005-03-31,9.514044761657715,,11.771978378295898,15.145334243774414,20.38713836669922,7.494643211364746,13.308899879455566,,7.069021224975586,20.910018920898438,12.772067070007324
2005-04-01,9.485655784606934,,12.063051223754883,14.937276840209961,20.19284439086914,7.42950439453125,13.18171215057373,,7.093271255493164,20.727947235107422,12.671924591064453
2005-04-04,9.428869247436523,,11.958707809448242,15.04396915435791,20.17275047302246,7.456327438354492,13.256871223449707,,7.112672328948975,20.832984924316406,12.706591606140137
2005-04-05,9.447795867919922,,11.807677268981934,15.086649894714355,20.27324867248535,7.471654891967773,13.355157852172852,,7.153899192810059,21.253149032592773,12.783620834350586
2005-04-06,9.495115280151367,,11.994403839111328,15.188005447387695,20.279953002929688,7.4601593017578125,13.320470809936523,,7.132073879241943,21.267152786254883,12.729701042175293
2005-04-07,9.599210739135742,,11.947711944580078,15.246685028076172,20.44744300842285,7.559782981872559,13.412971496582031,,7.197549343109131,21.484237670898438,12.787477493286133
2005-04-08,9.460413932800293,,11.730792045593262,15.107978820800781,20.23974609375,7.50614070892334,13.349377632141113,,7.141777038574219,21.330177307128906,12.687326431274414
2005-04-11,9.428869247436523,,11.8186616897583,15.13999080657959,20.279953002929688,7.463992118835449,13.384062767028809,,7.212100505828857,21.309165954589844,12.617996215820312
2005-04-12,9.419405937194824,,11.631932258605957,15.348043441772461,20.440736770629883,7.5099711418151855,13.436094284057617,,7.280001163482666,21.44922637939453,12.737401008605957
2005-04-13,9.157577514648438,,11.34635066986084,15.123987197875977,20.085651397705078,7.4026899337768555,13.372492790222168,,7.229074001312256,21.547256469726562,12.544816017150879
2005-04-14,8.902064323425293,,11.340861320495605,14.953278541564941,19.78416633605957,7.29923152923584,13.343595504760742,,7.1611738204956055,21.463232040405273,12.37149429321289
2005-04-15,8.681246757507324,,10.909743309020996,14.793233871459961,19.395584106445312,7.076997756958008,13.216398239135742,,7.035069942474365,21.568269729614258,12.121138572692871
2005-04-18,8.820046424865723,,11.107452392578125,14.915940284729004,19.45588493347168,7.084662437438965,13.129681587219238,,7.0617451667785645,21.421213150024414,12.144248962402344
2005-04-19,8.927301406860352,,11.368324279785156,14.937276840209961,19.54298210144043,7.172786712646484,13.164365768432617,,7.1611738204956055,21.407207489013672,12.159655570983887
2005-04-20,8.779037475585938,,11.134912490844727,14.750561714172363,19.341989517211914,7.107652187347412,12.996709823608398,,7.0981221199035645,21.141109466552734,11.959364891052246
2005-04-21,8.943074226379395,,11.5193510055542,14.835921287536621,19.85786247253418,7.29923152923584,13.216398239135742,,7.1611738204956055,21.42820930480957,12.255945205688477
2005-04-22,8.85789966583252,,11.544059753417969,14.798568725585938,19.623376846313477,7.21110725402832,13.077648162841797,,7.207250595092773,21.351179122924805,12.071067810058594
2005-04-25,8.946224212646484,,11.706074714660645,14.9852876663208,19.85786247253418,7.260913848876953,13.216398239135742,,7.2557501792907715,21.400203704833984,12.178913116455078
2005-04-26,8.775883674621582,,11.51385498046875,14.899931907653809,19.6032772064209,7.21110725402832,13.118114471435547,,7.163599491119385,21.267152786254883,12.094178199768066
2005-04-27,8.690712928771973,,11.217291831970215,15.107978820800781,19.630069732666016,7.237926483154297,13.164365768432617,,7.216951847076416,21.42820930480957,12.10958194732666
2005-04-28,8.621312141418457,,10.992127418518066,14.942606925964355,19.41568946838379,7.165126800537109,13.135464668273926,,7.185422420501709,21.323177337646484,11.93241024017334
2005-04-29,8.835817337036133,,11.134912490844727,15.171998977661133,19.643468856811523,7.230260848999023,13.170154571533203,,7.287278175354004,21.63829231262207,11.959364891052246
2005-05-02,8.908371925354004,,11.335369110107422,15.209344863891602,19.75066375732422,7.22260046005249,13.268436431884766,,7.306677341461182,21.729328155517578,12.020994186401367
2005-05-03,8.965152740478516,,11.069013595581055,15.225353240966797,19.60997772216797,7.272408485412598,13.326252937316895,,7.270304203033447,21.715328216552734,12.067211151123047
2005-05-04,9.10395336151123,,11.198073387145996,15.518755912780762,19.837764739990234,7.3222222328186035,13.412971496582031,,7.277575492858887,21.932405471801758,12.325270652770996
2005-05-05,9.050326347351074,,11.318894386291504,15.449409484863281,19.737268447875977,7.310723781585693,13.38984489440918,,7.248475551605225,21.925403594970703,12.252089500427246
2005-05-06,9.072407722473145,,11.285938262939453,15.337382316589355,19.81766700744629,7.329885959625244,13.337815284729004,,7.231499671936035,21.82736587524414,12.252089500427246
2005-05-09,9.05979061126709,,11.436969757080078,15.470749855041504,19.95166015625,7.360538482666016,13.418750762939453,,7.2921271324157715,21.988422393798828,12.321420669555664
2005-05-10,8.92414665222168,,11.2447509765625,15.268026351928711,19.717174530029297,7.283908367156982,13.343595504760742,,7.238776206970215,21.84837532043457,12.171209335327148
2005-05-11,8.933611869812012,,11.31340503692627,15.337382316589355,19.85786247253418,7.318393230438232,13.38984489440918,,7.272724628448486,21.939403533935547,12.167357444763184
2005-05-12,8.690712928771973,,10.819132804870605,15.19333553314209,19.643468856811523,7.326058864593506,13.326252937316895,,7.1902689933776855,21.911399841308594,12.105731964111328
2005-05-13,8.520367622375488,,10.654366493225098,15.059974670410156,19.54298210144043,7.418011665344238,13.210618019104004,,7.073873996734619,21.76435089111328,12.098029136657715
2005-05-16,8.558220863342285,,10.607687950134277,15.326716423034668,19.81766700744629,7.486982822418213,13.337815284729004,,7.1199493408203125,22.02345085144043,12.248242378234863
2005-05-17,8.678096771240234,,10.797161102294922,15.422740936279297,19.95166015625,7.5138044357299805,13.407196998596191,,7.202400207519531,22.009437561035156,12.352234840393066
2005-05-18,8.898909568786621,,10.775193214416504,15.604120254516602,20.25315284729004,7.621088027954102,13.534382820129395,,7.204824447631836,22.058456420898438,12.594890594482422
2005-05-19,8.854743957519531,,10.970155715942383,15.620121002197266,20.279953002929688,7.663232326507568,13.615321159362793,,7.246048927307129,22.05145263671875,12.695033073425293
2005-05-20,8.797964096069336,,10.887779235839844,15.604120254516602,20.27324867248535,7.674728870391846,13.59797477722168,,7.243624210357666,22.03745460510254,12.660368919372559
2005-05-23,8.867364883422852,,11.069013595581055,15.625462532043457,20.413938522338867,7.701551914215088,13.621103286743164,,7.216951847076416,22.079458236694336,12.741250991821289
2005-05-24,8.838973999023438,,11.115686416625977,15.572111129760742,20.360340118408203,7.739870548248291,13.59797477722168,,7.216951847076416,22.10746955871582,12.718137741088867
2005-05-25,8.747493743896484,,11.285938262939453,15.518755912780762,20.1861515045166,7.705381870269775,13.551726341247559,,7.236353397369385,21.967424392700195,12.679621696472168
2005-05-26,8.813737869262695,,11.34360408782959,15.620121002197266,20.333538055419922,7.793506622314453,13.563287734985352,,7.2557501792907715,22.05145263671875,12.745105743408203
2005-05-27,8.842129707336426,,11.5330810546875,15.646797180175781,20.32013702392578,7.782013416290283,13.522822380065918,,7.284855365753174,21.981422424316406,12.745105743408203
2005-05-31,8.779037475585938,,11.445205688476562,15.620121002197266,20.266536712646484,7.732205867767334,13.476563453674316,,7.282426834106445,21.911399841308594,12.698884963989258
2005-06-01,8.911528587341309,,11.662137985229492,15.74282455444336,20.340246200561523,7.808835029602051,13.569067001342773,,7.377002239227295,21.967424392700195,12.752806663513184
2005-06-02,8.883134841918945,,11.640172958374023,15.700140953063965,20.340246200561523,7.843321800231934,13.603757858276367,,7.367300510406494,21.967424392700195,12.81828784942627
2005-06-03,8.864208221435547,,11.706074714660645,15.620121002197266,20.2464542388916,7.75902795791626,13.493915557861328,,7.391552448272705,21.890398025512695,12.725844383239746
2005-06-06,8.838973999023438,,11.741772651672363,15.657462120056152,20.259845733642578,7.747530460357666,13.499692916870117,,7.384279727935791,21.89739990234375,12.745105743408203
2005-06-07,8.89260196685791,,11.629188537597656,15.646797180175781,20.34693717956543,7.716876983642578,13.551726341247559,,7.401253700256348,21.904407501220703,12.76436710357666
2005-06-08,8.832664489746094,,11.662137985229492,15.657462120056152,20.21965217590332,7.732205867767334,13.517040252685547,,7.415805339813232,21.750337600708008,12.71043586730957
2005-06-09,8.794808387756348,,11.99989128112793,15.705480575561523,20.226348876953125,7.770521640777588,13.522822380065918,,7.423080921173096,21.84137725830078,12.760510444641113
2005-06-10,8.873672485351562,,11.986166000366211,15.657462120056152,20.19955825805664,7.72837495803833,13.511255264282227,,7.449753284454346,21.792348861694336,12.760510444641113
2005-06-13,8.930453300476074,,12.032852172851562,15.657462120056152,20.23303985595703,7.75902795791626,13.557511329650879,,7.48128080368042,21.883394241333008,12.77977180480957
2005-06-14,8.946224212646484,,12.106986999511719,15.700140953063965,20.1861515045166,7.7130446434021,13.534382820129395,,7.500678539276123,22.072467803955078,12.914572715759277
2005-06-15,9.031397819519043,,12.252521514892578,15.737486839294434,20.206241607666016,7.75902795791626,13.540167808532715,,7.464306831359863,21.988422393798828,12.914572715759277
2005-06-16,9.1260347366333,,12.425518989562988,15.817505836486816,20.226348876953125,7.774349689483643,13.499692916870117,,7.452175617218018,22.128488540649414,12.941537857055664
2005-06-17,9.129523277282715,,12.62687873840332,15.900688171386719,20.390899658203125,7.778184413909912,13.5357084274292,,7.547285079956055,22.238059997558594,12.995152473449707
2005-06-20,9.034421920776367,,12.640650749206543,15.863117218017578,20.317018508911133,7.766690254211426,13.529900550842285,,7.561953067779541,22.209959030151367,13.0028715133667
2005-06-21,8.986870765686035,,12.373458862304688,15.922155380249023,20.310300827026367,7.801168918609619,13.500852584838867,,7.5717339515686035,22.174833297729492,13.01058292388916
2005-06-22,8.977362632751465,,12.445076942443848,15.900688171386719,20.209550857543945,7.816500663757324,13.512473106384277,,7.640191555023193,22.097578048706055,13.006725311279297
2005-06-23,8.764971733093262,,12.456093788146973,15.755792617797852,19.799863815307617,7.755187511444092,13.343998908996582,,7.662190914154053,21.950077056884766,12.779145240783691
2005-06-24,8.666703224182129,,12.378961563110352,15.728960037231445,19.67224884033203,7.65940523147583,13.210393905639648,,7.608409881591797,21.844715118408203,12.66728687286377
2005-06-27,8.644516944885254,,12.569031715393066,15.723593711853027,19.64537811279297,7.598095893859863,13.19876766204834,,7.654858112335205,21.753408432006836,12.609428405761719
2005-06-28,8.7808198928833,,12.334893226623535,15.84166145324707,19.987913131713867,7.693887710571289,13.367237091064453,,7.730649471282959,21.971153259277344,12.786864280700684
2005-06-29,8.742781639099121,,12.32387924194336,15.916788101196289,19.86030387878418,7.705381870269775,13.33238410949707,,7.708645343780518,21.94304847717285,12.709715843200684
2005-06-30,8.603307723999023,,12.243990898132324,15.814826011657715,19.732696533203125,7.6325836181640625,13.216198921203613,,7.715980052947998,21.795541763305664,12.644139289855957
2005-07-01,8.596963882446289,,12.516694068908691,15.830915451049805,19.799863815307617,7.651740074157715,13.262672424316406,,7.786882400512695,21.767440795898438,12.675004959106445
2005-07-05,8.619161605834961,,12.89130973815918,15.95971965789795,19.86030387878418,7.701551914215088,13.338186264038086,,7.801548957824707,21.844715118408203,12.794574737548828
2005-07-06,8.590629577636719,,12.659930229187012,15.84166145324707,19.638669967651367,7.682392597198486,13.210393905639648,,7.669528484344482,21.704233169555664,12.678855895996094
2005-07-07,8.609648704528809,,12.822454452514648,15.87385082244873,19.685678482055664,7.697717189788818,13.187151908874512,,7.730649471282959,21.697208404541016,12.717432022094727
2005-07-08,8.777654647827148,,12.737058639526367,16.034849166870117,20.02821159362793,7.835658073425293,13.361432075500488,,7.821109294891357,21.957107543945312,12.91415786743164
2005-07-11,8.898110389709473,,12.830707550048828,16.104610443115234,20.061800003051758,7.916121959686279,13.4369478225708,,7.865114688873291,22.02734375,12.9835844039917
2005-07-12,8.875925064086914,,12.946405410766602,16.104610443115234,19.954336166381836,7.9582719802856445,13.448564529418945,,7.887117862701416,22.013290405273438,13.068441390991211
2005-07-13,8.847394943237305,,12.872032165527344,16.174375534057617,20.01477813720703,7.992755889892578,13.500852584838867,,7.909121513366699,21.893877029418945,13.03372573852539
2005-07-14,8.86007308959961,,12.563518524169922,16.254871368408203,20.196125030517578,8.06171989440918,13.576371192932129,,7.8308916091918945,22.02734375,13.103155136108398
2005-07-15,8.844228744506836,,12.497411727905273,16.297809600830078,20.169260025024414,8.057892799377441,13.570571899414062,,7.828445911407471,22.132709503173828,13.157159805297852
2005-07-18,8.825206756591797,,12.445076942443848,16.126073837280273,20.128957748413086,8.011913299560547,13.506664276123047,,7.8235578536987305,21.99924087524414,13.168734550476074
2005-07-19,8.967853546142578,,12.712265968322754,16.120710372924805,20.296873092651367,8.130691528320312,13.483429908752441,,7.8308916091918945,22.00625991821289,13.249733924865723
2005-07-20,9.107329368591309,,12.72604751586914,16.179746627807617,20.53194236755371,8.103873252868652,13.5357084274292,,7.872453212738037,22.32235336303711,13.29987907409668
2005-07-21,9.06295394897461,,12.602086067199707,16.093870162963867,20.424482345581055,8.05023193359375,13.483429908752441,,7.730649471282959,22.083541870117188,13.269022941589355
2005-07-22,9.120015144348145,,13.053833961486816,16.179746627807617,20.48492431640625,8.031071662902832,13.524097442626953,,7.774655342102051,22.05542755126953,13.334592819213867
2005-07-25,9.04393482208252,,13.175029754638672,16.115346908569336,20.33716583251953,7.988922595977783,13.477616310119629,,7.777100086212158,21.921981811523438,13.230451583862305
2005-07-26,8.917132377624512,,13.144735336303711,16.136804580688477,20.43791389465332,8.05023193359375,13.54732894897461,,7.803995609283447,22.02734375,13.33845043182373
2005-07-27,9.012234687805176,,13.210844993591309,16.15826988220215,20.518510818481445,8.103873252868652,13.582185745239258,,7.8382248878479,22.23103904724121,13.373163223266602
2005-07-28,9.113673210144043,,13.249404907226562,16.20656967163086,20.632680892944336,8.107697486877441,13.698375701904297,,7.887117862701416,22.441749572753906,13.508169174194336
2005-07-29,9.0787992477417,,13.111679077148438,16.061677932739258,20.48492431640625,8.065556526184082,13.640277862548828,,7.88956356048584,22.2872314453125,13.361591339111328
2005-08-01,9.034421920776367,,13.249404907226562,16.061677932739258,20.471494674682617,8.069389343261719,13.570571899414062,,7.786882400512695,22.39962387084961,13.365453720092773
2005-08-02,9.170733451843262,,13.469768524169922,16.179746627807617,20.444623947143555,8.149848937988281,13.617044448852539,,7.967799186706543,22.483903884887695,13.431025505065918
2005-08-03,9.208772659301758,,13.403665542602539,16.201202392578125,20.404329299926758,8.203492164611816,13.646090507507324,,7.989805221557617,22.54009246826172,13.373163223266602
2005-08-04,9.110499382019043,,13.431209564208984,16.08850860595703,20.270000457763672,8.126859664916992,13.529900550842285,,7.938465595245361,22.31532096862793,13.25744915008545
2005-08-05,9.06295394897461,,13.329289436340332,15.906055450439453,20.162548065185547,8.107697486877441,13.442760467529297,,7.801548957824707,22.160799026489258,13.157159805297852
2005-08-08,9.06295394897461,,13.522099494934082,15.84166145324707,20.115522384643555,8.04256534576416,13.419528007507324,,7.642635822296143,22.076507568359375,13.126298904418945
2005-08-09,9.120015144348145,,13.491806983947754,15.943613052368164,20.26329231262207,8.103873252868652,13.442760467529297,,7.72331428527832,22.329370498657227,13.272880554199219
2005-08-10,9.148541450500488,,13.71217155456543,15.927519798278809,20.24986457824707,8.011913299560547,13.419528007507324,,7.720870018005371,22.294252395629883,13.265164375305176
2005-08-11,9.22462272644043,,13.844391822814941,15.986550331115723,20.417762756347656,8.073220252990723,13.454384803771973,,7.767322063446045,22.427711486816406,13.323022842407227
2005-08-12,9.158053398132324,,13.819604873657227,15.943613052368164,20.330455780029297,7.965934753417969,13.407902717590332,,7.759989261627197,22.3012752532959,13.288307189941406
2005-08-15,9.151710510253906,,13.684625625610352,16.01874542236328,20.370744705200195,8.00808334350586,13.471808433532715,,7.789328098297119,22.31532096862793,13.384740829467773
2005-08-16,8.974193572998047,,13.384378433227539,15.911421775817871,20.135679244995117,7.931448936462402,13.338186264038086,,7.667082786560059,22.160799026489258,13.107013702392578
2005-08-17,8.96468448638916,,13.075861930847168,15.948983192443848,20.189409255981445,8.000417709350586,13.33238410949707,,7.659752368927002,22.202939987182617,13.184162139892578
2005-08-18,8.888604164123535,,13.048320770263672,15.938248634338379,20.10209846496582,7.946775436401367,13.483429908752441,,7.689085483551025,22.209959030151367,13.130159378051758
2005-08-19,8.907623291015625,,13.271446228027344,15.965082168579102,20.182695388793945,7.954441070556641,13.46600341796875,,7.735536098480225,22.05542755126953,13.064586639404297
2005-08-22,8.910795211791992,,13.304492950439453,16.00800895690918,20.22298812866211,7.969766616821289,13.506664276123047,,7.786882400512695,22.05542755126953,13.056868553161621
2005-08-23,8.764971733093262,,13.279702186584473,15.906055450439453,20.128957748413086,7.965934753417969,13.471808433532715,,7.8504462242126465,21.914955139160156,13.01443862915039
2005-08-24,8.68255615234375,,13.406415939331055,15.723593711853027,19.96776580810547,7.916121959686279,13.349808692932129,,7.8137736320495605,21.844715118408203,12.921867370605469
2005-08-25,8.688896179199219,,13.37060546875,15.804098129272461,20.001352310180664,7.919954776763916,13.367237091064453,,7.872453212738037,21.872817993164062,12.956583023071289
2005-08-26,8.644516944885254,,13.219103813171387,15.637735366821289,19.89388656616211,7.893136024475098,13.33238410949707,,7.860226631164551,21.795541763305664,12.902580261230469
2005-08-29,8.698405265808105,,13.326534271240234,15.76116943359375,20.01477813720703,7.946775436401367,13.425332069396973,,7.892014026641846,22.013290405273438,12.941153526306152
2005-08-30,8.615984916687012,,13.574444770812988,15.62163257598877,19.853580474853516,7.946775436401367,13.355622291564941,,7.879786014556885,21.985191345214844,12.810004234313965
2005-08-31,8.698405265808105,,13.949068069458008,15.79872989654541,20.001352310180664,7.988922595977783,13.402097702026367,,7.940904140472412,22.209959030151367,12.921867370605469
2005-09-01,8.723764419555664,,14.312666893005371,15.836292266845703,19.92075538635254,7.969766616821289,13.384672164916992,,8.065593719482422,22.216976165771484,12.794574737548828
2005-09-02,8.717424392700195,,14.034453392028809,15.825555801391602,19.987913131713867,7.946775436401367,13.407902717590332,,8.06804370880127,22.202939987182617,12.748290061950684
2005-09-06,8.777654647827148,,14.133618354797363,16.01874542236328,20.22298812866211,8.038735389709473,13.553140640258789,,8.14383316040039,22.554141998291016,12.968154907226562
2005-09-07,8.83154296875,,14.155654907226562,15.981184005737305,20.3035831451416,8.038735389709473,13.564764976501465,,8.148720741271973,22.701650619506836,13.060730934143066
2005-09-08,8.783994674682617,,14.174938201904297,15.889951705932617,20.189409255981445,8.057892799377441,13.512473106384277,,8.077817916870117,22.68760108947754,12.937294006347656
2005-09-09,8.875925064086914,,14.544050216674805,16.02948570251465,20.3035831451416,8.065556526184082,13.570571899414062,,8.173168182373047,22.764860153198242,13.04529857635498
2005-09-12,8.898110389709473,,14.246557235717773,16.077775955200195,20.431188583374023,8.084714889526367,13.599614143371582,,8.16583251953125,22.68760108947754,13.080015182495117
2005-09-13,8.803014755249023,,14.125353813171387,15.943613052368164,20.34388542175293,8.092378616333008,13.471808433532715,,8.094937324523926,22.448776245117188,12.891008377075195
2005-09-14,8.834715843200684,,14.301640510559082,15.927519798278809,20.189409255981445,8.00808334350586,13.384672164916992,,8.124274253845215,22.385570526123047,12.771432876586914
2005-09-15,8.809354782104492,,14.301640510559082,15.938248634338379,20.162548065185547,7.988922595977783,13.4369478225708,,8.20006275177002,22.37152671813965,12.794574737548828
2005-09-16,8.870552062988281,,14.441980361938477,16.166030883789062,20.30280113220215,8.038735389709473,13.474902153015137,,8.274209976196289,22.54482650756836,12.805780410766602
2005-09-19,8.806801795959473,,14.823188781738281,16.020294189453125,20.033077239990234,7.973598480224609,13.393165588378906,,8.249574661254883,22.382789611816406,12.651217460632324
2005-09-20,8.672935485839844,,14.682310104370117,15.933938980102539,19.898218154907227,7.94294548034668,13.31142520904541,,8.217552185058594,22.21369743347168,12.430959701538086
2005-09-21,8.57412338256836,,14.889491081237793,15.669445991516113,19.83079719543457,7.847154140472412,13.147955894470215,,8.074678421020508,22.108022689819336,12.233888626098633
2005-09-22,8.625123023986816,,14.778995513916016,15.78819751739502,19.911710739135742,7.877804756164551,13.247212409973145,,8.030342102050781,22.1573429107666,12.430959701538086
2005-09-23,8.631500244140625,,14.519330024719238,15.842167854309082,20.06004524230957,7.8816399574279785,13.270560264587402,,8.050048828125,22.171428680419922,12.47733211517334
2005-09-26,8.621932983398438,,14.784516334533691,15.75581169128418,20.033077239990234,7.870141983032227,13.223848342895508,,8.116557121276855,22.136201858520508,12.461873054504395
2005-09-27,8.621932983398438,,14.795572280883789,15.80978775024414,20.140972137451172,7.843321800231934,13.363974571228027,,8.119020462036133,22.009387969970703,12.458011627197266
2005-09-28,8.647435188293457,,14.917116165161133,15.680240631103516,20.147708892822266,7.893136024475098,13.381494522094727,,8.202775955200195,22.023487091064453,12.345948219299316
2005-09-29,8.698430061340332,,15.06076431274414,15.971719741821289,20.24211311340332,7.954441070556641,13.498262405395508,,8.284065246582031,22.07279396057129,12.469600677490234
2005-09-30,8.76536750793457,,14.82595443725586,15.933938980102539,20.336511611938477,8.00808334350586,13.591660499572754,,8.276668548583984,22.08687973022461,12.554610252380371
2005-10-03,8.730306625366211,,14.787273406982422,15.896148681640625,20.215133666992188,7.996589183807373,13.574151992797852,,8.37027645111084,22.108022689819336,12.519837379455566
2005-10-04,8.634690284729004,,14.254135131835938,15.69643497467041,20.033077239990234,7.9237847328186035,13.515769004821777,,8.224942207336426,22.199621200561523,12.434823989868164
2005-10-05,8.437066078186035,,13.707170486450195,15.631664276123047,19.783592224121094,7.812667369842529,13.42236328125,,7.986000061035156,21.833255767822266,12.226161003112793
2005-10-06,8.392444610595703,,13.381203651428223,15.67483901977539,19.918455123901367,7.724541664123535,13.346460342407227,,7.880082607269287,21.6853084564209,12.237750053405762
2005-10-07,8.475313186645508,,13.68231201171875,15.728824615478516,20.093759536743164,7.74370002746582,13.334792137145996,,7.949052333831787,21.6641788482666,12.249346733093262
2005-10-10,8.430691719055176,,13.475122451782227,15.561498641967773,19.93867301940918,7.690056800842285,13.288080215454102,,7.808646202087402,21.635990142822266,12.15660572052002
2005-10-11,8.440253257751465,,13.798334121704102,15.51291561126709,19.83079719543457,7.6325836181640625,13.288080215454102,,7.825888156890869,21.452816009521484,12.110236167907715
2005-10-12,8.373315811157227,,13.5331392288208,15.44274616241455,19.83079719543457,7.582770347595215,13.241369247436523,,7.678091049194336,21.502138137817383,11.974992752075195
2005-10-13,8.36057186126709,,13.165739059448242,15.51831340789795,19.803815841674805,7.636414051055908,13.206338882446289,,7.5155134201049805,21.607810974121094,12.009769439697266
2005-10-14,8.389252662658691,,13.353577613830566,15.691036224365234,19.9791316986084,7.667064666748047,13.282238960266113,,7.601728439331055,21.70644760131836,12.129555702209473
2005-10-17,8.453006744384766,,13.51932430267334,15.707228660583496,20.01959991455078,7.65940523147583,13.428193092346191,,7.68548059463501,21.699398040771484,12.15274429321289
2005-10-18,8.36375617980957,,12.89226245880127,15.583083152770996,19.878000259399414,7.644076347351074,13.32894229888916,,7.557385444641113,21.671218872070312,12.025226593017578
2005-10-19,8.433878898620605,,13.1823091506958,15.896148681640625,20.140972137451172,7.739870548248291,13.469062805175781,,7.577092170715332,21.88257598876953,12.253207206726074
2005-10-20,8.376505851745605,,12.582860946655273,15.75581169128418,19.88473892211914,7.682392597198486,13.363974571228027,,7.377566814422607,21.431684494018555,12.10250186920166
2005-10-21,8.453006744384766,,12.712695121765137,15.847570419311523,19.749876022338867,7.72837495803833,13.352300643920898,,7.476099014282227,21.29782485961914,12.087052345275879
2005-10-24,8.647435188293457,,13.165739059448242,16.1606388092041,20.053308486938477,7.827996730804443,13.469062805175781,,7.668240547180176,21.473939895629883,12.29571533203125
2005-10-25,8.641063690185547,,13.439210891723633,16.068876266479492,20.02633285522461,7.774349689483643,13.42236328125,,7.678091049194336,21.340087890625,12.206842422485352
2005-10-26,8.711180686950684,,13.359106063842773,16.17683219909668,19.851022720336914,7.755187511444092,13.381494522094727,,7.58448600769043,21.072362899780273,12.133419036865234
2005-10-27,8.621932983398438,,12.980656623840332,16.08506965637207,19.675704956054688,7.670897960662842,13.25304889678955,,7.4982686042785645,20.994873046875,11.889984130859375
2005-10-28,8.758988380432129,,13.334244728088379,16.360342025756836,19.992626190185547,7.74370002746582,13.474902153015137,,7.648530960083008,21.31191635131836,12.098641395568848
2005-10-31,8.784493446350098,,13.486176490783691,16.419713973999023,20.046560287475586,7.824160575866699,13.527446746826172,,7.7470574378967285,21.41054344177246,12.299577713012695
2005-11-01,8.813175201416016,,13.569050788879395,16.360342025756836,19.98587417602539,7.808835029602051,13.451546669006348,,7.59433650970459,21.347139358520508,12.307307243347168
2005-11-02,8.91836166381836,,13.834249496459961,16.495288848876953,20.188154220581055,7.896964073181152,13.486577033996582,,7.623898983001709,21.347139358520508,12.523697853088379
2005-11-03,8.88967514038086,,14.096674919128418,16.506086349487305,20.275815963745117,7.969766616821289,13.539132118225098,,7.618973255157471,21.480989456176758,12.527567863464355
2005-11-04,8.876930236816406,,13.674030303955078,16.5330753326416,20.28929901123047,8.004249572753906,13.533286094665527,,7.6091179847717285,21.59372329711914,12.573933601379395
2005-11-07,8.924739837646484,,13.436450958251953,16.67341423034668,20.36347770690918,8.01957893371582,13.562475204467773,,7.589414119720459,21.635990142822266,12.674406051635742
2005-11-08,8.880111694335938,,13.549721717834473,16.624834060668945,20.235363006591797,8.023406028747559,13.521608352661133,,7.586945533752441,21.5866756439209,12.531428337097168
2005-11-09,8.870552062988281,,13.425408363342285,16.668006896972656,20.282560348510742,8.015742301940918,13.544963836669922,,7.653458118438721,21.607810974121094,12.527567863464355
2005-11-10,8.994861602783203,,13.00827407836914,17.002668380737305,20.5455379486084,8.084714889526367,13.702597618103027,,7.616509914398193,21.889619827270508,12.716906547546387
2005-11-11,9.119169235229492,,13.113245964050293,17.06203842163086,20.58599853515625,8.103873252868652,13.720115661621094,,7.547534465789795,21.89666748046875,12.755545616149902
2005-11-14,9.208417892456055,,13.1823091506958,17.072839736938477,20.626453399658203,8.111536026000977,13.667567253112793,,7.4982686042785645,21.748716354370117,12.763282775878906
2005-11-15,9.182920455932617,,13.204414367675781,16.91629981994629,20.61971092224121,8.084714889526367,13.597506523132324,,7.5130486488342285,21.861434936523438,12.573933601379395
2005-11-16,9.1988525390625,,13.54694938659668,16.824546813964844,20.69388198852539,8.115365028381348,13.632538795471191,,7.582021713256836,21.819168090820312,12.566207885742188
2005-11-17,9.313602447509766,,13.54142951965332,17.024261474609375,20.88942527770996,8.211158752441406,13.626700401306152,,7.692870140075684,21.931888580322266,12.732364654541016
2005-11-18,9.339098930358887,,13.54694938659668,17.110633850097656,21.105195999145508,8.257137298583984,13.661730766296387,,7.678091049194336,22.023487091064453,12.817373275756836
2005-11-21,9.39966106414795,,13.883967399597168,17.191593170166016,21.226566314697266,8.253301620483398,13.679244041442871,,7.695335388183594,22.065750122070312,12.863748550415039
2005-11-22,9.428351402282715,,14.104959487915039,17.342721939086914,21.280513763427734,8.3069429397583,13.77265739440918,,7.695335388183594,21.93894386291504,12.921707153320312
2005-11-23,9.412409782409668,,14.052480697631836,17.47766876220703,21.30748176574707,8.352925300598145,13.825200080871582,,7.7914018630981445,21.99530601501465,13.014447212219238
2005-11-25,9.466602325439453,,14.08839225769043,17.51545524597168,21.314224243164062,8.3759183883667,13.836880683898926,,7.820960521697998,22.023487091064453,13.014447212219238
2005-11-28,9.441096305847168,,13.613248825073242,17.434494018554688,21.199596405029297,8.345256805419922,13.77265739440918,,7.7914018630981445,21.790983200073242,12.894658088684082
2005-11-29,9.527159690856934,,13.635346412658691,17.423694610595703,21.246801376342773,8.345256805419922,13.760987281799316,,7.811110973358154,21.812122344970703,12.875340461730957
2005-11-30,9.457032203674316,,13.687830924987793,17.202383041381836,21.213085174560547,8.318442344665527,13.650053024291992,,7.734744548797607,21.671218872070312,12.790326118469238
2005-12-01,9.641908645629883,,14.12153434753418,17.294151306152344,21.4490909576416,8.444887161254883,13.743467330932617,,7.764303684234619,21.889619827270508,12.937166213989258
2005-12-02,9.600468635559082,,14.13534164428711,17.33193016052246,21.3681697845459,8.43722152709961,13.737627983093262,,7.776622772216797,21.967119216918945,12.979668617248535
2005-12-05,9.625970840454102,,14.234795570373535,17.299545288085938,21.253536224365234,8.395074844360352,13.685078620910645,,7.771693706512451,22.009387969970703,12.902385711669922
2005-12-06,9.696094512939453,,14.295570373535156,17.24557113647461,21.341196060180664,8.406567573547363,13.673402786254883,,7.749524116516113,21.967119216918945,12.941027641296387
2005-12-07,9.670592308044434,,14.243083000183105,17.105228424072266,21.186107635498047,8.391244888305664,13.638374328613281,,7.712575912475586,21.875530242919922,12.929430961608887
2005-12-08,9.654656410217285,,14.494466781616211,17.094436645507812,21.09170913696289,8.329935073852539,13.615018844604492,,7.793866157531738,21.95302391052246,12.875340461730957
2005-12-09,9.629152297973633,,14.314902305603027,17.218578338623047,21.20634651184082,8.360589027404785,13.638374328613281,,7.88254451751709,21.9812068939209,12.894658088684082
2005-12-12,9.629152297973633,,14.499991416931152,17.14301872253418,21.213085174560547,8.38357925415039,13.667567253112793,,7.808646202087402,21.98826026916504,12.910110473632812
2005-12-13,9.715216636657715,,14.439214706420898,17.364307403564453,21.23331069946289,8.35676097869873,13.836880683898926,,7.924416542053223,22.22779655456543,12.968077659606934
2005-12-14,9.661027908325195,,14.613242149353027,17.429088592529297,21.41537857055664,8.36825180053711,13.95364761352539,,8.01309585571289,22.29119873046875,13.033767700195312
2005-12-15,9.610030174255371,,14.497223854064941,17.33193016052246,21.4490909576416,8.333768844604492,13.977002143859863,,8.030342102050781,22.354610443115234,13.006722450256348
2005-12-16,9.573409080505371,,14.14465618133545,17.374311447143555,21.483001708984375,8.321423530578613,13.965262413024902,,8.029850959777832,22.406909942626953,12.976036071777344
2005-12-19,9.528433799743652,,14.028321266174316,17.222192764282227,21.272716522216797,8.221117973327637,13.941795349121094,,7.922979354858398,22.604827880859375,12.83621883392334
2005-12-20,9.493096351623535,,14.219429969787598,17.298246383666992,21.286283493041992,8.190255165100098,13.859642028808594,,7.935405731201172,22.57655143737793,12.809030532836914
2005-12-21,9.676209449768066,,14.249898910522461,17.347143173217773,21.39481544494629,8.19797134399414,13.900721549987793,,7.863335609436035,22.647247314453125,12.820679664611816
2005-12-22,9.775802612304688,,14.233280181884766,17.466663360595703,21.557615280151367,8.236552238464355,13.912458419799805,,7.898128509521484,22.795679092407227,12.824565887451172
2005-12-23,9.804710388183594,,14.194494247436523,17.48839569091797,21.598310470581055,8.251982688903809,13.888978958129883,,7.913039207458496,22.82395362854004,12.847869873046875
2005-12-27,9.743672370910645,,13.776285171508789,17.352575302124023,21.408384323120117,8.182538986206055,13.795095443725586,,7.898128509521484,22.640165328979492,12.739120483398438
2005-12-28,9.827202796936035,,13.984007835388184,17.31454086303711,21.442298889160156,8.163248062133789,13.812703132629395,,7.858366012573242,22.640165328979492,12.76242446899414
2005-12-29,9.811137199401855,,13.875990867614746,17.298246383666992,21.435516357421875,8.116952896118164,13.777498245239258,,7.843449592590332,22.562419891357422,12.758539199829102
2005-12-30,9.727612495422363,,13.934149742126465,17.20589256286621,21.31342124938965,8.062948226928711,13.666007995605469,,7.801201343536377,22.421056747436523,12.680862426757812
2006-01-03,9.93321704864502,,14.596107482910156,17.49382781982422,21.45586395263672,8.221117973327637,13.754023551940918,,7.952802658081055,22.696718215942383,12.816791534423828
2006-01-04,9.994253158569336,,14.637646675109863,17.477523803710938,21.5101261138916,8.317567825317383,13.800965309143066,,7.965230464935303,22.92290496826172,12.828449249267578
2006-01-05,9.978187561035156,,14.452081680297852,17.537296295166016,21.476221084594727,8.3561429977417,13.730550765991211,,7.913039207458496,22.866355895996094,12.84009838104248
2006-01-06,10.08420181274414,,14.806596755981445,17.64051628112793,21.557615280151367,8.487313270568848,13.789234161376953,,7.997539043426514,23.014801025390625,12.944964408874512
2006-01-09,10.080988883972168,,14.789976119995117,17.68941879272461,21.733991622924805,8.514320373535156,13.853775024414062,,7.947831153869629,23.12082290649414,13.077016830444336
2006-01-10,10.016738891601562,,14.950621604919434,17.705718994140625,21.672943115234375,8.506601333618164,13.818575859069824,,7.9602580070495605,23.036001205444336,13.080902099609375
2006-01-11,9.93963623046875,,15.014322280883789,17.803497314453125,21.686500549316406,8.587616920471191,13.830313682556152,,7.947831153869629,22.979455947875977,13.146921157836914
2006-01-12,9.80150032043457,,14.90629768371582,17.678546905517578,21.523704528808594,8.541321754455566,13.795095443725586,,7.947831153869629,22.958250045776367,13.030411720275879
2006-01-13,9.82398796081543,,15.083563804626465,17.667686462402344,21.44908905029297,8.53746223449707,13.777498245239258,,8.002508163452148,22.94411277770996,13.034294128417969
2006-01-17,9.833622932434082,,15.415925979614258,17.48296546936035,21.340545654296875,8.452590942382812,13.724688529968262,,8.087005615234375,22.880496978759766,12.964388847351074
2006-01-18,9.737248420715332,,15.288517951965332,17.43406867980957,21.367677688598633,8.352286338806152,13.783363342285156,,8.104400634765625,22.91584014892578,12.921663284301758
2006-01-19,9.840047836303711,,15.554402351379395,17.379735946655273,21.46942901611328,8.425585746765137,13.795095443725586,,8.176474571228027,23.036001205444336,13.018757820129395
2006-01-20,9.672993659973145,,15.623642921447754,17.015735626220703,21.001380920410156,8.20568561553955,13.59559440612793,,8.129253387451172,22.597759246826172,12.797379493713379
2006-01-23,9.804710388183594,,15.795367240905762,17.059202194213867,21.01494026184082,8.174824714660645,13.607336044311523,,8.116827964782715,22.583627700805664,12.7896089553833
2006-01-24,9.91393756866455,,15.701197624206543,17.13526153564453,21.17095947265625,8.201827049255371,13.65427303314209,,8.188901901245117,22.47759437561035,12.91777515411377
2006-01-25,9.962128639221191,,15.371611595153809,17.167863845825195,21.164186477661133,8.228836059570312,13.666007995605469,,8.077062606811523,22.449325561523438,12.871170043945312
2006-01-26,10.080988883972168,,15.421463012695312,17.461231231689453,21.401596069335938,8.28283977508545,13.695345878601074,,8.004996299743652,22.562419891357422,12.92554759979248
2006-01-27,10.151666641235352,,15.690120697021484,17.477523803710938,21.44908905029297,8.375433921813965,13.806836128234863,,8.049725532531738,22.82395362854004,12.983804702758789
2006-01-30,10.180577278137207,,16.050172805786133,17.423200607299805,21.49656867980957,8.402432441711426,13.754023551940918,,7.995053291320801,22.717924118041992,12.952735900878906
2006-01-31,10.19664192199707,,15.969857215881348,17.35801124572754,21.374462127685547,8.332999229431152,13.689478874206543,,7.990078926086426,22.71085548400879,12.9061279296875
2006-02-01,10.225557327270508,,15.590411186218262,17.347143173217773,21.557615280151367,8.383147239685059,13.724688529968262,,8.012451171875,22.85222816467285,12.948847770690918
2006-02-02,10.074562072753906,,15.435312271118164,17.227619171142578,21.374462127685547,8.267414093017578,13.718820571899414,,7.908069133758545,22.66844940185547,12.933316230773926
2006-02-03,9.984613418579102,,15.294050216674805,17.156993865966797,21.32697868347168,8.209545135498047,13.63079833984375,,7.868306636810303,22.62603187561035,12.871170043945312
2006-02-06,10.164519309997559,,15.593182563781738,17.20589256286621,21.401596069335938,8.186399459838867,13.601465225219727,,7.915524482727051,22.421056747436523,12.86728572845459
2006-02-07,9.897875785827637,,14.94231128692627,17.09178924560547,21.24557876586914,8.163248062133789,13.536917686462402,,7.868306636810303,22.38570785522461,12.7896089553833
2006-02-08,9.91393756866455,,14.945077896118164,17.200456619262695,21.34733009338379,8.321423530578613,13.59559440612793,,7.865819931030273,22.675504684448242,12.87894058227539
2006-02-09,9.946063041687012,,14.604416847229004,17.243915557861328,21.46942901611328,8.28283977508545,13.636672019958496,,7.8931565284729,22.696718215942383,12.875059127807617
2006-02-10,9.926789283752441,,14.551787376403809,17.341712951660156,21.611886978149414,8.348431587219238,13.619064331054688,,7.898128509521484,22.647247314453125,12.921663284301758
2006-02-13,9.827202796936035,,14.493626594543457,17.27651023864746,21.63901710510254,8.271270751953125,13.601465225219727,,7.888186454772949,22.61897087097168,12.890588760375977
2006-02-14,10.090630531311035,,14.330221176147461,17.48296546936035,21.896791458129883,8.383147239685059,13.771626472473145,,7.8807291984558105,22.838092803955078,13.034294128417969
2006-02-15,10.045656204223633,,14.252664566040039,17.586183547973633,21.957839965820312,8.429444313049316,13.859642028808594,,7.8931565284729,22.97239112854004,13.092556953430176
2006-02-16,10.177369117736816,,14.579487800598145,17.68941879272461,22.01889419555664,8.506601333618164,13.924184799194336,,7.9552836418151855,23.12082290649414,13.135275840759277
2006-02-17,10.167732238769531,,14.681957244873047,17.618785858154297,22.07315444946289,8.460308074951172,13.865507125854492,,8.027359962463379,23.106689453125,13.057595252990723
2006-02-21,10.170940399169922,,14.97000789642334,17.564455032348633,21.984975814819336,8.367718696594238,13.847915649414062,,8.039786338806152,22.98652458190918,12.987686157226562
2006-02-22,10.212705612182617,,14.690269470214844,17.895856857299805,22.215608596801758,8.410150527954102,13.959396362304688,,8.069611549377441,23.18444061279297,13.084784507751465
2006-02-23,10.16130542755127,,14.673661231994629,17.830665588378906,22.140993118286133,8.367718696594238,13.965262413024902,,8.059667587280273,23.099620819091797,13.014871597290039
2006-02-24,10.190217018127441,,14.853677749633789,17.868690490722656,22.154560089111328,8.371575355529785,13.894847869873047,,8.084517478942871,23.099620819091797,12.991568565368652
2006-02-27,10.106690406799316,,14.596107482910156,17.901290893554688,22.2970027923584,8.448735237121582,13.994608879089355,,8.149136543273926,23.27633285522461,13.108088493347168
2006-02-28,9.978187561035156,,14.4963960647583,17.727439880371094,22.03923988342285,8.352286338806152,13.806836128234863,,8.094461441040039,22.97239112854004,12.999340057373047
2006-03-01,10.13239574432373,,14.74289321899414,17.819795608520508,22.215608596801758,8.518173217773438,13.859642028808594,,8.072091102600098,22.993587493896484,13.096434593200684
2006-03-02,10.193428039550781,,14.989398002624512,17.711135864257812,22.154560089111328,8.53746223449707,13.783363342285156,,8.067123413085938,22.951187133789062,13.010993003845215
2006-03-03,10.19664192199707,,14.992168426513672,17.667686462402344,22.20882225036621,8.487313270568848,13.818575859069824,,8.027359962463379,22.873437881469727,13.003227233886719
2006-03-06,10.058504104614258,,14.471475601196289,17.613353729248047,22.093509674072266,8.452590942382812,13.771626472473145,,7.898128509521484,22.753265380859375,12.921663284301758
2006-03-07,9.962128639221191,,14.25820255279541,17.67311668395996,22.107072830200195,8.398579597473145,13.865507125854492,,7.860848903656006,22.760330200195312,12.863401412963867
2006-03-08,9.901087760925293,,14.25820255279541,17.68398094177246,22.07993507385254,8.390867233276367,14.018077850341797,,7.853392124176025,22.91584014892578,12.886709213256836
2006-03-09,9.881814956665039,,14.155728340148926,17.5753173828125,22.052804946899414,8.34071159362793,14.041542053222656,,7.8310227394104,22.838092803955078,12.83621883392334
2006-03-10,10.058504104614258,,14.233280181884766,17.732877731323242,22.283437728881836,8.379290580749512,14.170639038085938,,7.8807291984558105,22.92290496826172,12.956615447998047
2006-03-13,10.080988883972168,,14.513011932373047,17.73831558227539,22.269866943359375,8.410150527954102,14.182374954223633,,7.890668869018555,22.908769607543945,12.952735900878906
2006-03-14,10.267319679260254,,14.781668663024902,17.944761276245117,22.48015785217285,8.506601333618164,14.147164344787598,,7.975168228149414,23.07135581970215,13.092556953430176
2006-03-15,10.389395713806152,,14.859217643737793,17.96649169921875,22.81932258605957,8.556754112243652,14.0943603515625,,8.027359962463379,23.149097442626953,13.166342735290527
2006-03-16,10.405457496643066,,15.094642639160156,18.026243209838867,22.832895278930664,8.502742767333984,14.141298294067383,,8.069611549377441,23.149097442626953,13.193532943725586
2006-03-17,10.391901016235352,,14.903244972229004,18.07923126220703,23.007204055786133,8.529748916625977,14.133040428161621,,8.050078392028809,23.203704833984375,13.215673446655273
2006-03-20,10.369301795959473,,14.572675704956055,18.090150833129883,22.96634864807129,8.545180320739746,14.215620994567871,,7.932392120361328,23.24625587463379,13.184595108032227
2006-03-21,10.217573165893555,,14.547683715820312,17.909908294677734,22.877830505371094,8.510457992553711,14.121245384216309,,7.8722991943359375,23.104429244995117,13.110786437988281
2006-03-22,10.324108123779297,,14.644905090332031,18.05191993713379,23.048049926757812,8.514320373535156,14.251008033752441,,7.909862041473389,23.338449478149414,13.153519630432129
2006-03-23,10.35315990447998,,14.861579895019531,17.964527130126953,22.952720642089844,8.495027542114258,14.144838333129883,,7.899841785430908,23.210792541503906,13.145747184753418
2006-03-24,10.346708297729492,,14.961573600769043,17.959068298339844,22.932302474975586,8.522032737731934,14.144838333129883,,7.884816646575928,23.17533302307129,13.126328468322754
2006-03-27,10.417729377746582,,15.03935718536377,17.948150634765625,22.952720642089844,8.533607482910156,14.097646713256836,,7.8322367668151855,22.998044967651367,13.122444152832031
2006-03-28,10.330559730529785,,15.156033515930176,17.800674438476562,22.789318084716797,8.437162399291992,13.985576629638672,,7.799686431884766,22.785308837890625,13.052518844604492
2006-03-29,10.504888534545898,,15.333816528320312,17.882604598999023,23.02081298828125,8.564473152160645,14.085845947265625,,7.847264766693115,22.8491268157959,13.169059753417969
2006-03-30,10.543634414672852,,15.325486183166504,17.77335548400879,23.02081298828125,8.591476440429688,13.97377872467041,,7.777152061462402,22.806575775146484,13.11467456817627
2006-03-31,10.44355297088623,,15.111593246459961,17.77882194519043,23.014007568359375,8.541321754455566,13.920693397521973,,7.719560623168945,22.678926467895508,13.075828552246094
2006-04-03,10.572685241699219,,15.194921493530273,17.806123733520508,23.095712661743164,8.591476440429688,13.967874526977539,,7.729574203491211,22.66474151611328,13.029214859008789
2006-04-04,10.588825225830078,,15.394928932189941,17.997304916381836,23.252323150634766,8.622335433959961,13.956080436706543,,7.8122076988220215,22.69310760498047,13.103019714355469
2006-04-05,10.734098434448242,,15.647713661193848,18.030073165893555,23.26593017578125,8.695637702941895,13.985576629638672,,7.887321472167969,22.6221866607666,13.188486099243164
2006-04-06,10.756696701049805,,15.681048393249512,17.964527130126953,23.231891632080078,8.687919616699219,13.932483673095703,,7.7896728515625,22.45199966430664,13.215673446655273
2006-04-07,10.592056274414062,,15.375480651855469,17.79520606994629,23.116140365600586,8.587616920471191,13.808613777160645,,7.679502964019775,22.18251609802246,13.157405853271484
2006-04-10,10.588825225830078,,15.667158126831055,17.827980041503906,23.03443717956543,8.576041221618652,13.826309204101562,,7.676998138427734,22.13996124267578,13.13798713684082
2006-04-11,10.51134967803955,,15.556041717529297,17.6750431060791,22.99358367919922,8.498887062072754,13.69654655456543,,7.589357376098633,21.89884376525879,13.033095359802246
2006-04-12,10.582368850708008,,15.453261375427246,17.713274002075195,23.150184631347656,8.514320373535156,13.743728637695312,,7.6068830490112305,22.047771453857422,13.021439552307129
2006-04-13,10.63725471496582,,15.503263473510742,17.740581512451172,23.05487060546875,8.525886535644531,13.720133781433105,,7.5718302726745605,21.998132705688477,13.052518844604492
2006-04-17,10.730871200561523,,15.789382934570312,17.724205017089844,22.939111709594727,8.433300971984863,13.643453598022461,,7.564319610595703,21.870481491088867,12.986477851867676
2006-04-18,11.024646759033203,,16.175514221191406,18.05191993713379,23.490633010864258,8.603046417236328,13.77322769165039,,7.709544658660889,22.076139450073242,13.176823616027832
2006-04-19,11.098896980285645,,16.425518035888672,18.073766708374023,23.640432357788086,8.595330238342285,13.790923118591309,,7.734585762023926,21.9484920501709,13.130208969116211
2006-04-20,10.99559211730957,,16.25606346130371,18.112003326416016,23.728944778442383,8.603046417236328,13.814510345458984,,7.7896728515625,22.147056579589844,13.180716514587402
2006-04-21,11.105355262756348,,16.594968795776367,18.090150833129883,23.75617790222168,8.510457992553711,13.814510345458984,,7.82472562789917,22.097410202026367,13.079707145690918
2006-04-24,11.066615104675293,,16.34217643737793,18.09562110900879,23.837890625,8.498887062072754,13.87349796295166,,7.897341728210449,22.012317657470703,13.075828552246094
2006-04-25,10.98913860321045,,16.131065368652344,17.986385345458984,23.5587158203125,8.495027542114258,13.87349796295166,,7.784663677215576,21.877573013305664,13.056403160095215
2006-04-26,10.985907554626465,,15.875505447387695,18.090150833129883,23.688081741333008,8.525886535644531,14.003273010253906,,7.707038402557373,21.877573013305664,13.145747184753418
2006-04-27,10.766383171081543,,15.694942474365234,18.374174118041992,23.5587158203125,8.61076831817627,14.020967483520508,,7.809703350067139,21.75701904296875,13.250636100769043
2006-04-28,10.814804077148438,,15.87271785736084,18.548969268798828,23.51105308532715,8.429444313049316,14.056361198425293,,7.842250823974609,21.976852416992188,13.242868423461914
2006-05-01,10.885831832885742,,16.13383674621582,18.259475708007812,23.572338104248047,8.359996795654297,14.050460815429688,,7.76963996887207,21.785383224487305,13.169059753417969
2006-05-02,10.992365837097168,,16.492189407348633,18.374174118041992,23.76298713684082,8.398579597473145,14.133040428161621,,7.894835472106934,21.785383224487305,13.180716514587402
2006-05-03,10.99559211730957,,16.23662567138672,18.35779571533203,23.769792556762695,8.379290580749512,14.03866195678711,,7.869795799255371,21.544273376464844,13.215673446655273
2006-05-04,11.105355262756348,,16.1616153717041,18.396024703979492,24.0557804107666,8.410150527954102,14.06225872039795,,7.879814147949219,21.61518669128418,13.289484024047852
2006-05-05,11.182835578918457,,16.350513458251953,18.658206939697266,24.294078826904297,8.456450462341309,14.192026138305664,,8.05759048461914,21.827930450439453,13.444868087768555
2006-05-08,11.224802017211914,,16.278295516967773,18.581735610961914,24.273664474487305,8.468022346496582,14.268709182739258,,7.994993686676025,21.82084083557129,13.464292526245117
2006-05-09,11.299049377441406,,16.375513076782227,18.61451530456543,24.273664474487305,8.433300971984863,14.30999755859375,,7.92738676071167,21.66483497619629,13.503140449523926
2006-05-10,11.302282333374023,,16.528301239013672,18.62542724609375,24.287269592285156,8.34457015991211,14.251008033752441,,7.989978313446045,21.643552780151367,13.51091480255127
2006-05-11,11.147323608398438,,16.31439781188965,18.31955909729004,24.16471290588379,8.170966148376465,14.074048042297363,,7.914864540100098,21.60100555419922,13.374945640563965
2006-05-12,10.908429145812988,,15.761608123779297,18.13385009765625,23.78341293334961,8.09381103515625,13.961976051330566,,7.827229976654053,21.551361083984375,13.242868423461914
2006-05-15,10.766383171081543,,15.431038856506348,18.259475708007812,23.79021453857422,8.101526260375977,14.115341186523438,,7.877307891845703,21.856298446655273,13.277827262878418
2006-05-16,10.769610404968262,,15.48659896850586,18.237632751464844,23.78341293334961,8.024368286132812,14.168436050415039,,7.842250823974609,21.913034439086914,13.184595108032227
2006-05-17,10.47906494140625,,15.092140197753906,17.871673583984375,23.293170928955078,7.916346073150635,13.99146842956543,,7.722066879272461,21.68610382080078,13.002022743225098
2006-05-18,10.369301795959473,,14.908799171447754,17.713274002075195,23.102527618408203,7.889342308044434,13.920693397521973,,7.719560623168945,21.593915939331055,12.994243621826172
2006-05-19,10.411270141601562,,15.006033897399902,17.806123733520508,23.17742919921875,7.947211265563965,13.932483673095703,,7.784663677215576,21.473344802856445,13.083597183227539
2006-05-22,10.18528938293457,,14.919914245605469,17.76243782043457,23.129756927490234,7.877764701843262,13.97377872467041,,7.844756603240967,21.381168365478516,12.990365028381348
2006-05-23,10.207886695861816,,14.922690391540527,17.6750431060791,23.02081298828125,7.819901466369629,13.967874526977539,,7.734585762023926,21.281883239746094,12.893244743347168
2006-05-24,10.162687301635742,,14.739354133605957,17.68596839904785,22.959545135498047,7.897055625915527,14.074048042297363,,7.762128829956055,21.345705032348633,12.912671089172363
2006-05-25,10.33702278137207,,15.256035804748535,17.844362258911133,23.116140365600586,7.970355987548828,14.209726333618164,,7.834741115570068,21.544273376464844,13.036985397338867
2006-05-26,10.51134967803955,,15.30603313446045,17.991836547851562,23.24551010131836,8.00893783569336,14.209726333618164,,7.9198737144470215,21.66483497619629,13.079707145690918
2006-05-30,10.262767791748047,,15.064363479614258,17.724205017089844,22.94593048095703,7.850763320922852,14.032760620117188,,7.839746952056885,21.381168365478516,12.881590843200684
2006-05-31,10.378989219665527,,15.431038856506348,17.84983253479004,23.109336853027344,7.88162899017334,14.085845947265625,,7.969952583312988,21.51590919494629,13.021439552307129
2006-06-01,10.49197769165039,,15.472702026367188,18.057374954223633,23.34763526916504,8.01665210723877,14.1625394821167,,8.050078392028809,21.82084083557129,13.223440170288086
2006-06-02,10.592056274414062,,15.703274726867676,18.161165237426758,23.381683349609375,7.98964786529541,14.133040428161621,,8.147733688354492,21.90594482421875,13.19625473022461
2006-06-05,10.275683403015137,,15.208815574645996,17.8662109375,22.877830505371094,7.870051860809326,13.932483673095703,,8.050078392028809,21.565534591674805,12.986477851867676
2006-06-06,10.188515663146973,,15.194921493530273,17.822511672973633,22.789318084716797,7.870051860809326,13.97377872467041,,8.065104484558105,21.60100555419922,12.920442581176758
2006-06-07,9.956077575683594,,14.611573219299316,17.882604598999023,22.537391662597656,7.762031078338623,13.967874526977539,,8.035056114196777,21.700292587280273,12.924323081970215
2006-06-08,9.923794746398926,,14.817129135131836,17.915369033813477,22.551008224487305,7.723453044891357,14.015068054199219,,8.062599182128906,21.735750198364258,12.904903411865234
2006-06-09,9.872143745422363,,14.667123794555664,17.855283737182617,22.3603572845459,7.692589282989502,14.026860237121582,,8.130202293395996,21.57973289489746,12.873826026916504
2006-06-12,9.717188835144043,,14.367117881774902,17.658658981323242,22.08119773864746,7.549850940704346,13.944281578063965,,8.147733688354492,21.35988998413086,12.702897071838379
2006-06-13,9.552539825439453,,13.942110061645508,17.314556121826172,22.013113021850586,7.557566165924072,13.89709186553955,,8.050078392028809,21.30315589904785,12.601899147033691
2006-06-14,9.678442001342773,,14.300447463989258,17.21077537536621,22.203752517700195,7.607719898223877,13.956080436706543,,7.989978313446045,21.338613510131836,12.660170555114746
2006-06-15,10.001276969909668,,14.844918251037598,17.593116760253906,22.707603454589844,7.8006110191345215,14.068160057067871,,8.11267375946045,21.60100555419922,12.935981750488281
2006-06-16,9.941802024841309,,14.805041313171387,17.481590270996094,22.704195022583008,7.789033889770508,14.084163665771484,,8.107377052307129,21.5732479095459,12.905220031738281
2006-06-19,9.743546485900879,,14.24740982055664,17.3607234954834,22.526721954345703,7.754316329956055,14.030793190002441,,7.996277809143066,21.409542083740234,12.835152626037598
2006-06-20,9.785798072814941,,14.180498123168945,17.41016960144043,22.499408721923828,7.742743015289307,14.131611824035645,,8.016478538513184,21.331247329711914,12.788433074951172
2006-06-21,10.023048400878906,,14.498343467712402,17.553010940551758,22.765626907348633,7.843053340911865,14.184979438781738,,8.00890064239502,21.438013076782227,12.913002967834473
2006-06-22,9.971051216125488,,14.559688568115234,17.487083435058594,22.629108428955078,7.750455856323242,14.1612548828125,,7.98112678527832,21.317012786865234,12.811790466308594
2006-06-23,10.055545806884766,,14.88310718536377,17.37171173095703,22.690547943115234,7.727311134338379,14.113818168640137,,7.9937543869018555,21.338361740112305,12.800111770629883
2006-06-26,10.08480167388916,,15.047609329223633,17.525531768798828,22.75197982788086,7.742743015289307,14.190906524658203,,8.026576042175293,21.260074615478516,12.866293907165527
2006-06-27,9.958049774169922,,15.075490951538086,17.35523796081543,22.540359497070312,7.6385817527771,14.125679016113281,,7.996277809143066,21.0394287109375,12.702791213989258
2006-06-28,9.984052658081055,,15.334786415100098,17.44862937927246,22.608633041381836,7.6887335777282715,14.190906524658203,,8.019002914428711,21.0394287109375,12.71446704864502
2006-06-29,10.383800506591797,,15.769737243652344,17.816715240478516,23.08647346496582,7.885487079620361,14.416250228881836,,8.122525215148926,21.40242576599121,12.990866661071777
2006-06-30,10.432550430297852,,15.822711944580078,17.767276763916016,23.07963752746582,7.843053340911865,14.34509563446045,,8.15282154083252,21.52341651916504,12.998652458190918
2006-07-03,10.556055068969727,,15.992790222167969,17.976036071777344,23.161561965942383,7.900916576385498,14.428116798400879,,8.243715286254883,21.566125869750977,13.018120765686035
2006-07-05,10.429306983947754,,16.065284729003906,17.80573272705078,22.990903854370117,7.777463436126709,14.309514999389648,,8.1881685256958,21.544780731201172,12.897436141967773
2006-07-06,10.419556617736816,,16.023460388183594,17.86066436767578,23.052339553833008,7.785180568695068,14.475564002990723,,8.145244598388672,21.62307357788086,12.905220031738281
2006-07-07,10.338305473327637,,15.80598258972168,17.772762298583984,22.71101951599121,7.7080230712890625,14.445903778076172,,8.208365440368652,21.64441680908203,12.807903289794922
2006-07-10,10.364303588867188,,15.853374481201172,17.893630981445312,22.772464752197266,7.619292736053467,14.53485107421875,,8.253814697265625,21.72271156311035,12.823471069335938
2006-07-11,10.351303100585938,,16.143348693847656,17.89912223815918,22.833898544311523,7.650151252746582,14.611950874328613,,8.316937446594238,21.77253532409668,12.811790466308594
2006-07-12,10.276551246643066,,16.087587356567383,17.723318099975586,22.601808547973633,7.511270523071289,14.493345260620117,,8.276540756225586,21.694231033325195,12.609355926513672
2006-07-13,9.987298965454102,,15.93423843383789,17.443134307861328,22.15809440612793,7.387819766998291,14.374740600585938,,8.246241569519043,21.466480255126953,12.379674911499023
2006-07-14,10.003549575805664,,16.12103843688965,17.37171173095703,21.84408950805664,7.368533611297607,14.232419967651367,,8.246241569519043,21.331247329711914,12.220060348510742
2006-07-17,9.87030029296875,,15.599663734436035,17.404666900634766,21.768993377685547,7.391679286956787,14.2680025100708,,8.268966674804688,21.416658401489258,12.305706024169922
2006-07-18,9.91254997253418,,15.619186401367188,17.443134307861328,21.871389389038086,7.40710973739624,14.333236694335938,,8.281588554382324,21.416658401489258,12.231740951538086
2006-07-19,10.179052352905273,,15.780889511108398,17.90462303161621,22.315105438232422,7.515130043029785,14.511130332946777,,8.407835006713867,21.922006607055664,12.47700023651123
2006-07-20,9.8962984085083,,15.398914337158203,17.83319854736328,21.857736587524414,7.40710973739624,14.52299976348877,,8.428034782409668,21.943359375,12.313495635986328
2006-07-21,9.76629638671875,,15.18980884552002,17.73430633544922,21.639297485351562,7.329952239990234,14.493345260620117,,8.448230743408203,22.043006896972656,12.200594902038574
2006-07-24,9.91254997253418,,15.647061347961426,17.965051651000977,21.994264602661133,7.441830158233643,14.600090026855469,,8.52650260925293,22.470054626464844,12.465315818786621
2006-07-25,10.065300941467285,,15.920302391052246,18.00900650024414,21.932828903198242,7.5228447914123535,14.671252250671387,,8.561848640441895,22.6622257232666,12.578208923339844
2006-07-26,10.04255199432373,,16.24093246459961,17.987031936645508,21.652957916259766,7.542132377624512,14.600090026855469,,8.59214973449707,22.768991470336914,12.434175491333008
2006-07-27,9.821552276611328,,16.10152816772461,17.882646560668945,21.611995697021484,7.518985748291016,14.50521183013916,,8.52397632598877,22.655107498168945,12.406922340393066
2006-07-28,10.0003023147583,,16.107105255126953,18.2012939453125,21.857736587524414,7.650151252746582,14.641599655151367,,8.582050323486328,22.776107788085938,12.558749198913574
2006-07-31,10.04255199432373,,16.352453231811523,18.173818588256836,21.768993377685547,7.6385817527771,14.570440292358398,,8.544180870056152,22.697813034057617,12.566536903381348
2006-08-01,9.961299896240234,,16.37198257446289,18.11888313293457,21.632476806640625,7.530559539794922,14.499277114868164,,8.65021800994873,22.697813034057617,12.449746131896973
2006-08-02,10.12055492401123,,16.405437469482422,18.15184783935547,21.768993377685547,7.623147964477539,14.629741668701172,,8.642644882202148,22.840173721313477,12.550965309143066
2006-08-03,10.18230152130127,,16.26324462890625,18.2287540435791,21.946481704711914,7.646295070648193,14.665324211120605,,8.59972858428955,22.640880584716797,12.628823280334473
2006-08-04,10.133552551269531,,16.126619338989258,18.2672176361084,21.88504409790039,7.623147964477539,14.671252250671387,,8.602245330810547,22.647987365722656,12.632718086242676
2006-08-07,10.18230152130127,,16.29669761657715,18.2287540435791,21.796310424804688,7.596142292022705,14.635672569274902,,8.501254081726074,22.57682228088379,12.605459213256836
2006-08-08,10.075050354003906,,16.201906204223633,18.096899032592773,21.60516929626465,7.569138050079346,14.700905799865723,,8.582050323486328,22.56969451904297,12.47700023651123
2006-08-09,10.08480167388916,,16.338518142700195,17.882646560668945,21.270687103271484,7.6154327392578125,14.6060209274292,,8.584573745727539,22.591054916381836,12.305706024169922
2006-08-10,10.11080265045166,,16.204681396484375,17.970542907714844,21.44133758544922,7.646295070648193,14.760201454162598,,8.57194995880127,22.56969451904297,12.473103523254395
2006-08-11,9.997053146362305,,16.213050842285156,17.915607452392578,21.318462371826172,7.6038594245910645,14.73055648803711,,8.55175495147705,22.462936401367188,12.469202995300293
2006-08-14,9.971051216125488,,15.87846851348877,17.937591552734375,21.35942268371582,7.669440746307373,14.760201454162598,,8.609824180603027,22.512752532958984,12.504246711730957
2006-08-15,10.18230152130127,,15.959334373474121,18.239748001098633,21.748517990112305,7.846902370452881,14.855088233947754,,8.66537094116211,22.704931259155273,12.679429054260254
2006-08-16,10.361051559448242,,15.89241886138916,18.33863639831543,22.233184814453125,7.970355987548828,14.872872352600098,,8.584573745727539,22.904220581054688,12.807903289794922
2006-08-17,10.296052932739258,,15.780889511108398,18.399070739746094,22.260496139526367,8.005077362060547,14.84915828704834,,8.574475288391113,22.961162567138672,12.885760307312012
2006-08-18,10.296052932739258,,16.0262451171875,18.42653465270996,22.20587158203125,8.03593921661377,14.938108444213867,,8.670421600341797,22.996749877929688,12.881865501403809
2006-08-21,10.296052932739258,,16.132198333740234,18.355121612548828,22.007923126220703,7.981929779052734,14.973697662353516,,8.688096046447754,22.9184627532959,12.741722106933594
2006-08-22,10.325303077697754,,16.24093246459961,18.349628448486328,22.07617950439453,7.985789775848389,14.961833000183105,,8.718391418457031,22.989635467529297,12.7300386428833
2006-08-23,10.309050559997559,,15.900778770446777,18.294689178466797,21.912355422973633,7.947211265563965,14.914398193359375,,8.6274995803833,22.97539520263672,12.617145538330078
2006-08-24,10.227800369262695,,16.107105255126953,18.355121612548828,21.796310424804688,7.9780731201171875,14.991479873657227,,8.662845611572266,23.131975173950195,12.550965309143066
2006-08-25,10.260299682617188,,16.232574462890625,18.2562313079834,21.803131103515625,8.001221656799316,14.96776294708252,,8.662845611572266,23.146228790283203,12.550965309143066
2006-08-28,10.250554084777832,,15.99836254119873,18.388078689575195,21.891868591308594,8.074522018432617,15.02706241607666,,8.728494644165039,23.295679092407227,12.675536155700684
2006-08-29,10.292803764343262,,15.897994995117188,18.311172485351562,21.946481704711914,8.147822380065918,15.08043384552002,,8.736067771911621,23.402454376220703,12.768965721130371
2006-08-30,10.296052932739258,,15.630324363708496,18.36610221862793,21.96695899963379,8.20568561553955,15.121949195861816,,8.690618515014648,23.416683197021484,12.776755332946777
2006-08-31,10.344802856445312,,15.521591186523438,18.388078689575195,22.014741897583008,8.174824714660645,15.133800506591797,,8.7789888381958,23.34551239013672,12.815686225891113
2006-09-01,10.461803436279297,,15.753009796142578,18.415550231933594,22.1717472076416,8.209545135498047,15.216830253601074,,8.786561965942383,23.46651268005371,12.920795440673828
2006-09-05,10.523551940917969,,15.959334373474121,18.48147201538086,22.219533920288086,8.251982688903809,15.163459777832031,,8.69314193725586,23.359750747680664,12.959726333618164
2006-09-06,10.3935546875,,15.418437957763672,18.421043395996094,21.987445831298828,8.116952896118164,15.121949195861816,,8.660319328308105,23.27434539794922,12.800111770629883
2006-09-07,10.279803276062012,,15.43237018585205,18.278202056884766,21.932828903198242,8.070661544799805,15.068572044372559,,8.672945976257324,23.103515625,12.842939376831055
2006-09-08,10.318806648254395,,15.042037963867188,18.38258934020996,21.97378921508789,8.136249542236328,15.145668983459473,,8.672945976257324,23.2885684967041,12.959726333618164
2006-09-11,10.04255199432373,,14.57641315460205,18.393573760986328,21.994264602661133,8.20568561553955,15.258333206176758,,8.642644882202148,23.43802833557129,13.060940742492676
2006-09-12,10.159549713134766,,14.484406471252441,18.629812240600586,22.19905662536621,8.348431587219238,15.264273643493652,,8.597199440002441,23.708498001098633,13.364594459533691
2006-09-13,10.231049537658691,,14.785528182983398,18.76715850830078,22.42432975769043,8.348431587219238,15.15159797668457,,8.614873886108398,23.658681869506836,13.419098854064941
2006-09-14,10.1985502243042,,14.456524848937988,18.811113357543945,22.321929931640625,8.367718696594238,15.228689193725586,,8.579527854919434,23.630218505859375,13.384060859680176
2006-09-15,10.18972396850586,,14.50604248046875,18.868572235107422,22.437097549438477,8.388590812683105,15.245372772216797,,8.58258056640625,23.66805648803711,13.441007614135742
2006-09-18,10.313948631286621,,14.855751037597656,18.846479415893555,22.491941452026367,8.384726524353027,15.185772895812988,,8.55712890625,23.66092300415039,13.37080192565918
2006-09-19,10.183187484741211,,14.631937980651855,18.87961769104004,22.40281867980957,8.3460693359375,15.221536636352539,,8.574942588806152,23.696630477905273,13.398096084594727
2006-09-20,10.271450996398926,,14.24026107788086,19.006702423095703,22.526212692260742,8.481369018554688,15.310935020446777,,8.562213897705078,23.789472579956055,13.495614051818848
2006-09-21,10.179919242858887,,14.422112464904785,18.874099731445312,22.313697814941406,8.400188446044922,15.173859596252441,,8.549491882324219,23.639503479003906,13.421504974365234
2006-09-22,10.17011547088623,,14.36055850982666,18.90726089477539,22.204017639160156,8.34993839263916,15.185772895812988,,8.539308547973633,23.489519119262695,13.40980339050293
2006-09-25,10.225687026977539,,14.380146026611328,19.10063934326172,22.471372604370117,8.500696182250977,15.090415000915527,,8.658937454223633,23.582361221313477,13.616527557373047
2006-09-26,10.42837142944336,,14.696284294128418,19.20561408996582,22.75243377685547,8.554817199707031,15.108301162719727,,8.646214485168457,23.603796005249023,13.733541488647461
2006-09-27,10.405488014221191,,14.939688682556152,19.117202758789062,22.807273864746094,8.489099502563477,15.203661918640137,,8.765833854675293,23.66805648803711,13.7101411819458
2006-09-28,10.434905052185059,,14.89212703704834,19.18351936340332,22.964946746826172,8.53162670135498,15.167901039123535,,8.73784065246582,23.62520980834961,13.706244468688965
2006-09-29,10.34337329864502,,14.95367431640625,19.12825584411621,22.855266571044922,8.504566192626953,15.126180648803711,,8.651300430297852,23.703760147094727,13.632131576538086
2006-10-02,10.362987518310547,,14.783014297485352,19.084056854248047,22.923805236816406,8.44271469116211,15.024861335754395,,8.714933395385742,23.568077087402344,13.663335800170898
2006-10-03,10.225687026977539,,14.24026107788086,19.27191162109375,23.067779541015625,8.489099502563477,15.042743682861328,,8.750565528869629,23.639503479003906,13.78034782409668
2006-10-04,10.242033958435059,,14.450087547302246,19.50397491455078,23.410533905029297,8.620535850524902,15.203661918640137,,8.786201477050781,23.84660530090332,13.979268074035645
2006-10-05,10.405488014221191,,14.727056503295898,19.492919921875,23.52707862854004,8.616669654846191,15.144058227539062,,8.758199691772461,23.84660530090332,14.018272399902344
2006-10-06,10.454521179199219,,14.741053581237793,19.426620483398438,23.479084014892578,8.620535850524902,15.06062126159668,,8.709844589233398,23.753765106201172,13.990973472595215
2006-10-09,10.539517402648926,,14.520034790039062,19.48186683654785,23.506498336791992,8.643730163574219,15.114262580871582,,8.702205657958984,23.703760147094727,14.088482856750488
2006-10-10,10.58855152130127,,14.791406631469727,19.48186683654785,23.540782928466797,8.651458740234375,15.06062126159668,,8.765833854675293,23.603796005249023,14.174299240112305
2006-10-11,10.493745803833008,,14.556400299072266,19.432147979736328,23.54764175415039,8.64759635925293,15.08446979522705,,8.786201477050781,23.59663963317871,14.139188766479492
2006-10-12,10.601630210876465,,14.897722244262695,19.537128448486328,23.74644660949707,8.775162696838379,15.108301162719727,,8.783652305603027,23.739486694335938,14.326421737670898
2006-10-13,10.706239700317383,,15.101946830749512,19.608949661254883,23.691612243652344,8.8176851272583,15.078498840332031,,8.793835639953613,23.66092300415039,14.287412643432617
2006-10-16,10.784701347351074,,15.457260131835938,19.50397491455078,23.849271774291992,8.813820838928223,15.102336883544922,,8.837101936340332,23.696630477905273,14.275702476501465
2006-10-17,10.70950984954834,,15.289397239685059,19.50397491455078,23.719013214111328,8.740370750427246,15.07254695892334,,8.875287055969238,23.760902404785156,14.22499942779541
2006-10-18,10.670276641845703,,15.191473960876465,19.559221267700195,23.657325744628906,8.717178344726562,15.132139205932617,,8.972002029418945,24.018009185791016,14.236698150634766
2006-10-19,10.742201805114746,,15.504819869995117,19.432147979736328,23.602481842041016,8.74423599243164,15.167901039123535,,9.007636070251465,23.99658966064453,14.228899955749512
2006-10-20,10.683357238769531,,15.303384780883789,19.410043716430664,23.499652862548828,8.798356056213379,15.221536636352539,,9.06363296508789,24.182275772094727,14.20939826965332
2006-10-23,10.752008438110352,,15.331366539001465,19.537128448486328,23.6230411529541,8.85247802734375,15.370532989501953,,9.073812484741211,24.24656105041504,14.396622657775879
2006-10-24,10.876228332519531,,15.611130714416504,19.53160858154297,23.63675308227539,8.790624618530273,15.322856903076172,,9.081450462341309,24.16799545288086,14.451227188110352
2006-10-25,10.866424560546875,,15.879707336425781,19.61447525024414,23.657325744628906,8.867939949035645,15.42417049407959,,9.178167343139648,24.02515411376953,14.400525093078613
2006-10-26,10.88930892944336,,15.843342781066895,19.752601623535156,23.650476455688477,8.914326667785645,15.525495529174805,,9.137442588806152,24.118003845214844,14.599442481994629
2006-10-27,10.915462493896484,,15.714645385742188,19.603424072265625,23.479084014892578,8.798356056213379,15.471850395202637,,9.104353904724121,24.018009185791016,14.455126762390137
2006-10-30,10.9448823928833,,15.43207836151123,19.608949661254883,23.554494857788086,8.829282760620117,15.406289100646973,,9.099263191223145,23.88231658935547,14.544842720031738
2006-10-31,10.964498519897461,,15.59154224395752,19.57579803466797,23.499652862548828,8.840879440307617,15.394378662109375,,9.109445571899414,23.7823429107666,14.51363754272461
2006-11-01,10.879498481750488,,15.43207836151123,19.454252243041992,23.383115768432617,8.80222225189209,15.275176048278809,,9.16544246673584,23.610931396484375,14.400525093078613
2006-11-02,10.915462493896484,,15.49362850189209,19.398984909057617,23.300853729248047,8.748102188110352,15.251338958740234,,9.122169494628906,23.739486694335938,14.384919166564941
2006-11-03,10.879498481750488,,15.834945678710938,19.398984909057617,23.25287437438965,8.748102188110352,15.179819107055664,,9.055994987487793,23.61807632446289,14.275702476501465
2006-11-06,11.013533592224121,,15.949652671813965,19.625530242919922,23.458520889282227,8.85247802734375,15.233458518981934,,9.015270233154297,23.903751373291016,14.451227188110352
2006-11-07,10.977575302124023,,15.826559066772461,19.669727325439453,23.725879669189453,8.898866653442383,15.257302284240723,,8.98472785949707,24.089433670043945,14.49023151397705
2006-11-08,11.003727912902832,,16.092336654663086,19.752601623535156,23.760149002075195,8.906598091125488,15.310935020446777,,9.073812484741211,23.725191116333008,14.560439109802246
2006-11-09,11.124682426452637,,16.226627349853516,19.6200008392334,23.616186141967773,8.902731895446777,15.221536636352539,,9.071267127990723,23.168136596679688,14.51363754272461
2006-11-10,11.016803741455078,,16.072750091552734,19.780231475830078,23.650476455688477,8.925925254821777,15.227499961853027,,9.139988899230957,23.20384979248047,14.560439109802246
2006-11-13,11.124682426452637,,16.044775009155273,19.758132934570312,23.83556365966797,9.003241539001465,15.179819107055664,,9.137442588806152,23.246692657470703,14.579938888549805
2006-11-14,11.121413230895996,,16.139890670776367,19.87415885925293,23.910968780517578,9.068954467773438,15.221536636352539,,9.160351753234863,23.439525604248047,14.7398681640625
2006-11-15,11.167184829711914,,16.290971755981445,19.846540451049805,24.144041061401367,9.088287353515625,15.299013137817383,,9.129810333251953,23.553794860839844,14.794464111328125
2006-11-16,11.10833740234375,,15.843342781066895,20.039918899536133,24.25372314453125,9.123079299926758,15.406289100646973,,9.162897109985352,23.65377426147461,14.891980171203613
2006-11-17,11.059303283691406,,15.974839210510254,19.890745162963867,24.26744270324707,9.138542175292969,15.430130004882812,,9.173076629638672,23.725191116333008,14.864675521850586
2006-11-20,11.271791458129883,,15.932869911193848,20.017812728881836,24.18517303466797,9.138542175292969,15.382457733154297,,9.142533302307129,23.66805648803711,14.806160926818848
2006-11-21,11.301215171813965,,16.226627349853516,19.98465919494629,24.26744270324707,9.134675979614258,15.358616828918457,,9.157805442810059,23.632356643676758,14.849074363708496
2006-11-22,11.458130836486816,,16.131507873535156,20.00676918029785,24.363401412963867,9.204259872436523,15.394378662109375,,9.178167343139648,23.682342529296875,14.880278587341309
2006-11-24,11.467933654785156,,16.097925186157227,19.90730857849121,24.3154296875,9.184932708740234,15.334772109985352,,9.213804244995117,23.582361221313477,14.80227279663086
2006-11-27,11.278328895568848,,16.02518653869629,19.597904205322266,23.9246768951416,8.968450546264648,15.144058227539062,,9.111993789672852,23.42523765563965,14.587742805480957
2006-11-28,11.32409954071045,,16.282575607299805,19.631053924560547,23.897253036499023,9.014838218688965,15.209615707397461,,9.178167343139648,23.47523307800293,14.579938888549805
2006-11-29,11.418899536132812,,16.80015754699707,19.752601623535156,24.089197158813477,9.072822570800781,15.34073543548584,,9.292705535888672,23.639503479003906,14.681352615356445
2006-11-30,11.44178295135498,,16.928848266601562,19.71392822265625,24.075489044189453,9.092157363891602,15.263257026672363,,9.351245880126953,23.753765106201172,14.696954727172852
2006-12-01,11.350251197814941,,16.987598419189453,19.597904205322266,23.93838882446289,9.014838218688965,15.215578079223633,,9.346152305603027,23.732341766357422,14.677452087402344
2006-12-04,11.516973495483398,,16.962411880493164,19.87415885925293,24.246868133544922,9.130807876586914,15.436092376708984,,9.419965744018555,23.61807632446289,14.833475112915039
2006-12-05,11.566010475158691,,17.029558181762695,19.968088150024414,24.30171012878418,9.134675979614258,15.519530296325684,,9.442873001098633,23.71091651916504,14.958284378051758
2006-12-06,11.520242691040039,,16.98200225830078,19.995716094970703,24.21944808959961,9.07668685913086,15.537409782409668,,9.397056579589844,23.746625900268555,14.946581840515137
2006-12-07,11.592159271240234,,16.881284713745117,19.945980072021484,24.178306579589844,9.041899681091309,15.507611274719238,,9.386879920959473,23.696630477905273,14.876381874084473
2006-12-08,11.621580123901367,,16.8617000579834,20.00676918029785,24.205738067626953,9.041899681091309,15.537409782409668,,9.35888385772705,23.739486694335938,14.907584190368652
2006-12-11,11.57908821105957,,16.819732666015625,20.11726951599121,24.096054077148438,9.096019744873047,15.567209243774414,,9.40978717803955,23.789472579956055,14.962187767028809
2006-12-12,11.448320388793945,,16.85889434814453,20.13385009765625,24.137178421020508,9.065089225769043,15.531455039978027,,9.445414543151855,23.79662322998047,14.880278587341309
2006-12-13,11.516973495483398,,17.029558181762695,20.155942916870117,24.054922103881836,9.080554008483887,15.525495529174805,,9.481053352355957,23.746625900268555,14.958284378051758
2006-12-14,11.601972579956055,,17.275758743286133,20.327226638793945,24.192035675048828,9.157868385314941,15.585094451904297,,9.496326446533203,23.868032455444336,15.11430835723877
2006-12-15,11.689221382141113,,17.119741439819336,20.377891540527344,24.325407028198242,9.159814834594727,15.610247611999512,,9.487589836120605,23.944721221923828,15.050898551940918
2006-12-18,11.570244789123535,,16.625877380371094,20.47811508178711,24.35304832458496,9.124821662902832,15.598265647888184,,9.42081356048584,23.994888305664062,15.039149284362793
2006-12-19,11.656166076660156,,16.909284591674805,20.461408615112305,24.359947204589844,9.066507339477539,15.610247611999512,,9.461907386779785,24.116731643676758,15.046978950500488
2006-12-20,11.59998893737793,,16.67919158935547,20.528223037719727,24.39450454711914,9.070393562316895,15.62222957611084,,9.431085586547852,24.131057739257812,15.043066024780273
2006-12-21,11.461181640625,,16.600618362426758,20.43914222717285,24.346134185791016,9.027626037597656,15.628217697143555,,9.42595386505127,24.066556930541992,14.976516723632812
2006-12-22,11.398391723632812,,16.440673828125,20.33892059326172,24.194095611572266,8.957645416259766,15.616241455078125,,9.392562866210938,23.966218948364258,14.964783668518066
2006-12-26,11.497536659240723,,16.460323333740234,20.522661209106445,24.31157684326172,9.008187294006348,15.676138877868652,,9.438788414001465,23.98055648803711,15.011751174926758
2006-12-27,11.609906196594238,,16.653934478759766,20.66741943359375,24.435970306396484,9.0742769241333,15.730053901672363,,9.490158081054688,24.09522819519043,15.10960578918457
2006-12-28,11.593372344970703,,16.61745834350586,20.57276725769043,24.35304832458496,9.070393562316895,15.724061965942383,,9.43365478515625,24.066556930541992,15.093948364257812
2006-12-29,11.514060974121094,,16.4519100189209,20.45584487915039,24.194095611572266,9.04317569732666,15.646186828613281,,9.431085586547852,24.002058029174805,15.015666007995605
2007-01-03,11.438044548034668,,15.876659393310547,20.556066513061523,24.346134185791016,9.070393562316895,15.748028755187988,,9.456768989562988,24.009225845336914,15.078298568725586
2007-01-04,11.385168075561523,,15.587645530700684,20.489246368408203,24.24246597290039,9.210355758666992,15.771987915039062,,9.44393253326416,24.281566619873047,15.074376106262207
2007-01-05,11.309162139892578,,15.691459655761719,20.327783584594727,24.1595458984375,9.136489868164062,15.658172607421875,,9.274417877197266,24.1453857421875,14.97260856628418
2007-01-08,11.309162139892578,,15.691459655761719,20.4168701171875,24.2493839263916,9.163702964782715,15.682127952575684,,9.26927661895752,24.17406463623047,14.99609088897705
2007-01-09,11.312466621398926,,15.556768417358398,20.383460998535156,24.235572814941406,9.175365447998047,15.718070030212402,,9.276987075805664,24.1453857421875,15.078298568725586
2007-01-10,11.3917818069458,,15.256518363952637,20.450275421142578,24.318498611450195,9.22202205657959,15.783965110778809,,9.279552459716797,24.188386917114258,15.156583786010742
2007-01-11,11.514060974121094,,15.16953182220459,20.57833480834961,24.518898010253906,9.315328598022461,15.903763771057129,,9.289824485778809,24.453569412231445,15.324904441833496
2007-01-12,11.642949104309082,,15.556768417358398,20.600603103637695,24.588008880615234,9.338654518127441,15.879803657531738,,9.212776184082031,24.5682315826416,15.367958068847656
2007-01-16,11.672693252563477,,15.396824836730957,20.656280517578125,24.719303131103516,9.3192138671875,15.891788482666016,,9.241028785705566,24.625587463378906,15.422772407531738
2007-01-17,11.71235466003418,,15.567995071411133,20.600603103637695,24.740039825439453,9.19869327545166,15.939709663391113,,9.261573791503906,24.76892852783203,15.422772407531738
2007-01-18,11.642949104309082,,15.45294189453125,20.51709747314453,24.629470825195312,9.093720436096191,15.91574764251709,,9.25643539428711,24.840593338012695,15.508880615234375
2007-01-19,11.821410179138184,,15.876659393310547,20.57833480834961,24.615652084350586,9.089831352233887,15.939709663391113,,9.259002685546875,24.847747802734375,15.504961967468262
2007-01-22,11.69913101196289,,15.767228126525879,20.561622619628906,24.346134185791016,9.023738861083984,15.921728134155273,,9.25643539428711,24.697235107421875,15.407100677490234
2007-01-23,11.84784984588623,,16.176910400390625,20.550495147705078,24.629470825195312,9.023738861083984,15.951683044433594,,9.31037425994873,24.5682315826416,15.461904525756836
2007-01-24,11.970132827758789,,16.247060775756836,20.76207733154297,24.56036376953125,9.187029838562012,16.01158332824707,,9.34118938446045,24.75459098815918,15.520622253417969
2007-01-25,11.930463790893555,,15.91313648223877,20.461408615112305,24.42906379699707,9.0742769241333,15.909749031066895,,9.333488464355469,24.668582916259766,15.27401351928711
2007-01-26,11.923863410949707,,15.952425956726074,20.500383377075195,24.332307815551758,9.078166961669922,15.867826461791992,,9.31037425994873,24.53240966796875,15.19964599609375
2007-01-29,11.877589225769043,,15.873857498168945,20.400161743164062,24.387603759765625,9.117048263549805,15.909749031066895,,9.34118938446045,24.4965763092041,15.23878002166748
2007-01-30,11.910637855529785,,16.19655418395996,20.47811508178711,24.373764038085938,9.171479225158691,15.897769927978516,,9.369446754455566,24.618408203125,15.281843185424805
2007-01-31,11.980045318603516,,16.300369262695312,20.6451473236084,24.69858169555664,9.225912094116211,15.963666915893555,,9.397699356079102,24.733078002929688,15.446245193481445
2007-02-01,12.125456809997559,,16.35930824279785,20.77877426147461,24.912799835205078,9.187029838562012,16.02356719970703,,9.477319717407227,24.940919876098633,15.501044273376465
2007-02-02,12.105626106262207,,16.4519100189209,20.817747116088867,25.009553909301758,9.233684539794922,16.053512573242188,,9.528681755065918,24.89075469970703,15.544109344482422
2007-02-05,12.05605697631836,,16.43506622314453,20.81218147277832,25.057926177978516,9.210355758666992,15.999608993530273,,9.63142204284668,24.883594512939453,15.49322509765625
2007-02-06,12.138673782348633,,16.384557723999023,20.906835556030273,25.064842224121094,9.19869327545166,15.975643157958984,,9.682785987854004,24.811925888061523,15.548019409179688
2007-02-07,12.138673782348633,,16.286344528198242,20.984779357910156,25.044111251831055,9.241462707519531,15.939709663391113,,9.718744277954102,24.847747802734375,15.62239933013916
2007-02-08,12.151894569396973,,16.4519100189209,20.917957305908203,24.871335983276367,9.25312328338623,15.909749031066895,,9.736723899841309,24.82625389099121,15.59108829498291
2007-02-09,12.095717430114746,,16.384557723999023,20.695253372192383,24.77459716796875,9.152039527893066,15.885794639587402,,9.770112037658691,24.75459098815918,15.446245193481445
2007-02-12,12.145282745361328,,16.157264709472656,20.6451473236084,24.816055297851562,9.113158226013184,15.849852561950684,,9.73415470123291,24.647077560424805,15.371874809265137
2007-02-13,12.389843940734863,,16.39296531677246,20.79547119140625,25.01646614074707,9.14815616607666,15.903763771057129,,9.818914413452148,24.74741554260254,15.504961967468262
2007-02-14,12.465851783752441,,16.39577865600586,20.99591636657715,25.382726669311523,9.276445388793945,15.999608993530273,,9.888261795043945,24.876420974731445,15.587175369262695
2007-02-15,12.52534008026123,,16.27231216430664,21.029319763183594,25.438018798828125,9.31143856048584,16.09545135498047,,9.803500175476074,24.991106033325195,15.638062477111816
2007-02-16,12.462544441223145,,16.275114059448242,21.023754119873047,25.334360122680664,9.292000770568848,16.119415283203125,,9.821480751037598,24.89075469970703,15.618485450744629
2007-02-20,12.564995765686035,,16.092723846435547,21.135108947753906,25.37581443786621,9.295889854431152,16.203275680541992,,9.847166061401367,24.90508270263672,15.732001304626465
2007-02-21,12.644309997558594,,16.26950454711914,21.046018600463867,25.44492530822754,9.280335426330566,16.11341667175293,,9.806070327758789,24.790420532226562,15.669366836547852
2007-02-22,12.64100170135498,,16.415430068969727,20.962505340576172,25.361997604370117,9.330881118774414,16.053512573242188,,9.818914413452148,24.75459098815918,15.634142875671387
2007-02-23,12.690583229064941,,16.4575138092041,20.76763916015625,25.292884826660156,9.323103904724121,16.06549835205078,,9.93191909790039,24.647077560424805,15.598908424377441
2007-02-26,12.806255340576172,,16.55572509765625,20.617305755615234,25.14776611328125,9.299779891967773,16.05950164794922,,10.168207168579102,24.74741554260254,15.465827941894531
2007-02-27,12.287396430969238,,15.896303176879883,19.654096603393555,24.39450454711914,8.942094802856445,15.694114685058594,,9.798361778259277,23.994888305664062,14.933462142944336
2007-02-28,12.300612449645996,,15.966456413269043,20.01598358154297,24.42214584350586,8.977084159851074,15.718070030212402,,9.895965576171875,24.159719467163086,14.984353065490723
2007-03-01,12.247736930847168,,15.915943145751953,19.99372100830078,24.38068199157715,8.969306945800781,15.754006385803223,,9.926783561706543,24.052223205566406,14.898231506347656
2007-03-02,12.04613971710205,,15.72793960571289,19.765451431274414,24.076631546020508,8.802131652832031,15.508423805236816,,9.77268123626709,23.837217330932617,14.788630485534668
2007-03-05,11.887503623962402,,15.545543670654297,19.453649520874023,24.01442527770996,8.821566581726074,15.454504013061523,,9.649401664733887,23.715381622314453,14.592907905578613
2007-03-06,12.128761291503906,,15.84018611907959,19.860097885131836,24.290851593017578,8.957645416259766,15.57430362701416,,9.793230056762695,23.966218948364258,14.843427658081055
2007-03-07,12.069269180297852,,16.03660774230957,19.743181228637695,24.194095611572266,8.844898223876953,15.514406204223633,,9.77268123626709,23.973388671875,14.827770233154297
2007-03-08,12.188246726989746,,16.176910400390625,19.921340942382812,24.373764038085938,8.918764114379883,15.658172607421875,,9.824047088623047,24.052223205566406,14.945204734802246
2007-03-09,12.330351829528809,,16.10675048828125,19.971452713012695,24.498165130615234,8.942094802856445,15.706092834472656,,9.811205863952637,24.10239028930664,14.976516723632812
2007-03-12,12.37001895904541,,16.08431053161621,19.971452713012695,24.615652084350586,8.996522903442383,15.724061965942383,,9.908806800842285,24.10239028930664,14.956941604614258
2007-03-13,12.069269180297852,,15.868243217468262,19.375703811645508,24.201013565063477,8.85267162322998,15.424555778503418,,9.775248527526855,23.70821189880371,14.682943344116211
2007-03-14,12.145282745361328,,16.05063819885254,19.42024040222168,24.29776382446289,8.934318542480469,15.454504013061523,,9.824047088623047,23.80138397216797,14.655535697937012
2007-03-15,12.376623153686523,,16.047828674316406,19.654096603393555,24.325407028198242,8.938206672668457,15.652178764343262,,9.949899673461914,23.858728408813477,14.686856269836426
2007-03-16,12.276689529418945,,15.87525749206543,19.580286026000977,24.412660598754883,8.92265510559082,15.609441757202148,,9.915817260742188,23.883176803588867,14.635096549987793
2007-03-19,12.458687782287598,,16.128623962402344,19.70887565612793,24.585796356201172,8.980971336364746,15.711774826049805,,9.988112449645996,24.070215225219727,14.8507719039917
2007-03-20,12.511639595031738,,16.24405288696289,19.887792587280273,24.64813995361328,9.039286613464355,15.862275123596191,,10.13272476196289,24.192502975463867,14.960577011108398
2007-03-21,12.653922080993652,,16.536836624145508,20.340686798095703,24.98749351501465,9.22202205657959,16.012771606445312,,10.251505851745605,24.43709373474121,15.195870399475098
2007-03-22,12.594359397888184,,16.869033813476562,20.217683792114258,25.03597068786621,9.187029838562012,16.091022491455078,,10.241183280944824,24.523412704467773,15.152729034423828
2007-03-23,12.64730453491211,,16.953495025634766,20.24004554748535,25.181407928466797,9.163702964782715,16.127151489257812,,10.290239334106445,24.401124954223633,15.160572052001953
2007-03-26,12.736652374267578,,17.071739196777344,20.139404296875,24.973630905151367,9.175365447998047,16.012771606445312,,10.334135055541992,24.43709373474121,15.08607292175293
2007-03-27,12.597673416137695,,17.102712631225586,20.016399383544922,24.85590362548828,9.179253578186035,15.940531730651855,,10.318643569946289,24.264446258544922,14.99195384979248
2007-03-28,12.471924781799316,,17.099884033203125,19.764801025390625,24.655061721801758,9.0742769241333,15.910431861877441,,10.297985076904297,24.09899139404297,14.823321342468262
2007-03-29,12.567893028259277,,17.206865310668945,19.86543846130371,24.64813995361328,9.085943222045898,16.0007266998291,,10.357380867004395,24.214086532592773,14.874298095703125
2007-03-30,12.591053009033203,,16.970386505126953,19.921340942382812,24.620433807373047,9.066507339477539,16.042869567871094,,10.251505851745605,24.206899642944336,14.91351318359375
2007-04-02,12.587743759155273,,17.13648796081543,19.736839294433594,24.6619815826416,9.113158226013184,16.085010528564453,,10.496817588806152,24.336383819580078,14.964502334594727
2007-04-03,12.72341537475586,,17.243467330932617,19.98285484313965,24.83511734008789,9.187029838562012,16.193359375,,10.50973129272461,24.588163375854492,15.156649589538574
2007-04-04,12.743271827697754,,17.27162742614746,19.98285484313965,24.738170623779297,9.241462707519531,16.265605926513672,,10.463249206542969,24.732032775878906,15.113517761230469
2007-04-05,12.726725578308105,,17.384231567382812,19.994029998779297,24.814361572265625,9.276445388793945,16.3077392578125,,10.50973129272461,24.904691696166992,15.235081672668457
2007-04-09,12.921958923339844,,17.31948471069336,19.988435745239258,24.786643981933594,9.276445388793945,16.265605926513672,,10.587197303771973,24.911874771118164,15.22331428527832
2007-04-10,12.779672622680664,,17.581302642822266,20.07789421081543,24.779722213745117,9.268672943115234,16.343860626220703,,10.589776992797852,24.947845458984375,15.254683494567871
2007-04-11,12.72341537475586,,17.474323272705078,19.9101619720459,24.682762145996094,9.183141708374023,16.23550033569336,,10.563957214355469,24.83993911743164,15.137043952941895
2007-04-12,12.835929870605469,,17.74176597595215,19.876619338989258,24.98056983947754,9.280335426330566,16.25356674194336,,10.517478942871094,25.120498657226562,15.24292278289795
2007-04-13,12.865700721740723,,17.750213623046875,19.96048355102539,24.973630905151367,9.288110733032227,16.3077392578125,,10.514893531799316,25.487363815307617,15.254683494567871
2007-04-16,13.0377779006958,,17.854387283325195,20.44691276550293,25.17447853088379,9.365873336791992,16.343860626220703,,10.576865196228027,25.731964111328125,15.40762710571289
2007-04-17,12.915340423583984,,17.753026962280273,20.44133186340332,25.17447853088379,9.385307312011719,16.494359970092773,,10.625930786132812,25.811092376708984,15.470375061035156
2007-04-18,12.845855712890625,,17.691097259521484,20.676158905029297,25.243738174438477,9.361984252929688,16.45221710205078,,10.703398704528809,25.803905487060547,15.458610534667969
2007-04-19,12.799528121948242,,17.443361282348633,20.648191452026367,25.326845169067383,9.365873336791992,16.46424674987793,,10.651755332946777,25.91180992126465,15.337037086486816
2007-04-20,12.93188762664795,,17.764297485351562,20.754436492919922,25.49997901916504,9.42029857635498,16.614757537841797,,10.73438549041748,26.012510299682617,15.517426490783691
2007-04-23,12.928577423095703,,17.78400421142578,20.698516845703125,25.596939086914062,9.400859832763672,16.57863998413086,,10.81443977355957,26.041296005249023,15.486061096191406
2007-04-24,12.875630378723145,,17.730510711669922,20.63701820373535,25.52075958251953,9.451403617858887,16.572622299194336,,10.891902923583984,26.041296005249023,15.431158065795898
2007-04-25,13.080796241760254,,18.062711715698242,20.916574478149414,25.7839298248291,9.521384239196777,16.65689468383789,,10.92288589477539,26.120426177978516,15.588024139404297
2007-04-26,13.027849197387695,,18.057085037231445,20.883026123046875,25.770069122314453,9.575812339782715,16.590675354003906,,10.886737823486328,26.149192810058594,15.564489364624023
2007-04-27,13.017912864685059,,18.054269790649414,20.855079650878906,26.06788444519043,9.568041801452637,16.55455207824707,,10.796360969543457,26.062875747680664,15.46252727508545
2007-04-30,12.779672622680664,,17.840301513671875,20.692930221557617,25.763153076171875,9.49417495727539,16.494359970092773,,10.755043029785156,25.97655487060547,15.266451835632324
2007-05-01,12.726725578308105,,17.919139862060547,20.73206901550293,25.922435760498047,9.540824890136719,16.428144454956055,,10.8428373336792,26.03409767150879,15.309589385986328
2007-05-02,12.878938674926758,,18.068344116210938,20.821523666381836,26.088651657104492,9.591367721557617,16.434160232543945,,10.902230262756348,26.19955825805664,15.486061096191406
2007-05-03,12.921958923339844,,18.21472930908203,21.017210006713867,26.27565574645996,9.684676170349121,16.494359970092773,,10.889315605163574,26.25710678100586,15.454687118530273
2007-05-04,13.0377779006958,,18.20066261291504,21.089902877807617,26.303340911865234,9.723553657531738,16.494359970092773,,10.868660926818848,26.400978088378906,15.489973068237305
2007-05-07,13.209848403930664,,18.248516082763672,21.11785888671875,26.37261199951172,9.711893081665039,16.524456024169922,,10.997773170471191,26.458528518676758,15.489973068237305
2007-05-08,13.21977710723877,,18.251331329345703,21.073131561279297,26.35875129699707,9.75076961517334,16.410072326660156,,10.948713302612305,26.357812881469727,15.423320770263672
2007-05-09,13.276029586791992,,18.24288558959961,21.184951782226562,26.428009033203125,9.739104270935059,16.434160232543945,,10.956459045410156,26.444149017333984,15.517426490783691
2007-05-10,13.021232604980469,,17.947284698486328,20.883026123046875,26.247936248779297,9.68856143951416,16.331819534301758,,10.845420837402344,25.97655487060547,15.348809242248535
2007-05-11,13.173449516296387,,18.358312606811523,21.10667610168457,26.44877815246582,9.793537139892578,16.37395668029785,,10.897064208984375,26.07726287841797,15.411559104919434
2007-05-14,13.156898498535156,,18.36394500732422,21.006032943725586,26.331052780151367,9.746879577636719,16.313762664794922,,10.940961837768555,26.048500061035156,15.411559104919434
2007-05-15,13.239631652832031,,18.425886154174805,20.955711364746094,26.400314331054688,9.731331825256348,16.422115325927734,,11.000357627868652,26.01972007751465,15.35665225982666
2007-05-16,13.285957336425781,,18.496261596679688,21.196134567260742,26.53189468383789,9.816864013671875,16.590675354003906,,11.026177406311035,26.31464958190918,15.411559104919434
2007-05-17,13.279336929321289,,18.791858673095703,21.089902877807617,26.58037757873535,9.78964614868164,16.54853057861328,,11.000357627868652,26.213945388793945,15.435073852539062
2007-05-18,13.328973770141602,,19.095911026000977,21.14581298828125,26.490337371826172,9.840189933776855,16.66893768310547,,11.059747695922852,26.321849822998047,15.576250076293945
2007-05-21,13.348827362060547,,19.256378173828125,21.16817855834961,26.6427001953125,9.882959365844727,16.54252052307129,,11.044252395629883,26.37939453125,15.635075569152832
2007-05-22,13.269416809082031,,19.076213836669922,21.184951782226562,26.587289810180664,9.871294021606445,16.572622299194336,,11.023598670959473,26.365015029907227,15.619396209716797
2007-05-23,13.328973770141602,,19.11561393737793,21.16817855834961,26.718889236450195,9.83630084991455,16.524456024169922,,10.850586891174316,26.458528518676758,15.627232551574707
2007-05-24,13.186691284179688,,18.766525268554688,20.978073120117188,26.504188537597656,9.711893081665039,16.45221710205078,,10.607855796813965,26.357812881469727,15.50174617767334
2007-05-25,13.342214584350586,,19.059316635131836,21.017210006713867,26.663471221923828,9.793537139892578,16.55455207824707,,10.613018035888672,26.343427658081055,15.556648254394531
2007-05-29,13.299195289611816,,18.93262481689453,21.10667610168457,26.83661460876465,9.851850509643555,16.614757537841797,,10.64400863647461,26.357812881469727,15.544878005981445
2007-05-30,13.4679536819458,,19.32957649230957,21.25204086303711,26.954357147216797,9.9257230758667,16.693016052246094,,10.775697708129883,26.365015029907227,15.686056137084961
2007-05-31,13.534139633178711,,19.228235244750977,21.190540313720703,27.099788665771484,9.97237491607666,16.717082977294922,,10.804105758666992,26.422563552856445,15.725264549255371
2007-06-01,13.722755432128906,,19.402774810791016,21.25764274597168,27.203655242919922,9.97237491607666,16.795345306396484,,10.74471664428711,26.451339721679688,15.81546401977539
2007-06-04,13.640033721923828,,19.706819534301758,21.229679107666016,27.210590362548828,10.007368087768555,16.855539321899414,,10.703398704528809,26.400978088378906,15.846837997436523
2007-06-05,13.593708038330078,,19.63644027709961,21.1010799407959,27.127492904663086,9.97237491607666,16.753204345703125,,10.56137752532959,26.33622932434082,15.752724647521973
2007-06-06,13.418315887451172,,19.385879516601562,20.92216682434082,26.83661460876465,9.85573959350586,16.644847869873047,,10.393531799316406,26.091655731201172,15.552718162536621
2007-06-07,13.117197036743164,,19.042415618896484,20.569927215576172,26.400314331054688,9.715781211853027,16.434160232543945,,10.070749282836914,25.703187942504883,15.262537956237793
2007-06-08,13.36868667602539,,19.121246337890625,20.810340881347656,26.767362594604492,9.851850509643555,16.53047752380371,,10.14305305480957,25.789508819580078,15.458610534667969
2007-06-11,13.252864837646484,,19.26763916015625,20.9053955078125,26.801998138427734,9.871294021606445,16.62076759338379,,10.27733039855957,25.796710968017578,15.40762710571289
2007-06-12,13.090728759765625,,19.03115463256836,20.620235443115234,26.45571517944336,9.754661560058594,16.46424674987793,,10.109477996826172,25.60967254638672,15.282144546508789
2007-06-13,13.398466110229492,,19.41122055053711,21.011629104614258,27.085941314697266,9.87906551361084,16.590675354003906,,10.310894966125488,25.81829261779785,15.458610534667969
2007-06-14,13.501049995422363,,19.737789154052734,20.978073120117188,27.22445297241211,9.97237491607666,16.614757537841797,,10.375452041625977,25.890228271484375,15.568410873413086
2007-06-15,13.66159725189209,,20.040748596191406,21.053403854370117,27.37096405029297,10.029960632324219,16.650487899780273,,10.514820098876953,26.087661743164062,15.646985054016113
2007-06-18,13.66159725189209,,20.06333351135254,21.04778480529785,27.357070922851562,10.057190895080566,16.565685272216797,,10.40041446685791,25.935794830322266,15.58018970489502
2007-06-19,13.728075981140137,,20.08592414855957,21.137737274169922,27.44039535522461,10.053301811218262,16.444555282592773,,10.468016624450684,25.935794830322266,15.631267547607422
2007-06-20,13.555229187011719,,19.501466751098633,20.766700744628906,27.287628173828125,9.994940757751465,16.42637825012207,,10.19500732421875,25.610334396362305,15.60376262664795
2007-06-21,13.631681442260742,,19.891109466552734,20.800432205200195,27.343175888061523,10.045516967773438,16.47484016418457,,10.26000690460205,25.682653427124023,15.576265335083008
2007-06-22,13.591793060302734,,19.693466186523438,20.536209106445312,27.183486938476562,9.932690620422363,16.383987426757812,,10.0649995803833,25.292098999023438,15.474124908447266
2007-06-25,13.379055976867676,,19.535350799560547,20.37317657470703,27.114059448242188,9.89767837524414,16.31130027770996,,10.119599342346191,25.248703002929688,15.411274909973145
2007-06-26,13.212858200073242,,19.11466407775879,20.182037353515625,26.88491439819336,9.862658500671387,16.268898010253906,,10.0649995803833,25.378894805908203,15.30521011352539
2007-06-27,13.329198837280273,,19.41111183166504,20.485612869262695,27.148759841918945,9.95992660522461,16.396100997924805,,10.21320915222168,25.588632583618164,15.462337493896484
2007-06-28,13.379055976867676,,19.41111183166504,20.451889038085938,27.009897232055664,9.994940757751465,16.36581802368164,,10.210602760314941,25.610334396362305,15.430908203125
2007-06-29,13.46216106414795,,19.4788818359375,20.339447021484375,27.107107162475586,9.95992660522461,16.383987426757812,,10.291208267211914,25.53799819946289,15.450563430786133
2007-07-02,13.678216934204102,,19.823333740234375,20.51371955871582,27.3015193939209,10.045516967773438,16.51723861694336,,10.439417839050293,25.682653427124023,15.533051490783691
2007-07-03,13.681540489196777,,19.975805282592773,20.69361686706543,27.495941162109375,10.115551948547363,16.511178970336914,,10.439417839050293,25.72604751586914,15.556620597839355
2007-07-05,13.711458206176758,,19.927806854248047,20.51934242248535,27.468164443969727,10.154461860656738,16.499069213867188,,10.41861629486084,25.718820571899414,15.639120101928711
2007-07-06,13.827797889709473,,20.198854446411133,20.620527267456055,27.634817123413086,10.173909187316895,16.595979690551758,,10.36401081085205,25.776676177978516,15.780549049377441
2007-07-09,13.861042976379395,,20.388031005859375,20.536209106445312,27.84310531616211,10.232263565063477,16.595979690551758,,10.379616737365723,25.697120666503906,15.7216215133667
2007-07-10,13.66159725189209,,20.20732879638672,20.10333251953125,27.377906799316406,10.115551948547363,16.444555282592773,,10.28341007232666,25.480134963989258,15.442708969116211
2007-07-11,13.761320114135742,,20.28356170654297,20.170801162719727,27.669511795043945,10.173909187316895,16.523286819458008,,10.309405326843262,25.566926956176758,15.533051490783691
2007-07-12,14.110337257385254,,20.676015853881836,20.54183006286621,28.079179763793945,10.34509563446045,16.66259765625,,10.439417839050293,26.044275283813477,15.65483570098877
2007-07-13,14.259919166564941,,20.87930679321289,20.620527267456055,28.273597717285156,10.368439674377441,16.77768898010254,,10.595422744750977,25.979183197021484,15.733400344848633
2007-07-16,14.183464050292969,,20.611087799072266,20.547443389892578,28.45412254333496,10.399566650390625,16.7110652923584,,10.442014694213867,26.008121490478516,15.670548439025879
2007-07-17,14.309778213500977,,20.342853546142578,20.614917755126953,28.62078857421875,10.434581756591797,16.632314682006836,,10.452414512634277,25.928558349609375,15.686258316040039
2007-07-18,14.333049774169922,,20.803075790405273,20.350688934326172,28.55828285217285,10.380112648010254,16.63837432861328,,10.530417442321777,25.85623550415039,15.666622161865234
2007-07-19,14.36628532409668,,20.99224281311035,20.28322982788086,28.815187454223633,10.465702056884766,16.692886352539062,,10.699429512023926,25.718820571899414,15.701981544494629
2007-07-20,14.226675987243652,,20.893428802490234,19.929065704345703,28.398574829101562,10.426799774169922,16.595979690551758,,10.58242416381836,25.480134963989258,15.501629829406738
2007-07-23,14.210058212280273,,20.97813606262207,19.917821884155273,28.586061477661133,10.442359924316406,16.595979690551758,,10.592823028564453,25.6754207611084,15.525199890136719
2007-07-24,13.927513122558594,,20.37108612060547,19.417482376098633,28.19028663635254,10.33731460571289,16.47484016418457,,10.275607109069824,25.415058135986328,15.281628608703613
2007-07-25,13.694840431213379,,20.69578742980957,19.50743293762207,28.25971221923828,10.348987579345703,16.47484016418457,,10.296409606933594,25.40058135986328,15.230563163757324
2007-07-26,13.239453315734863,,19.916507720947266,19.046451568603516,27.669511795043945,10.19336223602295,16.232555389404297,,10.062400817871094,24.879846572875977,14.78272819519043
2007-07-27,12.936968803405762,,19.340534210205078,18.748497009277344,27.155712127685547,9.975486755371094,16.014507293701172,,9.76339054107666,24.286775588989258,14.550947189331055
2007-07-30,13.26271915435791,,19.673694610595703,19.1026668548584,27.738964080810547,10.010505676269531,16.050846099853516,,9.898591995239258,24.59054946899414,14.759147644042969
2007-07-31,13.103168487548828,,19.481704711914062,18.495513916015625,27.3640193939209,9.940471649169922,15.917603492736816,,9.88039779663086,24.32294464111328,14.535231590270996
2007-08-01,13.179615020751953,,19.43088722229004,18.70352554321289,27.565383911132812,10.037736892700195,16.153818130493164,,10.104001998901367,24.489290237426758,14.55487060546875
2007-08-02,13.212858200073242,,19.29817771911621,18.82720375061035,27.75284767150879,10.057190895080566,16.17198371887207,,10.21320915222168,24.699033737182617,14.739509582519531
2007-08-03,12.770766258239746,,18.66855239868164,18.023292541503906,27.183486938476562,9.862658500671387,16.14171028137207,,9.867391586303711,24.359113693237305,14.287735939025879
2007-08-06,12.920347213745117,,18.775850296020508,18.945261001586914,27.593137741088867,10.01828670501709,16.55963134765625,,10.176804542541504,24.836442947387695,14.515584945678711
2007-08-07,13.013422012329102,,19.216304779052734,19.08017349243164,27.593137741088867,10.037736892700195,16.51723861694336,,10.361412048339844,24.952165603637695,14.598089218139648
2007-08-08,13.349143981933594,,19.58052635192871,19.535539627075195,27.80839729309082,10.19336223602295,16.807971954345703,,10.512218475341797,25.241466522216797,14.763075828552246
2007-08-09,13.013422012329102,,19.01866340637207,18.832826614379883,27.06544303894043,9.95992660522461,16.505125045776367,,10.322412490844727,24.648406982421875,14.346668243408203
2007-08-10,12.857196807861328,,19.12030792236328,18.748497009277344,26.75299072265625,9.819865226745605,16.41426658630371,,10.1430025100708,24.518226623535156,14.283812522888184
2007-08-13,12.913700103759766,,19.142898559570312,18.5798397064209,27.114059448242188,9.956035614013672,16.36581802368164,,10.19500732421875,24.59054946899414,14.362386703491211
2007-08-14,12.581303596496582,,19.015836715698242,18.25379180908203,26.419700622558594,9.753726959228516,16.10536766052246,,10.023401260375977,24.388031005859375,13.99703311920166
2007-08-15,12.265521049499512,,18.493501663208008,18.09075355529785,26.10726547241211,9.629225730895996,16.020566940307617,,9.888193130493164,24.33017349243164,13.847746849060059
2007-08-16,12.099319458007812,,18.380558013916016,18.63606071472168,26.12114906311035,9.566974639892578,16.06296730041504,,9.958395004272461,24.3374080657959,13.867398262023926
2007-08-17,12.265521049499512,,19.05818748474121,19.395000457763672,26.384986877441406,9.66035270690918,16.14171028137207,,10.044198989868164,24.39527130126953,13.965604782104492
2007-08-20,12.494876861572266,,19.015836715698242,19.136396408081055,26.76686668395996,9.695365905761719,16.262855529785156,,10.098804473876953,24.510982513427734,14.040250778198242
2007-08-21,12.571330070495605,,18.747608184814453,19.271324157714844,26.662731170654297,9.726490020751953,16.262855529785156,,10.088399887084961,24.576080322265625,14.134530067443848
2007-08-22,13.046658515930176,,18.97348403930664,19.32191276550293,27.141820907592773,9.85488510131836,16.30525016784668,,10.205408096313477,24.699033737182617,14.323101997375488
2007-08-23,12.797359466552734,,19.142898559570312,19.35002326965332,26.99600601196289,9.882116317749023,16.31130027770996,,10.236605644226074,24.8581485748291,14.268101692199707
2007-08-24,13.09652328491211,,19.552297592163086,19.417482376098633,27.218202590942383,10.022175788879395,16.42637825012207,,10.299010276794434,25.010032653808594,14.55487060546875
2007-08-27,12.98017692565918,,19.31229591369629,19.19261360168457,27.155712127685547,9.967707633972168,16.35369873046875,,10.036399841308594,24.836442947387695,14.354521751403809
2007-08-28,12.681025505065918,,18.84642791748047,18.619192123413086,26.50303077697754,9.788744926452637,16.165935516357422,,9.88039779663086,24.583314895629883,14.008821487426758
2007-08-29,12.930315971374512,,19.470409393310547,18.844064712524414,27.127939224243164,10.022175788879395,16.30525016784668,,10.075400352478027,24.764129638671875,14.448802947998047
2007-08-30,12.897076606750488,,19.45911979675293,18.72600746154785,26.9612979888916,10.064973831176758,16.250732421875,,10.057196617126465,24.764129638671875,14.389877319335938
2007-08-31,13.013422012329102,,19.716047286987305,18.973365783691406,27.37096405029297,10.131114959716797,16.293123245239258,,10.036399841308594,24.879846572875977,14.625588417053223
2007-09-04,13.196242332458496,,20.07463264465332,19.119529724121094,27.495941162109375,10.286737442016602,16.468782424926758,,10.231406211853027,25.09682273864746,14.64522933959961
2007-09-05,13.079899787902832,,19.967336654663086,18.889039993286133,27.218202590942383,10.177800178527832,16.31735610961914,,10.205408096313477,25.046192169189453,14.4134521484375
2007-09-06,13.146373748779297,,20.27227020263672,18.748497009277344,27.44039535522461,10.228376388549805,16.274959564208984,,10.218406677246094,25.125751495361328,14.448802947998047
2007-09-07,12.837248802185059,,19.837453842163086,18.557355880737305,26.877971649169922,10.01828670501709,16.202274322509766,,10.1430025100708,24.8581485748291,14.10310173034668
2007-09-10,12.757473945617676,,19.806406021118164,18.495513916015625,26.898799896240234,9.998833656311035,16.244670867919922,,10.150802612304688,24.879846572875977,14.028460502624512
2007-09-11,12.923670768737793,,20.145212173461914,18.68665885925293,27.141820907592773,10.142784118652344,16.35369873046875,,10.218406677246094,25.06788444519043,14.18559741973877
2007-09-12,12.996801376342773,,20.286386489868164,18.72600746154785,27.12099838256836,10.115551948547363,16.438491821289062,,10.304213523864746,25.176382064819336,14.193460464477539
2007-09-13,13.040005683898926,,20.413442611694336,19.035207748413086,27.40567398071289,10.115551948547363,16.486949920654297,,10.3250093460083,25.234228134155273,14.389877319335938
2007-09-14,13.129758834838867,,20.469905853271484,19.1026668548584,27.454280853271484,10.064973831176758,16.583852767944336,,10.322412490844727,25.16191291809082,14.484156608581543
2007-09-17,13.116461753845215,,20.512264251708984,18.922765731811523,27.218202590942383,10.061083793640137,16.486949920654297,,10.33021068572998,25.082353591918945,14.307374000549316
2007-09-18,13.728075981140137,,21.13341522216797,19.63673210144043,28.10000991821289,10.259504318237305,16.807971954345703,,10.569421768188477,25.53076934814453,14.865220069885254
2007-09-19,13.88430404663086,,21.31694221496582,19.76041030883789,28.398574829101562,10.298410415649414,16.820079803466797,,10.686426162719727,25.63202667236328,14.892718315124512
2007-09-20,13.841095924377441,,21.30282211303711,19.5186710357666,28.162519454956055,10.33731460571289,16.83824920654297,,10.540816307067871,25.603103637695312,14.598089218139648
2007-09-21,13.881163597106934,,21.429641723632812,19.595130920410156,28.353721618652344,10.416450500488281,16.846778869628906,,10.557573318481445,25.728647232055664,14.603201866149902
2007-09-24,13.897860527038574,,21.390010833740234,19.323291778564453,28.081562042236328,10.389162063598633,16.834598541259766,,10.596857070922852,25.677852630615234,14.48117446899414
2007-09-25,13.851109504699707,,21.038984298706055,19.283649444580078,28.193212509155273,10.49442195892334,16.810237884521484,,10.609946250915527,25.590761184692383,14.292245864868164
2007-09-26,14.024752616882324,,21.098430633544922,19.289308547973633,28.388614654541016,10.560694694519043,16.92595863342285,,10.662317276000977,25.73590850830078,14.496930122375488
2007-09-27,14.188371658325195,,21.373027801513672,19.51584243774414,28.514217376708984,10.552894592285156,16.98686981201172,,10.586379051208496,25.837522506713867,14.426074028015137
2007-09-28,14.061478614807129,,21.17487144470215,19.43655776977539,28.667766571044922,10.513915061950684,17.04167938232422,,10.42142105102539,25.65607452392578,14.496930122375488
2007-10-01,14.325284004211426,,21.54286766052246,19.80467987060547,29.037609100341797,10.626961708068848,16.99295997619629,,10.562813758850098,26.04799461364746,14.685856819152832
2007-10-02,14.22511100769043,,21.20600128173828,20.03120994567871,28.800342559814453,10.665946006774902,16.999048233032227,,10.60208797454834,25.902835845947266,14.68192195892334
2007-10-03,14.041448593139648,,21.08145523071289,19.98589515686035,28.60494041442871,10.5412015914917,16.956409454345703,,10.568052291870117,26.004446029663086,14.764588356018066
2007-10-04,14.101551055908203,,21.160715103149414,20.104835510253906,28.702640533447266,10.56849193572998,16.99295997619629,,10.625658988952637,25.975412368774414,14.689797401428223
2007-10-05,14.341978073120117,,21.262624740600586,20.32570457458496,29.016687393188477,10.681543350219727,17.05385398864746,,10.70944595336914,26.30927276611328,15.016498565673828
2007-10-08,14.25849723815918,,21.047481536865234,20.04819679260254,28.96782684326172,10.701031684875488,16.94423484802246,,10.693737983703613,26.12782859802246,14.91810131072998
2007-10-09,14.52563190460205,,21.47209930419922,20.21809959411621,29.239990234375,10.77900218963623,17.04167938232422,,10.811565399169922,26.345561981201172,14.9417142868042
2007-10-10,14.438814163208008,,21.749534606933594,20.104835510253906,28.91897964477539,10.814085960388184,17.11476707458496,,10.730390548706055,26.389114379882812,14.878731727600098
2007-10-11,14.35867691040039,,21.641963958740234,19.99722671508789,28.709625244140625,10.697134971618652,17.157400131225586,,10.840371131896973,26.16411590576172,14.81181812286377
2007-10-12,14.475546836853027,,21.845775604248047,20.127483367919922,28.835222244262695,10.802389144897461,17.193941116333008,,10.811565399169922,26.30927276611328,14.886609077453613
2007-10-15,14.392064094543457,,22.02412986755371,19.719724655151367,28.611923217773438,10.7244234085083,17.139129638671875,,10.733012199401855,26.02622413635254,14.650437355041504
2007-10-16,14.13828182220459,,22.080739974975586,19.351608276367188,28.48630142211914,10.7244234085083,17.0660400390625,,10.706830978393555,25.83026885986328,14.603201866149902
2007-10-17,14.13160514831543,,21.93920135498047,19.34027671813965,28.563077926635742,10.814085960388184,17.126956939697266,,10.735627174377441,25.852033615112305,14.618947982788086
2007-10-18,14.241796493530273,,22.109046936035156,19.096755981445312,28.639833450317383,10.841376304626465,17.0660400390625,,10.64137077331543,25.859296798706055,14.485119819641113
2007-10-19,13.931253433227539,,21.06163787841797,18.462467193603516,27.84428596496582,10.584077835083008,16.889415740966797,,10.405709266662598,25.547204971313477,14.162348747253418
2007-10-22,13.827735900878906,,20.821008682250977,18.68900489807129,27.94896697998047,10.650352478027344,16.999048233032227,,10.479024887084961,25.547204971313477,14.288307189941406
2007-10-23,14.04812240600586,,21.118249893188477,18.790935516357422,28.13736915588379,10.76730728149414,17.05385398864746,,10.48426628112793,25.84477424621582,14.355226516723633
2007-10-24,14.07483959197998,,21.256959915161133,18.649354934692383,28.05363655090332,10.658150672912598,17.005136489868164,,10.473784446716309,25.65607452392578,14.307988166809082
2007-10-25,14.185029983520508,,21.45795249938965,18.632362365722656,28.102489471435547,10.74781322479248,17.145225524902344,,10.730390548706055,25.808496475219727,14.221397399902344
2007-10-26,14.45217227935791,,21.783498764038086,19.085432052612305,28.12342643737793,10.892056465148926,17.260950088500977,,10.877030372619629,25.895591735839844,14.386710166931152
2007-10-29,14.61245059967041,,21.88823699951172,19.14206314086914,28.30487632751465,10.92324161529541,17.267038345336914,,10.973912239074707,26.004446029663086,14.426074028015137
2007-10-30,14.268511772155762,,21.143718719482422,18.847576141357422,28.05363655090332,10.942732810974121,17.193941116333008,,10.987004280090332,25.975412368774414,14.382779121398926
2007-10-31,14.645838737487793,,21.712732315063477,19.102415084838867,28.297887802124023,11.071374893188477,17.303579330444336,,11.115303039550781,26.135080337524414,14.426074028015137
2007-11-01,14.13828182220459,,21.075777053833008,18.122663497924805,27.816356658935547,10.950532913208008,16.96250343322754,,10.88750171661377,25.772199630737305,14.060009956359863
2007-11-02,14.265175819396973,,21.47209930419922,18.03205108642578,28.06760597229004,10.973919868469238,17.07213592529297,,10.976536750793457,25.69963264465332,14.052144050598145
2007-11-05,14.09821605682373,,21.299421310424805,17.70924186706543,27.94896697998047,10.958327293395996,17.09649658203125,,11.096975326538086,25.68510627746582,13.863203048706055
2007-11-06,14.42879867553711,,22.009973526000977,18.0093994140625,28.388614654541016,11.016802787780762,17.212221145629883,,11.107450485229492,25.822999954223633,13.985219955444336
2007-11-07,14.024752616882324,,21.10409927368164,17.02397346496582,27.704721450805664,10.720521926879883,17.02340316772461,,10.853458404541016,25.23512840270996,13.697881698608398
2007-11-08,14.158318519592285,,21.47209930419922,17.19954490661621,27.71169090270996,10.338483810424805,17.145225524902344,,11.065556526184082,25.40205192565918,13.65851879119873
2007-11-09,13.867807388305664,,21.075777053833008,17.06928825378418,27.1603946685791,10.124069213867188,16.980772018432617,,10.979146957397461,25.33673858642578,13.347561836242676
2007-11-12,13.313498497009277,,20.056671142578125,17.13158416748047,26.86728286743164,9.960341453552246,16.99295997619629,,10.788003921508789,25.40205192565918,13.3672456741333
2007-11-13,13.667447090148926,,20.764394760131836,17.935773849487305,27.551179885864258,10.2995023727417,17.24876594543457,,10.87964916229248,25.73590850830078,13.737244606018066
2007-11-14,13.737576484680176,,20.733261108398438,17.867813110351562,27.460472106933594,10.2410249710083,17.334033966064453,,10.814190864562988,25.837522506713867,13.520753860473633
2007-11-15,13.440386772155762,,20.042522430419922,17.414745330810547,27.076644897460938,10.116278648376465,17.321855545043945,,10.91107177734375,25.677852630615234,13.390861511230469
2007-11-16,13.413676261901855,,20.569068908691406,17.278823852539062,27.083620071411133,10.260518074035645,17.401023864746094,,10.913683891296387,25.793983459472656,13.386924743652344
2007-11-19,13.063051223754883,,20.226530075073242,16.81443214416504,26.692827224731445,10.05780029296875,17.279220581054688,,10.945108413696289,25.648813247680664,13.091711044311523
2007-11-20,13.263401985168457,,20.877634048461914,16.446321487426758,26.73470687866211,10.14356803894043,17.419300079345703,,11.07864761352539,25.69963264465332,13.103522300720215
2007-11-21,13.002947807312012,,20.424686431884766,16.191465377807617,26.288070678710938,9.952545166015625,17.206127166748047,,10.987004280090332,25.126266479492188,12.97756576538086
2007-11-23,13.196623802185059,,20.962556838989258,16.576576232910156,26.63701057434082,10.050005912780762,17.382761001586914,,10.976536750793457,25.532697677612305,13.205859184265137
2007-11-26,12.919466018676758,,20.23784828186035,16.021570205688477,26.21828842163086,9.839491844177246,17.206127166748047,,10.958200454711914,25.33673858642578,12.863409996032715
2007-11-27,13.022982597351074,,20.01421356201172,16.31039810180664,26.741668701171875,9.94864559173584,17.38884925842285,,11.000096321105957,25.663339614868164,13.068093299865723
2007-11-28,13.64074420928955,,20.509613037109375,17.284488677978516,27.39067268371582,10.2410249710083,17.662935256958008,,11.191244125366211,26.272981643676758,13.575862884521484
2007-11-29,13.777649879455566,,20.736087799072266,17.13158416748047,27.39067268371582,10.291701316833496,17.754289627075195,,11.115303039550781,26.432659149169922,13.442032814025879
2007-11-30,13.907880783081055,,20.798364639282227,17.556324005126953,27.495363235473633,10.237130165100098,17.778657913208008,,11.188623428344727,26.468942642211914,13.638839721679688
2007-12-03,13.837753295898438,,20.877634048461914,17.414745330810547,27.216209411621094,10.17475414276123,17.711652755737305,,11.298598289489746,26.302013397216797,13.567987442016602
2007-12-04,13.75427532196045,,20.665315628051758,17.091936111450195,27.153406143188477,10.135771751403809,17.687294006347656,,11.379773139953613,26.294755935668945,13.524689674377441
2007-12-05,14.008058547973633,,21.121082305908203,17.346784591674805,27.600038528442383,10.369673728942871,17.760377883911133,,11.576151847839355,26.50524139404297,13.505008697509766
2007-12-06,14.231782913208008,,21.69858741760254,17.907459259033203,27.914079666137695,10.474929809570312,17.754289627075195,,11.508075714111328,26.68668556213379,13.623089790344238
2007-12-07,14.365349769592285,,21.565523147583008,17.66959571838379,28.12342643737793,10.486618995666504,17.943105697631836,,11.568299293518066,26.672161102294922,13.737244606018066
2007-12-10,14.569042205810547,,21.783498764038086,18.04337501525879,28.256013870239258,10.53730297088623,17.961368560791016,,11.620664596557617,26.722957611083984,13.745113372802734
2007-12-11,13.964637756347656,,21.245643615722656,17.13158416748047,27.355789184570312,10.37356948852539,17.766469955444336,,11.350966453552246,26.30927276611328,13.304261207580566
2007-12-12,14.151641845703125,,21.93920135498047,17.001327514648438,27.704721450805664,10.552894592285156,17.815195083618164,,11.353583335876465,26.323795318603516,13.347561836242676
2007-12-13,14.26183795928955,,21.992992401123047,16.99565887451172,27.84428596496582,10.498316764831543,17.89437484741211,,11.521170616149902,26.30927276611328,13.260969161987305
2007-12-14,14.011399269104004,,21.641963958740234,16.62187957763672,27.537229537963867,10.432045936584473,17.675111770629883,,11.306456565856934,25.91008949279785,13.087779998779297
2007-12-17,13.513854026794434,,21.25412940979004,16.446321487426758,27.041759490966797,10.233230590820312,17.553302764892578,,11.20171070098877,25.63431167602539,12.965752601623535
2007-12-18,13.66411304473877,,21.45795249938965,16.4576416015625,27.1185245513916,10.233230590820312,17.47412109375,,11.30121898651123,25.83026885986328,13.087779998779297
2007-12-19,13.644082069396973,,21.664608001708984,16.553922653198242,27.027801513671875,10.2995023727417,17.62029457092285,,11.272418022155762,25.81574821472168,12.96969223022461
2007-12-20,13.894515991210938,,21.93920135498047,16.43498992919922,27.251115798950195,10.447638511657715,17.541118621826172,,11.322159767150879,25.968158721923828,13.032669067382812
2007-12-21,14.19521427154541,,22.506549835205078,16.739023208618164,27.732128143310547,10.581968307495117,17.961694717407227,,11.345120429992676,26.12841796875,13.058435440063477
2007-12-24,14.326680183410645,,22.60873031616211,17.041921615600586,28.04066276550293,10.660296440124512,17.93720054626465,,11.400522232055664,26.215818405151367,13.300254821777344
2007-12-26,14.400846481323242,,22.86131477355957,16.921899795532227,27.935474395751953,10.719038963317871,17.875986099243164,,11.34247875213623,26.18667984008789,13.2566556930542
2007-12-27,14.131156921386719,,22.62008285522461,16.579010009765625,27.6129150390625,10.570216178894043,17.704570770263672,,11.242218971252441,25.917171478271484,13.070332527160645
2007-12-28,14.14127254486084,,22.81023406982422,16.53900909423828,27.584880828857422,10.519309997558594,17.771915435791016,,11.324007987976074,25.8151912689209,13.010863304138184
2007-12-31,14.057004928588867,,22.520734786987305,16.533292770385742,27.45866584777832,10.440979957580566,17.631113052368164,,11.168344497680664,25.720491409301758,12.96329116821289
2008-01-02,13.922157287597656,,22.56330680847168,16.207536697387695,27.00289535522461,10.229498863220215,17.380109786987305,,11.105026245117188,25.45098114013672,12.765077590942383
2008-01-03,14.174985885620117,,22.830095291137695,16.10466957092285,27.023927688598633,10.245163917541504,17.288288116455078,,11.089194297790527,25.603961944580078,12.622361183166504
2008-01-04,13.746874809265137,,21.995677947998047,15.64747142791748,26.46998405456543,9.845696449279785,17.21481704711914,,11.173624038696289,25.341724395751953,12.225931167602539
2008-01-07,13.558096885681152,,21.91054344177246,15.687478065490723,26.140430450439453,9.75953483581543,17.416839599609375,,11.405801773071289,25.844329833984375,12.269540786743164
2008-01-08,13.349092483520508,,21.527379989624023,15.115986824035645,25.558435440063477,9.501057624816895,17.288288116455078,,11.408438682556152,26.055566787719727,12.031683921813965
2008-01-09,13.433371543884277,,21.81119728088379,15.401735305786133,25.635578155517578,9.634217262268066,17.52091407775879,,11.532441139221191,26.521764755249023,12.118896484375
2008-01-10,13.615402221679688,,21.72037696838379,15.664610862731934,25.9931697845459,9.649879455566406,17.551525115966797,,11.461212158203125,26.485340118408203,12.289361000061035
2008-01-11,13.477184295654297,,21.45643424987793,15.716055870056152,25.551410675048828,9.508890151977539,17.30664825439453,,11.45856761932373,26.565458297729492,11.995997428894043
2008-01-14,13.928912162780762,,21.88214683532715,15.933223724365234,25.866954803466797,9.700790405273438,17.233186721801758,,11.474401473999023,26.36150550842285,12.110966682434082
2008-01-15,13.547983169555664,,20.97678565979004,15.276004791259766,25.327041625976562,9.497145652770996,17.04952621459961,,11.353035926818848,26.06285285949707,11.888962745666504
2008-01-16,13.096269607543945,,20.278593063354492,15.533177375793457,25.03254508972168,9.28957748413086,16.98830795288086,,11.149876594543457,26.12841796875,11.95635986328125
2008-01-17,12.449041366577148,,19.512292861938477,14.744511604309082,24.366413116455078,9.207334518432617,16.865863800048828,,10.71982192993164,25.62580108642578,11.75814151763916
2008-01-18,12.590621948242188,,19.554866790771484,14.573070526123047,24.31732749938965,9.04676342010498,16.620994567871094,,10.561514854431152,25.254304885864258,11.702645301818848
2008-01-22,12.47601318359375,,19.001426696777344,14.887391090393066,24.40147590637207,8.878360748291016,16.449575424194336,,10.197418212890625,24.336502075195312,11.932571411132812
2008-01-23,12.691752433776855,,19.17739486694336,15.944648742675781,25.06760597229004,8.956684112548828,16.6516056060791,,10.469168663024902,24.511329650878906,12.368646621704102
2008-01-24,12.894010543823242,,19.85287094116211,15.950358390808105,25.214859008789062,9.085926055908203,16.572019577026367,,10.184225082397461,24.416622161865234,12.491541862487793
2008-01-25,12.958062171936035,,19.49810218811035,15.533177375793457,25.102659225463867,8.944936752319336,16.345516204833984,,10.073412895202637,24.030569076538086,12.23386287689209
2008-01-28,13.214255332946777,,19.940858840942383,16.087522506713867,25.474292755126953,8.984099388122559,16.47406578063965,,10.231712341308594,24.336502075195312,12.436041831970215
2008-01-29,13.281679153442383,,20.165071487426758,16.333269119262695,25.698680877685547,9.062423706054688,16.523038864135742,,10.266010284423828,24.402063369750977,12.475683212280273
2008-01-30,13.231111526489258,,19.912471771240234,16.001798629760742,25.8038387298584,8.991933822631836,16.40672492980957,,10.213244438171387,24.117963790893555,12.396397590637207
2008-01-31,13.467079162597656,,19.7535457611084,16.65329933166504,25.944095611572266,9.105506896972656,16.6516056060791,,10.347805976867676,24.5477352142334,12.915722846984863
2008-02-01,13.794055938720703,,20.25020980834961,16.9619083404541,26.540102005004883,9.262160301208496,16.81689453125,,10.61691951751709,24.664281845092773,13.030684471130371
2008-02-04,13.57831859588623,,20.264404296875,16.470415115356445,26.252620697021484,9.070262908935547,16.712818145751953,,10.769947052001953,24.751693725585938,12.844365119934082
2008-02-05,13.187286376953125,,19.427148818969727,15.801778793334961,25.586490631103516,8.843111038208008,16.486309051513672,,10.445423126220703,24.30007553100586,12.483610153198242
2008-02-06,13.096269607543945,,19.16036605834961,15.618897438049316,25.54440689086914,8.74520206451416,16.418962478637695,,10.426953315734863,24.365633010864258,12.348827362060547
2008-02-07,13.146841049194336,,19.53783416748047,15.761770248413086,25.551410675048828,8.800031661987305,16.590383529663086,,10.371546745300293,24.270950317382812,12.586682319641113
2008-02-08,13.426627159118652,,19.824491500854492,15.498886108398438,25.362106323242188,8.733455657958984,16.40672492980957,,10.289759635925293,24.117963790893555,12.515326499938965
2008-02-11,13.473820686340332,,20.335369110107422,15.155985832214355,25.61452293395996,8.886189460754395,16.614871978759766,,10.374185562133789,24.045129776000977,12.646148681640625
2008-02-12,13.716533660888672,,20.324007034301758,15.573182106018066,25.873971939086914,8.905773162841797,16.835268020629883,,10.550958633422852,24.394784927368164,12.669931411743164
2008-02-13,13.659225463867188,,20.817846298217773,15.516029357910156,26.336774826049805,9.109426498413086,16.755678176879883,,10.500835418701172,24.358348846435547,12.832469940185547
2008-02-14,13.48393440246582,,20.6390438079834,15.093130111694336,25.944095611572266,8.929268836975098,16.669963836669922,,10.368912696838379,24.25637435913086,12.709579467773438
2008-02-15,13.568205833435059,,20.67593002319336,15.333160400390625,25.782812118530273,8.897940635681152,16.743431091308594,,10.514018058776855,24.278230667114258,12.776969909667969
2008-02-19,13.905303955078125,,21.357091903686523,15.310288429260254,25.90902328491211,8.815696716308594,17.012794494628906,,10.429595947265625,24.584156036376953,12.630291938781738
2008-02-20,13.986212730407715,,21.61252784729004,15.487455368041992,25.9931697845459,8.831360816955566,16.6516056060791,,10.450700759887695,24.511329650878906,12.804722785949707
2008-02-21,13.79743480682373,,21.01936149597168,15.213142395019531,25.789827346801758,8.815696716308594,16.712818145751953,,10.22115707397461,24.25637435913086,12.499469757080078
2008-02-22,13.928912162780762,,21.257761001586914,15.544599533081055,26.049274444580078,8.807861328125,16.896480560302734,,10.400569915771484,24.307357788085938,12.773009300231934
2008-02-25,14.249150276184082,,21.86511993408203,15.544599533081055,26.252620697021484,8.85877513885498,16.92096710205078,,10.411127090454102,24.62058448791504,12.943474769592285
2008-02-26,14.316563606262207,,22.236923217773438,15.681758880615234,26.27366065979004,8.960602760314941,17.12911033630371,,10.545684814453125,24.402063369750977,13.070332527160645
2008-02-27,14.313189506530762,,21.94743537902832,15.750349998474121,26.322734832763672,8.96843433380127,16.896480560302734,,10.292394638061523,24.511329650878906,13.042581558227539
2008-02-28,14.235664367675781,,22.324907302856445,15.258855819702148,26.133399963378906,8.85486125946045,16.92708969116211,,10.223799705505371,24.227243423461914,12.733365058898926
2008-02-29,13.777207374572754,,21.58414649963379,14.7616605758667,25.418193817138672,8.67470932006836,16.608745574951172,,9.923017501831055,23.892162322998047,12.416214942932129
2008-03-03,14.006442070007324,,21.853775024414062,14.561635971069336,25.789827346801758,8.670795440673828,16.77403450012207,,10.073412895202637,23.884885787963867,12.388472557067871
2008-03-04,13.66933822631836,,21.428050994873047,14.481630325317383,25.488313674926758,8.682541847229004,16.761804580688477,,10.247549057006836,23.91402244567871,12.368646621704102
2008-03-05,14.053631782531738,,21.96729850769043,14.367329597473145,25.824892044067383,8.74520206451416,16.804658889770508,,10.218521118164062,23.870298385620117,12.372611045837402
2008-03-06,13.928912162780762,,21.527379989624023,13.870131492614746,25.334056854248047,8.623797416687012,16.6516056060791,,10.010086059570312,23.389554977416992,12.071324348449707
2008-03-07,13.345720291137695,,20.93421173095703,13.898701667785645,24.969430923461914,8.623797416687012,16.572019577026367,,9.946767807006836,23.120040893554688,11.95635986328125
2008-03-10,13.059191703796387,,20.67593002319336,13.504376411437988,24.569753646850586,8.529801368713379,16.486309051513672,,9.933573722839355,22.581010818481445,11.817609786987305
2008-03-11,13.854743003845215,,21.740249633789062,14.390185356140137,25.4041690826416,8.831360816955566,16.835268020629883,,10.105071067810059,22.799535751342773,12.138713836669922
2008-03-12,13.65584945678711,,21.257761001586914,14.150160789489746,25.355091094970703,8.741289138793945,16.792404174804688,,10.105071067810059,22.799535751342773,12.071324348449707
2008-03-13,13.989583015441895,,21.61252784729004,14.115867614746094,25.7056884765625,8.706038475036621,16.792404174804688,,10.073412895202637,22.770397186279297,12.083216667175293
2008-03-14,13.743501663208008,,21.21803092956543,13.715822219848633,25.299007415771484,8.596381187438965,16.50467300415039,,9.999536514282227,22.347917556762695,11.908782958984375
2008-03-17,13.467079162597656,,20.47726821899414,13.401510238647461,25.172786712646484,8.55721664428711,16.412843704223633,,10.004812240600586,22.318775177001953,11.750216484069824
2008-03-18,13.93901538848877,,21.37128448486328,14.527342796325684,26.498027801513672,8.941017150878906,16.712818145751953,,10.181581497192383,23.01806640625,12.214035987854004
2008-03-19,12.995146751403809,,20.065736770629883,14.144451141357422,25.5303897857666,8.67470932006836,16.804658889770508,,9.981062889099121,22.71940803527832,12.051499366760254
2008-03-20,12.951183319091797,,20.154827117919922,15.162991523742676,25.79873275756836,8.771077156066895,16.999135971069336,,9.952101707458496,22.74794578552246,12.404794692993164
2008-03-24,13.411070823669434,,20.507766723632812,15.358869552612305,26.383296966552734,9.080552101135254,17.189931869506836,,9.983992576599121,23.047935485839844,12.817621231079102
2008-03-25,13.813471794128418,,20.71270179748535,15.312788963317871,26.545297622680664,9.088387489318848,17.233013153076172,,9.954757690429688,23.091833114624023,12.7144136428833
2008-03-26,13.75259780883789,,21.162424087524414,14.759726524353027,26.333999633789062,8.912108421325684,17.091463088989258,,9.991962432861328,22.865020751953125,12.47624397277832
2008-03-27,13.715404510498047,,20.948949813842773,14.529288291931152,26.045236587524414,8.841588020324707,17.17761993408203,,10.092945098876953,22.982088088989258,12.357158660888672
2008-03-28,13.600434303283691,,20.89202308654785,14.200899124145508,25.94662857055664,8.786748886108398,17.159156799316406,,9.999932289123535,22.923545837402344,12.118985176086426
2008-03-31,13.583524703979492,,21.079883575439453,14.327653884887695,26.341053009033203,8.774996757507324,17.146852493286133,,10.08231258392334,22.80647850036621,12.194402694702148
2008-04-01,14.016358375549316,,21.47552490234375,15.335824012756348,26.939706802368164,9.02962589263916,17.35611915588379,,10.342737197875977,23.172319412231445,12.742204666137695
2008-04-02,14.111038208007812,,21.774394989013672,15.324309349060059,27.059438705444336,9.139314651489258,17.362266540527344,,10.47561264038086,23.011350631713867,12.742204666137695
2008-04-03,14.368040084838867,,21.825613021850586,15.393436431884766,26.939706802368164,9.135396003723145,17.31302833557129,,10.419811248779297,22.938186645507812,12.781895637512207
2008-04-04,14.510059356689453,,22.00494384765625,15.186033248901367,27.045351028442383,9.104058265686035,17.460735321044922,,10.409178733825684,23.121112823486328,12.722350120544434
2008-04-07,14.432284355163574,,22.12162971496582,15.278217315673828,26.87631607055664,9.111894607543945,17.34995460510254,,10.454355239868164,23.38450050354004,12.674720764160156
2008-04-08,14.567545890808105,,22.372121810913086,15.105389595031738,26.855192184448242,9.057051658630371,17.343795776367188,,10.523445129394531,23.30402374267578,12.646932601928711
2008-04-09,14.411995887756348,,22.414810180664062,14.851903915405273,26.5945987701416,9.017875671386719,17.17146873474121,,10.496871948242188,23.19426918029785,12.36906623840332
2008-04-10,14.449193000793457,,22.372121810913086,14.759726524353027,26.707277297973633,9.092302322387695,17.21454429626465,,10.422466278076172,23.377187728881836,12.500057220458984
2008-04-11,14.263208389282227,,22.059019088745117,14.477433204650879,25.65786361694336,8.84942626953125,17.1037654876709,,10.435759544372559,23.069883346557617,12.269826889038086
2008-04-14,14.192198753356934,,22.565664291381836,14.137533187866211,25.671953201293945,8.814167976379395,17.09761619567871,,10.419811248779297,22.967443466186523,12.1824951171875
2008-04-15,14.269967079162598,,22.685203552246094,14.281564712524414,25.79167938232422,8.814167976379395,17.202241897583008,,10.534079551696777,22.94550132751465,12.166616439819336
2008-04-16,14.953038215637207,,23.45372200012207,14.66754150390625,26.510086059570312,9.17457103729248,17.30071258544922,,10.754648208618164,23.069883346557617,12.436548233032227
2008-04-17,14.878641128540039,,23.433794021606445,14.92103385925293,26.200180053710938,9.170652389526367,17.325332641601562,,10.77590274810791,22.923545837402344,12.492119789123535
2008-04-18,14.959799766540527,,23.792430877685547,15.249415397644043,26.988990783691406,9.331268310546875,17.208398818969727,,10.810454368591309,23.143047332763672,12.730294227600098
2008-04-21,14.996992111206055,,24.062824249267578,15.013206481933594,26.89743995666504,9.39002513885498,17.25763511657715,,10.712124824523926,23.069883346557617,12.730294227600098
2008-04-22,14.878641128540039,,24.074216842651367,14.805810928344727,26.467823028564453,9.343017578125,17.15300750732422,,10.680237770080566,22.82843017578125,12.547694206237793
2008-04-23,14.645319938659668,,23.88636016845703,14.707873344421387,26.48191261291504,9.401780128479004,17.263782501220703,,10.696182250976562,22.901601791381836,12.543722152709961
2008-04-24,14.432284355163574,,23.260160446166992,15.237892150878906,26.650949478149414,9.51538372039795,17.28840446472168,,10.685555458068848,22.974760055541992,12.718382835388184
2008-04-25,14.844833374023438,,23.590333938598633,15.525948524475098,27.024211883544922,9.401780128479004,17.189931869506836,,10.720100402832031,23.274755477905273,12.845407485961914
2008-04-28,14.760295867919922,,23.630184173583984,15.566263198852539,27.179155349731445,9.401780128479004,17.29456329345703,,10.616460800170898,23.41377067565918,12.829526901245117
2008-04-29,14.273355484008789,,23.097919464111328,15.376155853271484,26.925609588623047,9.491877555847168,17.31302833557129,,10.666949272155762,23.157682418823242,12.9327392578125
2008-04-30,14.307168006896973,,23.268709182739258,15.33006477355957,27.11577796936035,9.323430061340332,17.017601013183594,,10.597860336303711,23.033306121826172,12.484180450439453
2008-05-01,14.205723762512207,,22.759218215942383,15.854320526123047,27.29184341430664,9.715168952941895,17.325332641601562,,10.722756385803223,23.443042755126953,13.202662467956543
2008-05-02,14.3511323928833,,23.189008712768555,15.963772773742676,27.397497177124023,9.711254119873047,17.30071258544922,,10.900806427001953,23.450353622436523,13.17487907409668
2008-05-05,14.675751686096191,,23.52487564086914,15.687246322631836,27.327064514160156,9.668163299560547,17.239164352416992,,10.744014739990234,23.38450050354004,13.028005599975586
2008-05-06,14.794110298156738,,24.14821434020996,15.854320526123047,27.432716369628906,9.785683631896973,17.34995460510254,,10.741357803344727,23.340604782104492,13.083580017089844
2008-05-07,14.628412246704102,,23.698501586914062,15.283978462219238,27.0101318359375,9.613319396972656,17.183774948120117,,10.57925796508789,23.135740280151367,12.837469100952148
2008-05-08,14.878641128540039,,24.17383575439453,14.972878456115723,27.10169219970703,9.628988265991211,17.233013153076172,,10.605829238891602,23.047935485839844,12.857316017150879
2008-05-09,14.692656517028809,,24.128293991088867,14.972878456115723,26.93267059326172,9.597650527954102,17.134544372558594,,10.640378952026367,23.025983810424805,12.781895637512207
2008-05-12,14.99361515045166,,23.9945125579834,15.151476860046387,27.36227035522461,9.754343032836914,17.325332641601562,,10.744014739990234,23.201583862304688,13.043886184692383
2008-05-13,15.078156471252441,,24.387306213378906,15.013206481933594,27.545413970947266,9.754343032836914,17.263782501220703,,10.728070259094238,22.982088088989258,13.091520309448242
2008-05-14,15.162690162658691,,24.10836410522461,15.11690902709961,27.57359504699707,9.773933410644531,17.331485748291016,,10.767930030822754,23.172319412231445,13.238389015197754
2008-05-15,15.33514404296875,,24.427156448364258,15.266687393188477,27.735559463500977,9.961971282958984,17.540742874145508,,10.757304191589355,23.106475830078125,13.365418434143066
2008-05-16,15.524511337280273,,25.318065643310547,15.203322410583496,27.665124893188477,9.938465118408203,17.534591674804688,,10.837024688720703,23.19426918029785,13.274121284484863
2008-05-19,15.48393726348877,,25.4746150970459,15.059297561645508,27.975032806396484,9.98939323425293,17.6330623626709,,10.959271430969238,23.340604782104492,13.278091430664062
2008-05-20,15.565093994140625,,25.72793197631836,14.707873344421387,27.531330108642578,9.832694053649902,17.368419647216797,,11.033675193786621,23.274755477905273,13.071674346923828
2008-05-21,15.108590126037598,,25.346529006958008,14.333406448364258,27.06647491455078,9.57414436340332,17.189931869506836,,10.977873802185059,23.069883346557617,12.793803215026855
2008-05-22,15.040950775146484,,24.97650718688965,14.414063453674316,27.003095626831055,9.609400749206543,17.37457275390625,,11.04164981842041,23.318655014038086,12.738231658935547
2008-05-23,14.834677696228027,,24.552404403686523,14.200899124145508,26.61572265625,9.589814186096191,17.282251358032227,,10.87157154083252,22.938186645507812,12.583416938781738
2008-05-27,14.767054557800293,,24.393003463745117,14.275799751281738,26.89743995666504,9.746509552001953,17.331485748291016,,10.92738151550293,23.033306121826172,12.67868709564209
2008-05-28,15.135643005371094,,24.908191680908203,14.195145606994629,27.08056640625,9.801356315612793,17.35611915588379,,10.93535041809082,23.011350631713867,12.67868709564209
2008-05-29,15.03419017791748,,24.227920532226562,14.44863224029541,27.18621826171875,9.871870040893555,17.423812866210938,,11.052281379699707,23.508888244628906,12.92480182647705
2008-05-30,15.05109691619873,,24.478389739990234,14.264276504516602,27.355243682861328,9.930628776550293,17.534591674804688,,10.977873802185059,23.472305297851562,12.825560569763184
2008-06-02,14.936131477355957,,24.623558044433594,14.051115036010742,27.122827529907227,9.789603233337402,17.3807315826416,,10.898150444030762,23.19426918029785,12.69853687286377
2008-06-03,14.953038215637207,,24.09414291381836,14.00503158569336,27.031265258789062,9.734760284423828,17.47304344177246,,10.802477836608887,23.347919464111328,12.7144136428833
2008-06-04,14.888786315917969,,23.735496520996094,13.918612480163574,26.925609588623047,9.754343032836914,17.460735321044922,,10.932697296142578,23.355234146118164,12.789837837219238
2008-06-05,15.389252662658691,,24.97365379333496,14.195145606994629,27.122827529907227,9.954133987426758,17.63921356201172,,11.062909126281738,23.560110092163086,12.95655632019043
2008-06-06,14.936131477355957,,24.48409080505371,13.440448760986328,26.066368103027344,9.683835983276367,17.202241897583008,,10.773248672485352,22.98939323425293,12.40876293182373
2008-06-09,15.162690162658691,,25.204204559326172,13.256097793579102,26.333999633789062,9.66424560546875,17.263782501220703,,10.940668106079102,22.865020751953125,12.400818824768066
2008-06-10,14.969943046569824,,24.583715438842773,13.296432495117188,26.179048538208008,9.62115478515625,17.29456329345703,,10.930036544799805,22.6455020904541,12.448453903198242
2008-06-11,14.702807426452637,,24.73456382751465,12.910433769226074,25.686046600341797,9.374358177185059,17.202241897583008,,10.91940689086914,22.41868782043457,12.186466217041016
2008-06-12,14.696043968200684,,24.35885238647461,13.261857032775879,25.777589797973633,9.480128288269043,17.319177627563477,,10.874229431152344,22.22844886779785,12.28570556640625
2008-06-13,15.061247825622559,,24.64917755126953,13.469260215759277,26.07339859008789,9.581981658935547,17.30687141418457,,10.972553253173828,22.579660415649414,12.591357231140137
2008-06-16,15.04771900177002,,24.737417221069336,13.595996856689453,25.93254852294922,9.605484962463379,17.12223243713379,,10.983184814453125,22.6528263092041,12.551663398742676
2008-06-17,15.128878593444824,,25.14727020263672,13.19848918914795,25.87620735168457,9.56631088256836,17.066837310791016,,11.044307708740234,22.594289779663086,12.424636840820312
2008-06-18,15.027433395385742,,25.24405288696289,12.979571342468262,25.502914428710938,9.464458465576172,16.87604331970215,,11.001788139343262,22.338199615478516,12.15074348449707
2008-06-19,15.054482460021973,,24.63779067993164,13.117834091186523,25.833942413330078,9.499716758728027,16.931432723999023,,11.015073776245117,22.367469787597656,12.30555248260498
2008-06-20,14.74976921081543,,24.47169303894043,12.891168594360352,25.403018951416016,9.330391883850098,16.73919677734375,,10.887907981872559,22.052852630615234,11.943805694580078
2008-06-23,14.84488582611084,,25.439146041870117,12.484320640563965,25.452545166015625,9.243966102600098,16.677383422851562,,11.019089698791504,22.214570999145508,11.736648559570312
2008-06-24,14.562942504882812,,24.95684814453125,12.629616737365723,25.14827537536621,9.232179641723633,16.73301124572754,,10.928067207336426,22.295433044433594,11.784455299377441
2008-06-25,14.607100486755371,,24.862667083740234,12.60056209564209,24.964298248291016,9.310751914978027,17.110082626342773,,11.056575775146484,22.54537010192871,11.872103691101074
2008-06-26,14.247014999389648,,24.682884216308594,12.147223472595215,24.553890228271484,9.133965492248535,16.590835571289062,,10.727280616760254,22.08960723876953,11.593223571777344
2008-06-27,14.233428955078125,,24.89977264404297,11.955416679382324,23.84627914428711,9.012176513671875,16.417762756347656,,10.636260032653809,22.23661994934082,11.39801025390625
2008-06-30,14.17568302154541,,25.250795364379883,11.77524471282959,24.06563377380371,9.000388145446777,16.535205841064453,,10.895942687988281,22.479202270507812,11.346221923828125
2008-07-01,13.91411018371582,,25.35638999938965,11.810120582580566,24.051485061645508,8.937536239624023,16.516666412353516,,10.952163696289062,22.479202270507812,11.202796936035156
2008-07-02,13.31964111328125,,24.591554641723633,11.6299467086792,23.31557846069336,8.819674491882324,16.498119354248047,,10.922717094421387,22.324838638305664,11.079299926757812
2008-07-03,13.401161193847656,,24.229116439819336,11.589262962341309,23.641075134277344,8.780394554138184,16.485763549804688,,10.810273170471191,22.420398712158203,11.174912452697754
2008-07-07,13.469099998474121,,23.621252059936523,11.20566463470459,23.612773895263672,8.878602027893066,16.652658462524414,,10.703185081481934,22.273372650146484,11.047428131103516
2008-07-08,13.326425552368164,,23.230266571044922,11.932170867919922,24.15763282775879,8.968961715698242,16.869009017944336,,10.759408950805664,22.86145782470703,11.334271430969238
2008-07-09,13.350210189819336,,22.787921905517578,11.252164840698242,23.485397338867188,8.70181941986084,16.702116012573242,,10.887907981872559,22.971721649169922,11.09523868560791
2008-07-10,13.401161193847656,,23.487125396728516,11.170795440673828,23.84627914428711,8.811820983886719,16.825733184814453,,10.914680480957031,23.096681594848633,10.900022506713867
2008-07-11,13.390968322753906,,23.34442138671875,10.856942176818848,23.414642333984375,8.729315757751465,16.646474838256836,,10.831690788269043,22.655622482299805,10.67293643951416
2008-07-14,13.540435791015625,,23.498525619506836,10.298986434936523,23.520784378051758,8.662531852722168,16.658842086791992,,10.75672721862793,22.809995651245117,10.617164611816406
2008-07-15,13.40796184539795,,22.50824737548828,9.979317665100098,23.05376434326172,8.6428861618042,16.627927780151367,,10.681770324707031,22.92025375366211,10.617164611816406
2008-07-16,13.458911895751953,,21.928916931152344,11.28703498840332,23.584470748901367,8.768610000610352,16.83809471130371,,10.4702787399292,23.08197784423828,11.043440818786621
2008-07-17,13.543839454650879,,21.569337844848633,11.77524471282959,24.235462188720703,8.858960151672363,16.869009017944336,,10.304292678833008,23.309858322143555,11.09523868560791
2008-07-18,13.452115058898926,,21.946048736572266,12.013543128967285,24.270843505859375,8.957175254821777,16.584659576416016,,10.31500244140625,23.302515029907227,11.437849998474121
2008-07-21,13.73067569732666,,22.602434158325195,12.060035705566406,24.292078018188477,8.780394554138184,16.547569274902344,,10.497050285339355,22.890857696533203,11.234674453735352
2008-07-22,13.751054763793945,,21.85186767578125,13.07133960723877,24.58927345275879,8.73324966430664,16.83809471130371,,10.46224594116211,23.206951141357422,11.533467292785645
2008-07-23,13.577811241149902,,21.058490753173828,13.053905487060547,24.780324935913086,8.890390396118164,16.95553970336914,,10.207921028137207,23.309858322143555,11.756572723388672
2008-07-24,13.234712600708008,,21.007131576538086,12.176279067993164,24.164709091186523,8.662531852722168,16.850460052490234,,10.19185733795166,23.28780746459961,11.505577087402344
2008-07-25,13.255093574523926,,21.0642032623291,12.12978458404541,24.391141891479492,8.784316062927246,16.757741928100586,,10.068705558776855,23.427478790283203,11.326306343078613
2008-07-28,13.238105773925781,,21.146963119506836,11.560202598571777,23.832120895385742,8.599675178527832,16.61556625366211,,10.092801094055176,23.236360549926758,11.059381484985352
2008-07-29,13.499673843383789,,20.89582633972168,12.49594497680664,24.730791091918945,8.772531509399414,17.00499153137207,,10.106184959411621,23.471590042114258,11.453786849975586
2008-07-30,13.818995475769043,,22.140119552612305,12.687744140625,25.020906448364258,8.831465721130371,17.20279884338379,,10.304292678833008,23.4642333984375,11.441841125488281
2008-07-31,13.717082977294922,,21.232595443725586,12.571503639221191,24.25670051574707,8.780394554138184,16.937000274658203,,10.19453239440918,23.486286163330078,11.366143226623535
2008-08-01,13.469099998474121,,21.2297306060791,12.571503639221191,24.235462188720703,8.68217658996582,16.906091690063477,,9.902727127075195,23.309858322143555,11.254590034484863
2008-08-04,12.884814262390137,,20.230880737304688,12.466880798339844,24.129329681396484,8.725391387939453,17.060626983642578,,9.795639991760254,23.50833511352539,11.33825397491455
2008-08-05,13.034284591674805,,20.382143020629883,13.10040283203125,24.801551818847656,8.890390396118164,17.357330322265625,,9.87594985961914,24.272836685180664,11.844212532043457
2008-08-06,13.163376808166504,,20.847314834594727,12.96672248840332,25.27564811706543,9.016107559204102,17.542781829833984,,9.929498672485352,24.3684024810791,11.784455299377441
2008-08-07,13.122608184814453,,20.604738235473633,12.327393531799316,24.426515579223633,9.000388145446777,17.20279884338379,,9.921465873718262,24.074363708496094,11.553382873535156
2008-08-08,13.068257331848145,,20.256568908691406,12.751677513122559,25.268558502197266,9.173249244689941,17.561311721801758,,9.950911521911621,24.493375778198242,12.103170394897461
2008-08-11,13.085243225097656,,20.248008728027344,12.96672248840332,25.33224868774414,9.232179641723633,17.715848922729492,,10.060677528381348,24.515413284301758,12.473671913146973
2008-08-12,13.193946838378906,,20.259422302246094,12.309958457946777,25.0845890045166,9.251819610595703,17.839479446411133,,9.942879676818848,24.463960647583008,12.310331344604492
2008-08-13,13.479290962219238,,20.975736618041992,11.955416679382324,24.992603302001953,9.216464042663574,17.66022491455078,,9.942879676818848,24.47866439819336,12.111139297485352
2008-08-14,13.452115058898926,,20.590473175048828,12.327393531799316,25.0845890045166,9.287175178527832,17.740581512451172,,9.857213020324707,24.463960647583008,12.294398307800293
2008-08-15,13.367195129394531,,20.2052059173584,12.414573669433594,25.226112365722656,9.322537422180176,17.913652420043945,,9.892017364501953,24.706544876098633,12.437816619873047
2008-08-18,13.244897842407227,,19.948352813720703,11.93798828125,24.943069458007812,9.204678535461426,17.839479446411133,,9.905402183532715,24.50071907043457,12.226670265197754
2008-08-19,13.163376808166504,,20.664676666259766,11.589262962341309,24.63172149658203,9.043606758117676,17.59840965270996,,9.958943367004395,24.390453338623047,11.999589920043945
2008-08-20,13.394362449645996,,21.261117935180664,11.827554702758789,24.433597564697266,9.063247680664062,17.604589462280273,,9.996424674987793,24.2360897064209,11.852181434631348
2008-08-21,13.509866714477539,,21.79478645324707,11.612513542175293,24.490201950073242,9.027892112731934,17.412973403930664,,10.092801094055176,24.081722259521484,11.947795867919922
2008-08-22,13.503070831298828,,21.295381546020508,12.054229736328125,24.971384048461914,9.153603553771973,17.728219985961914,,10.132956504821777,24.486013412475586,12.226670265197754
2008-08-25,13.210930824279785,,21.018545150756836,11.6299467086792,24.582195281982422,9.03575325012207,17.443876266479492,,10.025874137878418,24.089054107666016,11.884054183959961
2008-08-26,13.282269477844238,,21.44662094116211,11.722936630249023,24.575115203857422,9.000388145446777,17.375879287719727,,10.135637283325195,24.059663772583008,11.975679397583008
2008-08-27,13.404559135437012,,21.786230087280273,11.949613571166992,24.645870208740234,9.08681583404541,17.45623779296875,,10.207921028137207,24.096412658691406,12.011536598205566
2008-08-28,13.594788551330566,,21.403818130493164,12.432010650634766,25.19780158996582,9.141819953918457,17.567506790161133,,10.223978042602539,24.2360897064209,12.290411949157715
2008-08-29,13.503070831298828,,21.30393409729004,12.449445724487305,24.921838760375977,8.937536239624023,17.394418716430664,,10.082090377807617,23.97144889831543,12.150975227355957
2008-09-02,13.163376808166504,,20.13385581970215,12.623810768127441,24.928913116455078,8.886460304260254,17.58603858947754,,9.958943367004395,23.927337646484375,12.390008926391602
2008-09-03,13.095434188842773,,20.056793212890625,12.821415901184082,24.744932174682617,8.768610000610352,17.45623779296875,,9.800996780395508,24.067007064819336,12.453751564025879
2008-09-04,12.630047798156738,,19.605886459350586,12.193720817565918,23.895816802978516,8.454318046569824,17.344966888427734,,9.677842140197754,23.53774070739746,12.039427757263184
2008-09-05,12.643630981445312,,19.52599334716797,12.63543701171875,23.888736724853516,8.454318046569824,17.50568389892578,,9.474383354187012,23.412776947021484,12.063329696655273
2008-09-08,12.619853973388672,,19.391857147216797,13.181763648986816,24.270843505859375,8.556462287902832,17.876567840576172,,9.712648391723633,23.802370071411133,12.609122276306152
2008-09-09,12.21900749206543,,18.05055046081543,12.339016914367676,23.556167602539062,8.407173156738281,17.783845901489258,,9.407456398010254,23.596548080444336,12.370089530944824
2008-09-10,12.32431697845459,,18.761154174804688,12.18790054321289,23.655229568481445,8.36788558959961,17.90747833251953,,9.511863708496094,23.50098419189453,12.242609024047852
2008-09-11,12.534929275512695,,19.029415130615234,12.466880798339844,24.200084686279297,8.505387306213379,17.98165512084961,,9.586819648742676,23.596548080444336,12.429849624633789
2008-09-12,12.935771942138672,,19.671531677246094,12.292520523071289,24.136402130126953,8.544672966003418,18.01874542236328,,9.766191482543945,23.81707191467285,12.429849624633789
2008-09-15,12.399044036865234,,18.164705276489258,11.095234870910645,23.1669864654541,8.132174491882324,17.80239486694336,,9.426194190979004,23.155488967895508,12.011536598205566
2008-09-16,12.534929275512695,,18.932390213012695,11.926363945007324,23.237735748291016,8.285387992858887,17.80239486694336,,9.284305572509766,23.11873435974121,12.091215133666992
2008-09-17,12.300529479980469,,18.535696029663086,10.78138256072998,22.452306747436523,7.825743675231934,17.16571617126465,,8.83454704284668,22.75118637084961,11.613143920898438
2008-09-18,12.297136306762695,,19.089344024658203,11.6299467086792,22.912242889404297,8.159671783447266,17.276973724365234,,9.158480644226074,23.045236587524414,11.911934852600098
2008-09-19,13.080679893493652,,20.399192810058594,13.132107734680176,23.556840896606445,8.219199180603027,17.23902130126953,,9.452873229980469,23.297775268554688,12.073859214782715
2008-09-22,12.913240432739258,,20.041311264038086,12.058297157287598,22.93073844909668,8.006324768066406,17.145660400390625,,9.217900276184082,22.743942260742188,11.578112602233887
2008-09-23,12.61253833770752,,19.379947662353516,12.02308464050293,22.42559814453125,8.002388000488281,16.91539192199707,,9.058549880981445,22.204883575439453,11.414192199707031
2008-09-24,12.363086700439453,,19.437206268310547,11.888131141662598,22.375791549682617,8.022092819213867,16.8842716217041,,9.1422758102417,22.411645889282227,11.374214172363281
2008-09-25,12.3289213180542,,19.912473678588867,12.216727256774902,22.553665161132812,8.160069465637207,17.301246643066406,,9.32322883605957,22.81778907775879,11.578112602233887
2008-09-26,12.041887283325195,,19.382810592651367,12.551188468933105,22.461172103881836,8.199488639831543,17.23902130126953,,9.325929641723633,22.773475646972656,11.694049835205078
2008-09-29,11.173938751220703,,17.07805633544922,10.896474838256836,21.69989776611328,7.489914417266846,16.59177017211914,,8.837084770202637,22.26396369934082,10.914449691772461
2008-09-30,11.413134574890137,,18.123079299926758,11.671019554138184,21.91333770751953,7.824992656707764,17.176774978637695,,8.97482681274414,22.19011688232422,11.154325485229492
2008-10-01,11.225189208984375,,17.825313568115234,12.128706932067871,21.393957138061523,7.754037857055664,17.301246643066406,,8.93701171875,22.337804794311523,11.154325485229492
2008-10-02,10.418754577636719,,16.808931350708008,11.524324417114258,20.113317489624023,7.450493812561035,17.083431243896484,,8.807374954223633,22.374719619750977,10.750533103942871
2008-10-03,10.316241264343262,,16.608524322509766,11.019698143005371,19.793149948120117,7.344061851501465,16.94650650024414,,8.675031661987305,21.894739151000977,10.37472152709961
2008-10-06,9.807095527648926,,15.715248107910156,10.444652557373047,19.27377700805664,6.938032150268555,16.454856872558594,,8.251002311706543,21.075069427490234,10.082870483398438
2008-10-07,9.301361083984375,,14.853472709655762,9.341513633728027,18.633445739746094,6.583245277404785,15.932093620300293,,7.913402080535889,20.565547943115234,9.435197830200195
2008-10-08,9.602066040039062,,15.134051322937012,8.965972900390625,18.348861694335938,6.524112224578857,15.496439933776855,,7.775661468505859,20.196331024169922,9.251293182373047
2008-10-09,8.986988067626953,,12.955270767211914,8.032998085021973,17.30299949645996,6.30729866027832,14.562914848327637,,7.251702785491943,18.645606994628906,8.663590431213379
2008-10-10,8.775130271911621,,12.425609588623047,8.86035442352295,16.7480525970459,6.267877101898193,14.687387466430664,,6.957315444946289,17.8259334564209,8.847495079040527
2008-10-13,10.00870132446289,,14.472687721252441,9.552752494812012,18.540958404541016,7.001102924346924,15.371975898742676,,7.797268390655518,19.97479248046875,9.195320129394531
2008-10-14,9.718244552612305,,14.489869117736816,10.168868064880371,18.53384017944336,6.764577865600586,15.40308666229248,,7.732447147369385,20.380937576293945,9.251293182373047
2008-10-15,8.51201057434082,,12.396984100341797,9.065723419189453,16.79073715209961,6.256052017211914,14.874092102050781,,7.157174587249756,18.387149810791016,8.1758394241333
2008-10-16,8.570101737976074,,12.869384765625,9.271098136901855,17.13224220275879,6.583245277404785,15.017228126525879,,7.365138053894043,19.34712791442871,8.715571403503418
2008-10-17,8.799047470092773,,13.152826309204102,9.00704574584961,16.762279510498047,6.52017068862915,15.129255294799805,,7.402947902679443,19.273284912109375,8.891478538513184
2008-10-20,9.243273735046387,,14.684551239013672,9.452994346618652,17.594707489013672,6.78034782409668,15.253725051879883,,8.026838302612305,20.048641204833984,8.939452171325684
2008-10-21,8.853718757629395,,14.017461776733398,9.165478706359863,17.43817901611328,6.425559997558594,15.110584259033203,,7.772960662841797,19.989561080932617,8.839507102966309
2008-10-22,8.368492126464844,,12.654661178588867,8.590435028076172,16.63421630859375,6.0904860496521,14.874092102050781,,7.443460941314697,19.49480438232422,8.235811233520508
2008-10-23,8.177136421203613,,13.327471733093262,8.502415657043457,16.67690658569336,6.22845983505249,14.936330795288086,,7.621711730957031,19.044357299804688,8.235811233520508
2008-10-24,7.825173854827881,,12.49718952178955,7.950847148895264,15.716418266296387,5.936745643615723,14.189510345458984,,7.419150352478027,18.9778995513916,7.764051914215088
2008-10-27,7.244263172149658,,11.69839859008789,7.733737945556641,15.111664772033691,5.814540863037109,13.82855224609375,,7.130163669586182,18.165620803833008,7.648106098175049
2008-10-28,8.156632423400879,,13.482076644897461,8.948368072509766,16.662677764892578,6.622661590576172,14.780743598937988,,7.848582744598389,19.310190200805664,8.39572525024414
2008-10-29,8.491510391235352,,13.779831886291504,8.396797180175781,16.733816146850586,6.366429328918457,14.494462013244629,,7.597409248352051,19.177278518676758,8.567642211914062
2008-10-30,8.758045196533203,,14.41542911529541,8.690184593200684,17.33857536315918,6.602951526641846,15.1043701171875,,8.021434783935547,19.627729415893555,8.827507019042969
2008-10-31,8.857137680053711,,14.716046333312988,9.1126708984375,17.914865493774414,6.563532829284668,15.011005401611328,,7.808074474334717,19.642499923706055,9.187326431274414
2008-11-03,8.816134452819824,,14.26082706451416,9.165478706359863,17.608930587768555,6.563532829284668,15.241281509399414,,7.889096260070801,19.79018783569336,8.923460006713867
2008-11-04,9.22960090637207,,15.179863929748535,9.681842803955078,18.3773193359375,6.839478969573975,15.465324401855469,,8.037639617919922,20.048641204833984,9.275283813476562
2008-11-05,8.843469619750977,,14.501323699951172,8.79580307006836,17.608930587768555,6.425559997558594,15.191493034362793,,7.889096260070801,19.753263473510742,8.763545989990234
2008-11-06,8.361660957336426,,13.62808895111084,8.191423416137695,16.78362464904785,6.070775508880615,15.029679298400879,,7.5190839767456055,19.273284912109375,8.299774169921875
2008-11-07,8.498340606689453,,14.272279739379883,8.343988418579102,16.95438003540039,6.244223594665527,15.098148345947266,,7.848582744598389,19.516963958740234,8.443708419799805
2008-11-10,8.501760482788086,,14.320944786071777,8.097540855407715,16.96148681640625,6.177210807800293,15.141702651977539,,7.659522533416748,19.37665557861328,8.247806549072266
2008-11-11,8.163460731506348,,13.908670425415039,7.8158860206604,16.584409713745117,6.043179988861084,14.79941463470459,,7.659522533416748,19.02958869934082,7.959950923919678
2008-11-12,7.644065856933594,,12.76917552947998,7.3347296714782715,15.79468059539795,5.759352207183838,14.48200798034668,,7.4056477546691895,18.60867691040039,7.476198673248291
2008-11-13,8.265979766845703,,14.2694091796875,7.868699073791504,16.64133071899414,6.118081092834473,15.060798645019531,,7.967416763305664,19.60557746887207,8.059896469116211
2008-11-14,7.763662815093994,,13.676765441894531,7.469687461853027,15.936966896057129,5.838193416595459,14.612709045410156,,7.778359889984131,18.8597469329834,7.668094635009766
2008-11-17,7.603057861328125,,13.393317222595215,6.994396686553955,15.616815567016602,5.6726274490356445,14.419777870178223,,7.764858722686768,18.534841537475586,7.448208808898926
2008-11-18,7.517630577087402,,13.768385887145996,6.8946428298950195,15.631046295166016,5.751469135284424,14.519356727600098,,7.681135177612305,18.660369873046875,7.412230491638184
2008-11-19,7.0665740966796875,,13.055484771728516,6.172906875610352,14.620749473571777,5.432160377502441,14.145943641662598,,7.516382217407227,17.907169342041016,6.936470031738281
2008-11-20,6.793203830718994,,11.440723419189453,5.5098490715026855,14.2294340133667,5.199580192565918,13.654294967651367,,7.078848838806152,17.397640228271484,6.528678894042969
2008-11-21,6.868381977081299,,12.717643737792969,5.680014610290527,14.64920711517334,5.475523948669434,14.307765007019043,,7.786465644836426,17.41978645324707,6.976451873779297
2008-11-24,7.264766216278076,,13.636680603027344,6.5425801277160645,15.382030487060547,5.743583679199219,14.488241195678711,,7.864790439605713,17.766860961914062,7.524173259735107
2008-11-25,7.531299591064453,,13.854270935058594,6.923982620239258,15.602577209472656,5.822424411773682,14.569146156311035,,8.021434783935547,17.8850040435791,7.620124816894531
2008-11-26,7.876427173614502,,14.630160331726074,7.246711254119873,16.09349822998047,6.003758907318115,14.755844116210938,,7.99442720413208,18.165620803833008,8.067893981933594
2008-11-28,7.910601615905762,,14.395390510559082,7.428615570068359,16.44211769104004,6.01164436340332,14.979893684387207,,8.134872436523438,18.40192222595215,8.191832542419434
2008-12-01,7.240848064422607,,12.863656044006348,6.190509796142578,15.090315818786621,5.5780181884765625,14.152172088623047,,7.594706058502197,17.456714630126953,7.476198673248291
2008-12-02,7.521047592163086,,13.298839569091797,6.695140838623047,15.787564277648926,5.775120735168457,14.35754680633545,,7.791864395141602,17.907169342041016,7.8240203857421875
2008-12-03,7.507377624511719,,13.30743408203125,7.0413408279418945,16.057918548583984,5.9406867027282715,14.531805992126465,,7.926907062530518,18.335458755493164,8.103877067565918
2008-12-04,7.357028484344482,,12.385526657104492,6.965059280395508,15.737763404846191,5.700223445892334,14.345099449157715,,7.640620708465576,17.98838996887207,8.191832542419434
2008-12-05,7.493714332580566,,12.643199920654297,7.516630172729492,16.12196159362793,5.924919128417969,14.749619483947754,,7.689233303070068,18.601295471191406,8.431706428527832
2008-12-08,8.057534217834473,,13.204360008239746,8.021256446838379,16.54172706604004,6.200862884521484,14.83675479888916,,7.813472270965576,18.748987197875977,8.747549057006836
2008-12-09,7.972108840942383,,13.336061477661133,7.698533058166504,16.250019073486328,6.161442279815674,14.550468444824219,,7.7027411460876465,18.453603744506836,8.571633338928223
2008-12-10,8.218140602111816,,14.026056289672852,7.563577175140381,16.513261795043945,6.110196113586426,14.544251441955566,,7.818873882293701,18.40192222595215,8.771536827087402
2008-12-11,7.862761497497559,,13.960205078125,6.982658863067627,15.801788330078125,5.98010778427124,14.382438659667969,,7.756756782531738,18.512685775756836,8.399724960327148
2008-12-12,7.893514633178711,,13.822778701782227,7.117621898651123,15.844478607177734,6.051064491271973,14.401117324829102,,7.805371284484863,18.549612045288086,8.37174129486084
2008-12-15,7.876427173614502,,13.742609977722168,6.8242316246032715,15.837372779846191,5.984048366546631,14.388659477233887,,7.683830738067627,18.512685775756836,8.343761444091797
2008-12-16,8.35824203491211,,14.169208526611328,7.5870442390441895,16.619979858398438,6.295472621917725,14.724730491638184,,7.945810794830322,19.243736267089844,8.787529945373535
2008-12-17,8.365074157714844,,14.077581405639648,7.516630172729492,16.62710189819336,6.173267841339111,14.65005111694336,,7.705441474914551,19.125585556030273,8.835509300231934
2008-12-18,8.043865203857422,,13.258760452270508,7.299520969390869,16.043691635131836,5.999819278717041,14.699834823608398,,7.770260334014893,19.265892028808594,8.587628364562988
2008-12-19,7.878889560699463,,13.238323211669922,7.283442974090576,16.22113609313965,6.051736831665039,14.580578804016113,,7.81648063659668,19.38327407836914,8.552176475524902
2008-12-22,7.591819763183594,,12.844057083129883,7.027359962463379,15.969697952270508,5.968509674072266,14.618236541748047,,7.712553977966309,19.249542236328125,8.322566032409668
2008-12-23,7.564146041870117,,12.87282943725586,6.8606133460998535,15.919414520263672,5.885284900665283,14.498987197875977,,7.625035285949707,19.25697898864746,8.233942031860352
2008-12-24,7.571065425872803,,12.823907852172852,7.009493350982666,16.019983291625977,5.924914360046387,14.624517440795898,,7.663324356079102,19.190120697021484,8.29436206817627
2008-12-26,7.6644463539123535,,12.996580123901367,7.015453338623047,16.142112731933594,5.916987419128418,14.637070655822754,,7.679736137390137,19.204973220825195,8.387017250061035
2008-12-29,7.526101589202881,,13.281493186950684,6.955899715423584,15.840392112731934,5.920951843261719,14.605688095092773,,7.696142673492432,19.175256729125977,8.225884437561035
2008-12-30,7.730165004730225,,13.60382080078125,7.22389030456543,16.429462432861328,6.031919479370117,14.837923049926758,,7.813745021820068,19.546716690063477,8.536067008972168
2008-12-31,7.865053653717041,,13.747715950012207,7.456150531768799,16.8245792388916,6.107219696044922,14.982290267944336,,7.939554691314697,19.725032806396484,8.6891450881958
2009-01-02,8.152125358581543,,14.432653427124023,7.539527416229248,17.442386627197266,6.33708381652832,15.195687294006348,,8.125528335571289,20.126218795776367,9.1242036819458
2009-01-05,8.16942024230957,,14.772248268127441,7.4144606590271,17.305891036987305,6.317265033721924,15.258455276489258,,8.240399360656738,20.029619216918945,9.083922386169434
2009-01-06,8.352728843688965,,14.933405876159668,7.533571243286133,17.6866397857666,6.463902950286865,15.032489776611328,,8.122793197631836,19.702741622924805,9.237006187438965
2009-01-07,8.159040451049805,,14.30026912689209,7.14051628112793,16.89641571044922,6.257819652557373,14.881856918334961,,8.057158470153809,19.524433135986328,8.870420455932617
2009-01-08,8.273179054260254,,14.484461784362793,7.1107378005981445,17.0616455078125,6.3014140129089355,14.687278747558594,,8.016136169433594,19.635879516601562,8.922789573669434
2009-01-09,8.072575569152832,,13.998089790344238,6.884433269500732,16.688093185424805,6.162703037261963,14.4362211227417,,7.9532270431518555,19.42784881591797,8.648860931396484
2009-01-12,7.737083911895752,,13.445533752441406,6.521153450012207,16.32171630859375,6.051736831665039,14.44250202178955,,7.955963134765625,19.175256729125977,8.443418502807617
2009-01-13,7.778586387634277,,13.78225040435791,6.610480785369873,16.041536331176758,6.023993968963623,14.530365943908691,,7.805540561676025,19.338699340820312,8.3346529006958
2009-01-14,7.48805570602417,,13.123209953308105,6.229340076446533,15.445280075073242,5.841686725616455,14.210260391235352,,7.709816932678223,19.063814163208008,8.008355140686035
2009-01-15,7.709410667419434,,13.287249565124512,5.943479537963867,15.588959693908691,5.88131856918335,14.273028373718262,,7.750843048095703,19.197542190551758,8.205745697021484
2009-01-16,7.79587984085083,,13.393736839294434,5.764819622039795,15.675158500671387,5.920951843261719,14.404834747314453,,7.9039998054504395,19.360986709594727,8.30242919921875
2009-01-20,7.356624126434326,,12.680011749267578,4.811954975128174,14.949591636657715,5.67919921875,14.235369682312012,,7.7672553062438965,18.8929386138916,7.8149919509887695
2009-01-21,7.616029262542725,,13.531869888305664,5.5206475257873535,15.330330848693848,5.952657222747803,14.304407119750977,,7.854770660400391,19.29412078857422,8.052667617797852
2009-01-22,7.498432159423828,,13.16061782836914,5.181190490722656,15.280044555664062,5.817908763885498,14.291857719421387,,7.8520355224609375,19.37584686279297,7.9519572257995605
2009-01-23,7.612565517425537,,13.543375968933105,5.353896617889404,14.820284843444824,5.90113639831543,14.153772354125977,,7.868444919586182,19.37584686279297,7.9277873039245605
2009-01-26,7.522644519805908,,13.793756484985352,5.258610725402832,14.992698669433594,5.97247314453125,14.247923851013184,,8.057158470153809,19.271831512451172,7.984185218811035
2009-01-27,7.57797908782959,,13.816783905029297,5.443227291107178,15.2656831741333,6.008139133453369,14.32323169708252,,8.095443725585938,19.67302703857422,7.960017204284668
2009-01-28,7.792424201965332,,14.193787574768066,6.140007972717285,15.703893661499023,6.178556442260742,14.467606544494629,,8.147406578063965,19.97762680053711,8.298395156860352
2009-01-29,7.5814433097839355,,13.693032264709473,5.65762186050415,15.129188537597656,5.996250152587891,14.342069625854492,,8.087242126464844,19.695322036743164,7.964041709899902
2009-01-30,7.283994674682617,,13.503090858459473,5.502782821655273,14.805920600891113,5.817908763885498,13.9027099609375,,7.925880432128906,19.48729133605957,7.766652584075928
2009-02-02,7.180233478546143,,13.287249565124512,5.502782821655273,14.46827507019043,5.909061431884766,13.783451080322266,,7.969639778137207,19.613584518432617,7.694141864776611
2009-02-03,7.318583011627197,,13.517480850219727,5.401537895202637,14.73408031463623,6.027957916259766,14.084726333618164,,8.005191802978516,20.118789672851562,7.9116740226745605
2009-02-04,7.408505916595459,,13.644109725952148,5.341985702514648,14.655056953430176,6.023993968963623,13.701854705810547,,8.065360069274902,20.029619216918945,7.7384538650512695
2009-02-05,7.605649948120117,,13.977949142456055,5.425361156463623,14.827466011047363,6.119110107421875,13.896424293518066,,8.122793197631836,20.200504302978516,7.883478164672852
2009-02-06,7.83392333984375,,14.236958503723145,5.830329895019531,15.186661720275879,6.329156398773193,14.134939193725586,,8.17475700378418,20.363954544067383,8.109064102172852
2009-02-09,7.806254863739014,,14.28875732421875,5.895837306976318,15.474017143249512,6.345010280609131,13.996854782104492,,8.128265380859375,20.304519653320312,8.084894180297852
2009-02-10,7.456928253173828,,13.623961448669434,5.294341564178467,14.662232398986816,6.08740234375,13.544939994812012,,7.898532390594482,19.628448486328125,7.702198505401611
2009-02-11,7.456928253173828,,13.468560218811035,5.550424575805664,14.777176856994629,6.099294185638428,13.620257377624512,,7.8739142417907715,19.873619079589844,7.7626261711120605
2009-02-12,7.5814433097839355,,13.491579055786133,5.478959560394287,14.611954689025879,6.127035617828369,13.745784759521484,,7.805540561676025,20.103933334350586,7.7747111320495605
2009-02-13,7.467302322387695,,13.523234367370605,5.2705206871032715,14.611954689025879,6.099294185638428,13.532386779785156,,7.759047031402588,19.799320220947266,7.649834632873535
2009-02-17,7.142185211181641,,12.587919235229492,4.74644660949707,13.87201976776123,5.845652103424072,13.337811470031738,,7.422648906707764,19.457569122314453,7.359792232513428
2009-02-18,7.10068416595459,,12.515972137451172,4.74644660949707,13.893562316894531,5.849616050720215,13.406855583190918,,7.310513019561768,19.45013999938965,7.311452865600586
2009-02-19,7.028050899505615,,12.518857955932617,4.496321678161621,13.584656715393066,5.706940174102783,13.576318740844727,,7.343335151672363,19.41299819946289,7.234908580780029
2009-02-20,7.083391189575195,,12.196527481079102,4.43080997467041,13.37632942199707,5.762424945831299,13.369194030761719,,7.176507472991943,19.212406158447266,7.186570167541504
2009-02-23,6.6545090675354,,11.62670612335205,4.275970458984375,12.859088897705078,5.496893882751465,13.023982048034668,,7.004203796386719,18.83350372314453,7.025437355041504
2009-02-24,6.8654937744140625,,12.173504829406738,4.794090270996094,13.139266967773438,5.643531322479248,13.275039672851562,,7.2065887451171875,19.10838508605957,7.331591606140137
2009-02-25,6.761733531951904,,12.101557731628418,4.764314651489258,12.823173522949219,5.695051670074463,13.149514198303223,,7.16009521484375,18.722063064575195,7.263114929199219
2009-02-26,6.768648147583008,,12.13033676147461,4.841732025146484,12.600468635559082,5.635603904724121,12.860791206359863,,7.042491912841797,17.785951614379883,7.110033988952637
2009-02-27,6.69947624206543,,11.836792945861816,4.526096343994141,12.284383773803711,5.595972537994385,12.779191017150879,,6.93309211730957,17.072738647460938,7.0616936683654785
2009-03-02,6.253303050994873,,10.970542907714844,4.240237236022949,11.479795455932617,5.461224555969238,12.534401893615723,,6.714294910430908,16.33722496032715,6.7958221435546875
2009-03-03,6.277513027191162,,11.025224685668945,4.156861782073975,11.39359188079834,5.409704685211182,12.38376235961914,,6.473620891571045,16.300077438354492,6.743452072143555
2009-03-04,6.4954118728637695,,11.551881790161133,4.103264808654785,11.709675788879395,5.552377223968506,12.622276306152344,,6.5337910652160645,16.768129348754883,6.892503261566162
2009-03-05,6.284433364868164,,11.042488098144531,3.716165065765381,11.257091522216797,5.381962299346924,12.333551406860352,,6.347813129425049,16.32236099243164,6.570231914520264
2009-03-06,6.363982677459717,,11.16336727142334,3.680431365966797,11.134968757629395,5.409704685211182,12.371211051940918,,6.339608192443848,16.56011199951172,6.574262619018555
2009-03-09,6.287891387939453,,11.183505058288574,3.7280757427215576,11.034398078918457,5.239288806915283,12.18290901184082,,6.219268798828125,16.25550651550293,6.489669322967529
2009-03-10,6.637219429016113,,11.750457763671875,4.281925678253174,11.867720603942871,5.540489196777344,12.4088716506958,,6.301321983337402,16.842424392700195,6.8884735107421875
2009-03-11,6.837820053100586,,11.701532363891602,4.395077705383301,11.982662200927734,5.663346767425537,12.396323204040527,,6.290380477905273,16.537818908691406,6.997239112854004
2009-03-12,7.007298469543457,,12.052634239196777,4.847688674926758,12.370593070983887,5.825835704803467,12.716423988342285,,6.372427463531494,17.34762191772461,7.255054473876953
2009-03-13,7.038425922393799,,11.943273544311523,4.877464771270752,12.392144203186035,5.825835704803467,12.90472412109375,,6.459946155548096,17.9271183013916,7.339651584625244
2009-03-16,7.149105072021484,,12.095800399780273,4.782177448272705,12.52863883972168,5.774314880371094,13.10557746887207,,6.634983539581299,17.73395538330078,7.1664276123046875
2009-03-17,7.211364269256592,,12.513094902038574,5.091860294342041,12.895015716552734,5.984361171722412,13.350366592407227,,6.7389116287231445,18.00884437561035,7.512866020202637
2009-03-18,7.422339916229248,,12.639719009399414,5.604023456573486,13.139266967773438,6.067586898803711,13.28132438659668,,6.957709312438965,18.03856086730957,7.7505364418029785
2009-03-19,7.491512298583984,,12.944774627685547,5.1573686599731445,13.009950637817383,6.083440780639648,13.111856460571289,,7.058900356292725,17.600223541259766,7.665942668914795
2009-03-20,7.359631538391113,,12.43856143951416,4.896310329437256,12.613203048706055,5.990632057189941,12.987465858459473,,7.009680271148682,17.604707717895508,7.512852191925049
2009-03-23,7.794599533081055,,13.46257209777832,5.702341079711914,13.527103424072266,6.3451313972473145,13.555707931518555,,7.280666351318359,18.247596740722656,8.04340934753418
2009-03-24,7.763280391693115,,13.20801067352295,5.425642967224121,13.418306350708008,6.24157190322876,13.492570877075195,,7.123054504394531,18.00838279724121,7.938114643096924
2009-03-25,7.8328776359558105,,13.144371032714844,5.6060967445373535,13.527103424072266,6.277418613433838,13.625164985656738,,7.1202874183654785,18.127992630004883,7.994808673858643
2009-03-26,8.146051406860352,,13.257192611694336,5.6722636222839355,14.252412796020508,6.4407267570495605,13.776692390441895,,7.206005096435547,18.329830169677734,8.363365173339844
2009-03-27,7.9685893058776855,,12.863781929016113,5.497824192047119,13.984046936035156,6.301318645477295,13.64410400390625,,7.134110450744629,18.135465621948242,8.140613555908203
2009-03-30,7.693685054779053,,12.386493682861328,5.022626876831055,13.287744522094727,6.10614538192749,13.347358703613281,,6.993090629577637,18.030807495117188,7.897610187530518
2009-03-31,7.728482246398926,,12.282356262207031,5.299325466156006,13.367530822753906,6.22165584564209,13.322097778320312,,7.064981937408447,18.098094940185547,7.958360195159912
2009-04-01,7.885072231292725,,12.542694091796875,5.449704647064209,13.664911270141602,6.396914482116699,13.549400329589844,,7.092636585235596,18.090618133544922,8.104157447814941
2009-04-02,8.1808500289917,,13.057589530944824,5.600081443786621,14.397478103637695,6.564206123352051,13.833521842956543,,7.183884620666504,18.165369033813477,8.54966926574707
2009-04-03,8.285242080688477,,13.312155723571777,5.828654766082764,14.411979675292969,6.655816078186035,13.776692390441895,,7.230891704559326,17.866350173950195,8.663068771362305
2009-04-06,8.139090538024902,,13.043130874633789,5.6722636222839355,14.448247909545898,6.58810567855835,13.814577102661133,,7.170058727264404,18.038286209106445,8.541566848754883
2009-04-07,7.86071252822876,,12.652617454528809,5.50383996963501,14.034823417663574,6.40487813949585,13.562026023864746,,7.13687801361084,17.836448669433594,8.290459632873535
2009-04-08,7.951183795928955,,12.814607620239258,5.5339155197143555,14.158119201660156,6.500475883483887,13.675679206848145,,7.206005096435547,17.956050872802734,8.52536392211914
2009-04-09,8.29568099975586,,13.190657615661621,6.39408016204834,14.854426383972168,6.663784027099609,13.681987762451172,,7.208773136138916,18.038286209106445,8.87367057800293
2009-04-13,8.403554916381836,,13.046025276184082,6.664755821228027,14.897948265075684,6.663784027099609,13.64410400390625,,7.114752769470215,18.180315017700195,8.877720832824707
2009-04-14,8.246965408325195,,13.011308670043945,6.2256550788879395,14.680351257324219,6.592087268829346,13.454694747924805,,7.0235066413879395,18.098094940185547,8.679265975952148
2009-04-15,8.441828727722168,,13.028667449951172,6.526411056518555,14.818161964416504,6.572170257568359,13.69461441040039,,7.089870452880859,18.202749252319336,8.707619667053223
2009-04-16,8.445311546325684,,13.08941650390625,6.598593235015869,15.318624496459961,6.767342567443848,13.877713203430176,,7.139641284942627,18.284976959228516,9.011375427246094
2009-04-17,8.50794506072998,,13.242725372314453,6.682806491851807,15.311367988586426,6.755394458770752,13.94716739654541,,7.128582954406738,18.494287490844727,9.120728492736816
2009-04-20,8.114733695983887,,12.600549697875977,5.9369306564331055,14.636829376220703,6.540306568145752,13.675679206848145,,7.048391342163086,18.135465621948242,8.772420883178711
2009-04-21,8.278284072875977,,12.849323272705078,6.3760294914245605,14.99223804473877,6.651834964752197,13.814577102661133,,7.07327938079834,17.96353530883789,8.91822338104248
2009-04-22,8.316556930541992,,12.713367462158203,6.14745569229126,15.224336624145508,6.683699607849121,13.631479263305664,,6.998619079589844,17.769166946411133,9.00732421875
2009-04-23,8.337437629699707,,12.950562477111816,6.436182498931885,15.391158103942871,6.715564250946045,13.631479263305664,,7.0235066413879395,17.78412437438965,9.00732421875
2009-04-24,8.734125137329102,,13.326614379882812,6.5805511474609375,15.710297584533691,6.811161041259766,13.574653625488281,,7.012444972991943,17.76169776916504,9.23007869720459
2009-04-27,8.542740821838379,,13.074943542480469,6.472273826599121,15.398409843444824,6.779290676116943,13.656729698181152,,7.062216281890869,17.956050872802734,9.108574867248535
2009-04-28,8.497506141662598,,13.103876113891602,6.273775577545166,15.217081069946289,6.7753119468688965,13.719866752624512,,7.089870452880859,18.023340225219727,9.108574867248535
2009-04-29,8.68889045715332,,13.465461730957031,6.544456481933594,15.72480583190918,6.850992679595947,13.94716739654541,,7.142405986785889,18.090618133544922,9.274629592895508
2009-04-30,8.932472229003906,,13.242725372314453,6.454231262207031,15.782831192016602,6.870907783508301,13.890340805053711,,7.147938251495361,18.075664520263672,9.43257999420166
2009-05-01,8.953346252441406,,13.670843124389648,6.406108379364014,15.956896781921387,6.962517261505127,13.94716739654541,,7.335967540740967,18.045759201049805,9.388031959533691
2009-05-04,9.457908630371094,,14.217560768127441,7.055742263793945,16.479137420654297,7.089977741241455,14.161837577819824,,7.446574687957764,18.34477996826172,9.691781997680664
2009-05-05,9.402233123779297,,14.026641845703125,6.953485488891602,16.529897689819336,7.046162128448486,14.041875839233398,,7.432749271392822,18.554092407226562,9.687735557556152
2009-05-06,9.440509796142578,,14.570469856262207,7.506877899169922,16.7910099029541,7.08599853515625,14.130271911621094,,7.3885064125061035,18.441957473754883,9.788986206054688
2009-05-07,9.130816459655762,,14.382444381713867,7.290332317352295,16.450117111206055,6.815141677856445,14.187092781066895,,7.427219390869141,18.815731048583984,9.57433032989502
2009-05-08,9.325678825378418,,14.99569034576416,7.831691741943359,17.052120208740234,6.807173728942871,14.370194435119629,,7.535059928894043,19.129701614379883,9.716082572937012
2009-05-11,9.189971923828125,,14.538647651672363,7.374544620513916,16.54440689086914,6.827093124389648,14.300739288330078,,7.5018792152404785,18.800783157348633,9.545982360839844
2009-05-12,9.280447959899902,,14.63121509552002,7.218151092529297,16.363082885742188,6.791244029998779,14.471211433410645,,7.554418087005615,19.10727882385254,9.343476295471191
2009-05-13,8.880276679992676,,14.148139953613281,6.851227760314941,15.688536643981934,6.619968891143799,14.206027030944824,,7.352560043334961,19.062429428100586,9.015425682067871
2009-05-14,8.956829071044922,,14.188634872436523,7.079801559448242,15.804587364196777,6.691664218902588,14.256538391113281,,7.347028732299805,19.08485221862793,9.027573585510254
2009-05-15,8.98814582824707,,13.884902954101562,6.935439109802246,15.811834335327148,6.691664218902588,14.1239595413208,,7.172825813293457,18.93534278869629,8.962772369384766
2009-05-18,9.245647430419922,,14.36508846282959,7.392590045928955,16.39208984375,6.874887466430664,14.42070198059082,,7.172825813293457,19.122228622436523,9.404229164123535
2009-05-19,9.35351848602295,,14.434516906738281,7.242209434509277,16.268789291381836,6.9147210121154785,14.502782821655273,,7.302789211273193,18.980194091796875,9.367775917053223
2009-05-20,9.395277976989746,,14.48369026184082,7.049723148345947,16.283294677734375,6.84302282333374,14.521724700927734,,7.170058727264404,19.054950714111328,9.266521453857422
2009-05-21,9.186491012573242,,14.055569648742676,7.061755180358887,15.790083885192871,6.7235307693481445,14.389129638671875,,7.084338665008545,18.883005142211914,9.047822952270508
2009-05-22,9.151693344116211,,14.061356544494629,7.013634204864502,15.732051849365234,6.747430801391602,14.477527618408203,,7.142405986785889,18.905439376831055,9.145024299621582
2009-05-26,9.370916366577148,,14.35930347442627,7.242209434509277,16.30504608154297,6.922686576843262,14.660624504089355,,7.349794864654541,19.077375411987305,9.45283317565918
2009-05-27,9.019463539123535,,14.203103065490723,7.025669097900391,15.7755765914917,6.8549723625183105,14.28811264038086,,7.20047664642334,18.883005142211914,9.246282577514648
2009-05-28,9.179533004760742,,14.674603462219238,7.224164009094238,15.927886009216309,6.95455265045166,14.439640998840332,,7.349794864654541,18.980194091796875,9.209826469421387
2009-05-29,9.454432487487793,,14.949409484863281,7.356499195098877,16.312301635742188,7.030235290527344,14.597488403320312,,7.4023332595825195,19.309118270874023,9.363731384277344
2009-06-01,9.74324893951416,,15.499016761779785,7.434695720672607,17.06662940979004,7.229388236999512,14.887922286987305,,7.64013671875,19.43619728088379,9.813286781311035
2009-06-02,9.840681076049805,,15.458524703979492,7.314390659332275,17.095638275146484,7.21345329284668,15.039453506469727,,7.548888206481934,19.555801391601562,9.894286155700684
2009-06-03,9.503143310546875,,14.862630844116211,7.218151092529297,16.76200294494629,7.133792877197266,14.963683128356934,,7.421688556671143,19.510955810546875,9.76468276977539
2009-06-04,9.722371101379395,,15.198179244995117,7.476802349090576,17.06662940979004,7.233368396759033,14.988944053649902,,7.490818023681641,19.241836547851562,9.784932136535645
2009-06-05,9.583181381225586,,15.073801040649414,7.410634994506836,17.21169090270996,7.305068492889404,14.913175582885742,,7.499115467071533,19.279212951660156,9.724183082580566
2009-06-08,9.534465789794922,,15.03908634185791,7.464772701263428,17.255216598510742,7.2612528800964355,14.970000267028809,,7.452104568481445,19.069902420043945,9.813286781311035
2009-06-09,9.704973220825195,,15.18661117553711,7.518905162811279,17.21894645690918,7.293117523193359,14.83741569519043,,7.432749271392822,18.972715377807617,9.869988441467285
2009-06-10,9.715408325195312,,15.32257080078125,7.4046196937561035,17.110145568847656,7.31303596496582,14.673254013061523,,7.548888206481934,18.890485763549805,9.724183082580566
2009-06-11,9.851118087768555,,15.629193305969238,7.464772701263428,17.081140518188477,7.340918064117432,14.736387252807617,,7.695439338684082,19.092323303222656,9.675581932067871
2009-06-12,9.75020694732666,,15.47877311706543,7.512892723083496,17.110145568847656,7.321000576019287,14.850041389465332,,7.79222297668457,19.159603118896484,9.663433074951172
2009-06-15,9.423111915588379,,15.068012237548828,7.320407390594482,16.587919235229492,7.245320796966553,14.490152359008789,,7.634606838226318,18.569047927856445,9.469029426574707
2009-06-16,9.169093132019043,,14.746928215026855,7.194091320037842,16.283294677734375,7.153708457946777,14.300739288330078,,7.582067012786865,18.643800735473633,9.23007869720459
2009-06-17,9.064702033996582,,14.506826400756836,6.9835615158081055,16.159988403320312,7.193538188934326,14.445952415466309,,7.604187965393066,19.069902420043945,9.359674453735352
2009-06-18,9.141256332397461,,14.451865196228027,7.151980876922607,16.174495697021484,7.161675453186035,14.711136817932129,,7.775629043579102,19.43619728088379,9.331330299377441
2009-06-19,9.119915962219238,,14.307660102844238,7.279556751251221,16.20954704284668,7.250100612640381,14.562902450561523,,7.682498455047607,19.59397315979004,9.407791137695312
2009-06-22,8.658150672912598,,13.592424392700195,6.856328010559082,15.669221878051758,7.0700483322143555,14.505636215209961,,7.660125255584717,19.240856170654297,9.127143859863281
2009-06-23,8.77009105682373,,13.67383098602295,6.934929847717285,15.523191452026367,7.07404899597168,14.416570663452148,,7.593000888824463,19.180755615234375,9.033596992492676
2009-06-24,8.857547760009766,,13.729069709777832,7.01957368850708,15.625419616699219,7.174080848693848,14.454740524291992,,7.657327651977539,19.27842140197754,9.08647346496582
2009-06-25,9.046454429626465,,14.0169095993042,7.170726776123047,16.107316970825195,7.278108596801758,14.702868461608887,,7.785977363586426,19.811847686767578,9.403726577758789
2009-06-26,9.032459259033203,,13.923870086669922,7.207005023956299,16.041603088378906,7.266104698181152,14.651966094970703,,7.758009433746338,19.811847686767578,9.338648796081543
2009-06-29,9.112918853759766,,14.054707527160645,7.297696590423584,16.202238082885742,7.342123985290527,14.741036415100098,,7.858691692352295,19.932058334350586,9.456603050231934
2009-06-30,9.02546215057373,,13.970389366149902,7.225142955780029,16.0343074798584,7.2861104011535645,14.626526832580566,,7.799957752227783,19.766767501831055,9.387460708618164
2009-07-01,9.046454429626465,,13.982025146484375,7.1828179359436035,16.100025177001953,7.318120002746582,14.874642372131348,,7.900643348693848,19.819368362426758,9.448465347290039
2009-07-02,8.798076629638672,,13.420879364013672,6.934929847717285,15.596211433410645,7.134064197540283,14.562902450561523,,7.674108028411865,19.346036911010742,9.066137313842773
2009-07-06,8.728114128112793,,13.284233093261719,6.940975666046143,15.603511810302734,7.114060401916504,14.861926078796387,,7.718855381011963,19.49629783630371,9.110879898071289
2009-07-07,8.479738235473633,,12.944049835205078,6.832146167755127,15.070491790771484,6.9380083084106445,14.67741870880127,,7.565037727355957,19.421167373657227,8.866837501525879
2009-07-08,8.486734390258789,,12.94696044921875,6.71726655960083,15.0120849609375,6.942011833190918,14.741036415100098,,7.531478404998779,19.601476669311523,8.940049171447754
2009-07-09,8.553200721740723,,13.080702781677246,6.801911354064941,15.1508150100708,6.986024379730225,14.632880210876465,,7.534275054931641,19.35355567932129,9.005125045776367
2009-07-10,8.504225730895996,,12.987667083740234,6.711219787597656,15.12890911102295,7.0140299797058105,14.562902450561523,,7.525882244110107,19.263397216796875,8.988855361938477
2009-07-13,8.763093948364258,,13.185371398925781,7.140497207641602,15.515893936157227,7.14607048034668,14.823745727539062,,7.657327651977539,19.601476669311523,9.13527774810791
2009-07-14,8.82956314086914,,13.362730979919434,7.11026668548584,15.742242813110352,7.154073238372803,14.8682861328125,,7.716060638427734,19.69163703918457,9.27763843536377
2009-07-15,9.175890922546387,,13.836647033691406,7.412573337554932,16.2314510345459,7.422150135040283,15.110042572021484,,7.869877338409424,19.864437103271484,9.533883094787598
2009-07-16,9.263340950012207,,14.00528621673584,7.388388156890869,16.53081512451172,7.530178546905518,15.211841583251953,,7.872673034667969,19.992151260375977,9.651834487915039
2009-07-17,9.308820724487305,,14.086694717407227,7.340017795562744,16.340972900390625,7.602201461791992,15.22455883026123,,7.836317539215088,19.932058334350586,9.668106079101562
2009-07-20,9.508219718933105,,14.328009605407715,7.400478839874268,16.669544219970703,7.670222282409668,15.269099235534668,,7.895047664642334,19.977134704589844,9.871475219726562
2009-07-21,9.62016773223877,,14.453024864196777,7.333974361419678,16.676843643188477,7.714230537414551,15.250006675720215,,7.973356246948242,20.270143508911133,9.871475219726562
2009-07-22,9.648151397705078,,14.322189331054688,7.340017795562744,16.727954864501953,7.758249282836914,15.256367683410645,,7.93140172958374,20.19500732421875,9.940616607666016
2009-07-23,9.976987838745117,,14.729244232177734,7.551636695861816,17.07843780517578,7.910295009613037,15.466317176818848,,8.138361930847168,20.60072135925293,10.17245864868164
2009-07-24,10.057445526123047,,14.883339881896973,7.509311199188232,17.09303855895996,7.862273693084717,15.606287002563477,,8.26700496673584,20.96134376525879,10.164321899414062
2009-07-27,10.078433990478516,,14.93276596069336,7.630234241485596,17.187963485717773,7.862273693084717,15.549022674560547,,8.247431755065918,20.946317672729492,10.204996109008789
2009-07-28,9.994477272033691,,14.714704513549805,7.612099647521973,17.173355102539062,7.8782806396484375,15.568114280700684,,8.113187789916992,21.089067459106445,10.17245864868164
2009-07-29,9.784579277038574,,14.374526977539062,7.612099647521973,17.09303855895996,7.870279788970947,15.650823593139648,,8.074033737182617,21.074031829833984,10.119584083557129
2009-07-30,10.081933975219727,,14.575150489807129,7.787432670593262,17.370494842529297,7.910295009613037,15.631733894348145,,8.197096824645996,21.10409164428711,10.27820873260498
2009-07-31,10.18687915802002,,14.717611312866211,7.86603307723999,17.43621063232422,7.882286548614502,15.599928855895996,,8.093612670898438,20.93880271911621,10.27820873260498
2009-08-03,10.547201156616211,,15.09558391571045,8.065553665161133,17.815902709960938,7.990309238433838,15.619013786315918,,8.17471694946289,21.066526412963867,10.489710807800293
2009-08-04,10.50871753692627,,15.069419860839844,8.228801727294922,17.947324752807617,7.966308116912842,15.644454002380371,,8.05445671081543,21.119110107421875,10.53445053100586
2009-08-05,10.592676162719727,,14.918225288391113,8.512970924377441,17.80129623413086,7.894287109375,15.542670249938965,,7.9985270500183105,20.81859588623047,10.44497299194336
2009-08-06,10.505218505859375,,14.796114921569824,8.452512741088867,17.896211624145508,7.838273525238037,15.383617401123047,,8.012507438659668,20.668338775634766,10.436835289001465
2009-08-07,10.568185806274414,,14.77867317199707,8.676218032836914,18.341609954833984,7.918292045593262,15.447237014770508,,8.088017463684082,20.75848960876465,10.778494834899902
2009-08-10,10.428257942199707,,14.842631340026855,8.639941215515137,18.166372299194336,7.882286548614502,15.459964752197266,,8.1048002243042,20.923778533935547,10.680877685546875
2009-08-11,10.403770446777344,,14.627479553222656,8.31949234008789,17.925416946411133,7.770249843597412,15.459964752197266,,8.110394477844238,20.893720626831055,10.56699275970459
2009-08-12,10.498225212097168,,14.784479141235352,8.488783836364746,18.239389419555664,7.926300525665283,15.453598022460938,,8.14954948425293,21.00642204284668,10.644269943237305
2009-08-13,10.690629005432129,,14.964751243591309,8.664127349853516,18.319705963134766,7.962306976318359,15.542670249938965,,8.121581077575684,20.983877182006836,10.67274284362793
2009-08-14,10.42126178741455,,14.743779182434082,8.60970687866211,18.05685043334961,7.886287212371826,15.523577690124512,,8.121581077575684,20.983877182006836,10.52631664276123
2009-08-17,10.025960922241211,,14.266952514648438,8.246941566467285,17.523832321166992,7.698229789733887,15.364524841308594,,8.009714126586914,20.901226043701172,10.192795753479004
2009-08-18,10.176386833190918,,14.409420013427734,8.416234970092773,17.735580444335938,7.814266681671143,15.389983177185059,,8.026493072509766,20.886213302612305,10.306680679321289
2009-08-19,10.309316635131836,,14.676907539367676,8.410186767578125,17.78668975830078,7.834267616271973,15.49177074432373,,8.085222244262695,21.17922019958496,10.412428855895996
2009-08-20,10.330305099487305,,14.801929473876953,8.627847671508789,18.005741119384766,7.922293663024902,15.568114280700684,,8.152342796325684,21.329479217529297,10.489710807800293
2009-08-21,10.60317325592041,,15.220608711242676,8.797140121459961,18.47304344177246,8.038329124450684,15.739891052246094,,8.31175422668457,21.547351837158203,10.705280303955078
2009-08-24,10.51921272277832,,15.415404319763184,8.730632781982422,18.50954818725586,8.014323234558105,15.746255874633789,,8.325736999511719,21.697616577148438,10.627999305725098
2009-08-25,10.466736793518066,,15.17989444732666,8.83946418762207,18.611766815185547,8.03432559967041,15.771700859069824,,8.272600173950195,21.697616577148438,10.73781967163086
2009-08-26,10.428257942199707,,15.24968147277832,8.815277099609375,18.421926498413086,8.070337295532227,15.82260513305664,,8.264214515686035,21.70513343811035,10.798831939697266
2009-08-27,10.501723289489746,,15.203157424926758,8.905973434448242,18.589862823486328,8.086343765258789,15.82260513305664,,8.264214515686035,21.697616577148438,10.81916618347168
2009-08-28,10.568185806274414,,15.171175956726074,8.918061256408691,18.487640380859375,8.114347457885742,15.75898265838623,,8.244633674621582,21.53984832763672,10.823235511779785
2009-08-31,10.428257942199707,,14.877528190612793,8.887832641601562,18.268604278564453,8.010322570800781,15.790787696838379,,8.17471694946289,21.502283096313477,10.640209197998047
2009-09-01,10.120412826538086,,14.618755340576172,8.410186767578125,17.96192169189453,7.846273422241211,15.644454002380371,,8.110394477844238,21.156679153442383,10.449036598205566
2009-09-02,10.214864730834961,,14.51117992401123,8.337635040283203,17.8889102935791,7.862273693084717,15.657181739807129,,8.05445671081543,21.20176124572754,10.396160125732422
2009-09-03,10.36178970336914,,14.612944602966309,8.500875473022461,18.12255859375,7.898284435272217,15.688994407653809,,8.04886531829834,21.10409164428711,10.505979537963867
2009-09-04,10.505218505859375,,14.8164701461792,8.59761905670166,18.48033905029297,8.038329124450684,15.803510665893555,,8.088017463684082,21.40460968017578,10.69714641571045
2009-09-08,10.648645401000977,,15.223505020141602,8.633893013000488,18.640981674194336,8.098342895507812,15.937113761901855,,8.107597351074219,21.306941986083984,10.790698051452637
2009-09-09,10.697628021240234,,15.258395195007324,8.766907691955566,18.954933166503906,8.158364295959473,15.93075180053711,,8.096407890319824,21.55487632751465,10.904580116271973
2009-09-10,10.75709342956543,,15.522978782653809,8.83946418762207,19.115583419799805,8.270393371582031,16.04527473449707,,8.096407890319824,21.720155715942383,11.051004409790039
2009-09-11,10.771086692810059,,15.584033012390137,8.78504753112793,19.239709854125977,8.278396606445312,16.115257263183594,,8.093612670898438,21.7276668548584,11.014402389526367
2009-09-14,10.907520294189453,,15.700339317321777,8.899920463562012,19.422243118286133,8.25039291381836,16.077075958251953,,8.211073875427246,21.810304641723633,11.051004409790039
2009-09-15,11.148896217346191,,15.857341766357422,8.918061256408691,19.655908584594727,8.30640983581543,15.994376182556152,,8.272600173950195,21.614980697631836,11.103882789611816
2009-09-16,11.302818298339844,,16.249847412109375,9.22641658782959,19.904146194458008,8.37042236328125,16.12161636352539,,8.404043197631836,21.810304641723633,11.315383911132812
2009-09-17,11.250345230102539,,16.17133903503418,9.196184158325195,19.940658569335938,8.338418006896973,16.06435775756836,,8.348113059997559,21.795289993286133,11.303182601928711
2009-09-18,11.24437141418457,,16.114688873291016,9.182236671447754,19.826152801513672,8.389418601989746,16.27516746520996,,8.386255264282227,21.702468872070312,11.343987464904785
2009-09-21,11.131963729858398,,15.977434158325195,9.097328186035156,19.70871353149414,8.353273391723633,16.223907470703125,,8.346695899963379,21.913755416870117,11.299097061157227
2009-09-22,11.254913330078125,,16.22859001159668,9.3035306930542,19.943603515625,8.397454261779785,16.25594711303711,,8.324091911315918,21.845849990844727,11.343987464904785
2009-09-23,11.075762748718262,,15.889817237854004,9.115518569946289,19.77476692199707,8.397454261779785,16.25594711303711,,8.295836448669434,21.536453247070312,11.180768966674805
2009-09-24,10.833378791809082,,15.662031173706055,8.933576583862305,19.45179557800293,8.317132949829102,16.172651290893555,,8.273231506347656,21.513818740844727,11.074667930603027
2009-09-25,10.727998733520508,,15.64159107208252,8.84866714477539,19.18020248413086,8.264923095703125,16.172651290893555,,8.250630378723145,21.528915405273438,11.009382247924805
2009-09-28,10.931735038757324,,15.892741203308105,9.14584732055664,19.576583862304688,8.401467323303223,16.204692840576172,,8.321269035339355,21.762840270996094,11.217488288879395
2009-09-29,10.942277908325195,,15.8489408493042,9.10339641571045,19.53253746032715,8.357294082641602,16.281574249267578,,8.338220596313477,21.79302215576172,11.270541191101074
2009-09-30,10.868508338928223,,15.746718406677246,9.06093692779541,19.334352493286133,8.38138484954834,16.31361198425293,,8.287363052368164,21.634559631347656,11.209330558776855
2009-10-01,10.443461418151855,,15.25609016418457,8.660659790039062,18.849889755249023,8.132393836975098,16.16623878479004,,8.146084785461426,21.325164794921875,10.964493751525879
2009-10-02,10.401308059692383,,15.177244186401367,8.666723251342773,18.607664108276367,8.132393836975098,16.217496871948242,,8.058489799499512,21.24216079711914,10.825756072998047
2009-10-05,10.576945304870605,,15.513087272644043,8.939640045166016,18.989356994628906,8.200666427612305,16.25594711303711,,8.146084785461426,21.37798500061035,10.993058204650879
2009-10-06,10.798254013061523,,15.881062507629395,9.054872512817383,19.172863006591797,8.349257469177246,16.40332794189453,,8.208245277404785,21.55154800415039,11.160356521606445
2009-10-07,10.801763534545898,,16.00371742248535,9.151908874511719,19.09945297241211,8.333198547363281,16.473804473876953,,8.213898658752441,21.566638946533203,11.168522834777832
2009-10-08,11.05468463897705,,16.415489196777344,9.164042472839355,19.437118530273438,8.385403633117676,16.569910049438477,,8.213898658752441,21.58928108215332,11.348068237304688
2009-10-09,11.065218925476074,,16.40089225769043,9.242884635925293,19.48849868774414,8.441627502441406,16.608354568481445,,8.264758110046387,21.79302215576172,11.343987464904785
2009-10-12,11.0933256149292,,16.622838973999023,9.315661430358887,19.45179557800293,8.44564437866211,16.67884063720703,,8.349525451660156,21.898670196533203,11.401111602783203
2009-10-13,11.153039932250977,,16.64911651611328,9.224689483642578,19.466482162475586,8.477766036987305,16.621177673339844,,8.290189743041992,21.6873779296875,11.421520233154297
2009-10-14,11.391907691955566,,16.92656707763672,9.540064811706543,20.031675338745117,8.57817268371582,16.67884063720703,,8.295836448669434,22.01940155029297,11.56434154510498
2009-10-15,11.412986755371094,,17.279924392700195,9.455156326293945,20.002321243286133,8.562108039855957,16.806991577148438,,8.360827445983887,22.079774856567383,11.580660820007324
2009-10-16,11.254913330078125,,17.227359771728516,9.230751037597656,19.862857818603516,8.481783866882324,16.896697998046875,,8.389080047607422,22.064678192138672,11.560256004333496
2009-10-19,11.427032470703125,,17.452226638793945,9.273205757141113,20.075716018676758,8.574155807495117,16.992813110351562,,8.507756233215332,22.253326416015625,11.690836906433105
2009-10-20,11.307607650756836,,17.341251373291016,9.200430870056152,19.936254501342773,8.546040534973145,16.973590850830078,,8.422987937927246,22.042041778564453,11.57249927520752
2009-10-21,11.174116134643555,,17.294532775878906,9.024547576904297,19.79678726196289,8.550060272216797,16.845436096191406,,8.434289932250977,21.755294799804688,11.421520233154297
2009-10-22,11.307607650756836,,17.361698150634766,9.291401863098145,19.936254501342773,8.590218544006348,16.871070861816406,,8.45406723022461,21.891124725341797,11.57249927520752
2009-10-23,11.082780838012695,,17.025854110717773,9.157977104187012,19.58391761779785,8.566121101379395,16.7044677734375,,8.3156156539917,21.664743423461914,11.527609825134277
2009-10-26,10.798254013061523,,16.745506286621094,8.921446800231934,19.429771423339844,8.509897232055664,16.576324462890625,,8.205418586730957,21.430810928344727,11.458244323730469
2009-10-27,10.710430145263672,,16.894437789916992,8.854730606079102,19.165531158447266,8.465723991394043,16.589141845703125,,8.185638427734375,21.52136993408203,11.262374877929688
2009-10-28,10.380234718322754,,16.336641311645508,8.581811904907227,18.769147872924805,8.341228485107422,16.54428482055664,,8.1037015914917,21.30253028869629,10.94408893585205
2009-10-29,10.689356803894043,,16.771774291992188,8.939640045166016,19.21691131591797,8.501867294311523,16.813398361206055,,8.174336433410645,21.49117660522461,11.237895965576172
2009-10-30,10.306461334228516,,16.135129928588867,8.521161079406738,18.563617706298828,8.276969909667969,16.550691604614258,,8.021759033203125,21.18179702758789,10.94408893585205
2009-11-02,10.397798538208008,,16.237346649169922,8.593938827514648,18.776491165161133,8.325164794921875,16.71088218688965,,8.007630348205566,21.27234649658203,11.050189018249512
2009-11-03,10.503182411193848,,16.447616577148438,8.61820125579834,19.09945297241211,8.293034553527832,16.60194969177246,,7.990677833557129,21.279888153076172,11.058344841003418
2009-11-04,10.503182411193848,,16.433013916015625,8.496904373168945,19.062755584716797,8.341228485107422,16.66602897644043,,8.044364929199219,21.55154800415039,11.062427520751953
2009-11-05,10.689356803894043,,16.71337127685547,8.715238571166992,19.554555892944336,8.521946907043457,16.742916107177734,,8.1799898147583,21.906206130981445,11.364389419555664
2009-11-06,10.78068733215332,,16.66956901550293,8.678849220275879,19.73073387145996,8.533997535705566,16.787771224975586,,8.171514511108398,22.004314422607422,11.466404914855957
2009-11-09,11.131963729858398,,16.987884521484375,8.988161087036133,20.2298641204834,8.7307767868042,17.063295364379883,,8.318440437316895,22.374073028564453,11.71531867980957
2009-11-10,11.146016120910645,,16.99956703186035,8.957834243774414,20.112422943115234,8.726763725280762,17.056884765625,,8.357999801635742,22.524991989135742,11.756122589111328
2009-11-11,11.254913330078125,,16.993722915649414,9.079131126403809,20.266571044921875,8.77896785736084,17.108152389526367,,8.338220596313477,22.555166244506836,11.768365859985352
2009-11-12,11.202219009399414,,16.619918823242188,8.909316062927246,20.031675338745117,8.714712142944336,17.005632400512695,,8.22237491607666,22.426889419555664,11.637787818908691
2009-11-13,11.24437141418457,,16.72504997253418,8.891119003295898,20.18583106994629,8.795036315917969,17.1209716796875,,8.295836448669434,22.47216796875,11.841816902160645
2009-11-16,11.476213455200195,,17.163105010986328,8.988161087036133,20.64826774597168,8.89141845703125,17.217073440551758,,8.411687850952148,22.698549270629883,12.033607482910156
2009-11-17,11.609705924987793,,17.133899688720703,9.012420654296875,20.611560821533203,8.931581497192383,17.300378799438477,,8.366477966308594,22.75891876220703,11.935669898986816
2009-11-18,11.609705924987793,,17.066730499267578,9.085195541381836,20.501453399658203,8.883383750915527,17.287559509277344,,8.32974624633789,22.88719940185547,11.90302848815918
2009-11-19,11.434065818786621,,16.684167861938477,8.909316062927246,20.193172454833984,8.754876136779785,17.204265594482422,,8.22802448272705,22.774009704589844,11.768365859985352
2009-11-20,11.39542007446289,,16.529388427734375,8.854730606079102,20.15645980834961,8.710699081420898,17.229896545410156,,8.264758110046387,22.932476043701172,11.707161903381348
2009-11-23,11.511347770690918,,16.742586135864258,8.982095718383789,20.523469924926758,8.863306999206543,17.37727165222168,,8.369300842285156,23.143766403198242,11.809175491333008
2009-11-24,11.497288703918457,,16.838947296142578,8.915382385253906,20.354650497436523,8.84724235534668,17.415706634521484,,8.386255264282227,23.324872970581055,11.796932220458984
2009-11-25,11.68346881866455,,16.970361709594727,8.897186279296875,20.523469924926758,8.863306999206543,17.38367462158203,,8.48232364654541,23.46824836730957,11.911187171936035
2009-11-27,11.36380672454834,,16.65204429626465,8.660659790039062,20.127105712890625,8.718729019165039,17.22348976135254,,8.338220596313477,23.234315872192383,11.678592681884766
2009-11-30,11.416498184204102,,16.5936336517334,8.891119003295898,20.193172454833984,8.734793663024902,17.15941047668457,,8.40886116027832,23.151309967041016,11.678592681884766
2009-12-01,11.637802124023438,,16.81266212463379,8.897186279296875,20.523469924926758,8.875353813171387,17.396493911743164,,8.567091941833496,23.55880355834961,11.862217903137207
2009-12-02,11.750215530395508,,16.71337127685547,8.891119003295898,20.464759826660156,8.863306999206543,17.37727165222168,,8.682938575744629,23.505977630615234,11.898941993713379
2009-12-03,11.56052303314209,,16.444692611694336,8.709174156188965,20.369333267211914,8.86732292175293,17.242704391479492,,8.711197853088379,23.39278221130371,11.81733226776123
2009-12-04,11.434065818786621,,16.324962615966797,8.872928619384766,20.677629470825195,8.92354679107666,17.332408905029297,,8.657509803771973,23.37769317626953,11.894867897033691
2009-12-07,11.448114395141602,,16.2869930267334,8.72736644744873,20.604217529296875,8.907483100891113,17.313194274902344,,8.73380184173584,23.347517013549805,11.931589126586914
2009-12-08,11.265449523925781,,16.009559631347656,8.64852523803711,20.288597106933594,8.827157974243164,17.11455726623535,,8.697066307067871,23.16640853881836,11.841816902160645
2009-12-09,11.405959129333496,,16.009559631347656,8.678849220275879,20.38401222229004,8.911498069763184,17.146596908569336,,8.728147506713867,23.362600326538086,11.841816902160645
2009-12-10,11.36380672454834,,16.20815086364746,8.666723251342773,20.47209358215332,8.951658248901367,17.204265594482422,,8.838346481323242,23.604084014892578,12.025442123413086
2009-12-11,11.39542007446289,,16.216903686523438,8.72736644744873,20.677629470825195,8.931581497192383,17.300378799438477,,8.990926742553711,23.604084014892578,12.143779754638672
2009-12-14,11.56052303314209,,16.38336753845215,8.775887489318848,20.95655059814453,9.003866195678711,17.364456176757812,,9.033308029174805,23.82291603088379,12.237630844116211
2009-12-15,11.448114395141602,,16.43593406677246,8.636392593383789,20.897836685180664,8.947641372680664,17.293964385986328,,8.976798057556152,23.830459594726562,12.22131061553955
2009-12-16,11.564035415649414,,16.54106903076172,8.6909818649292,20.80974769592285,8.975752830505371,17.210662841796875,,8.937239646911621,23.70972442626953,12.233551979064941
2009-12-17,11.307607650756836,,16.40089225769043,8.527225494384766,20.582204818725586,8.86732292175293,17.005632400512695,,8.886381149291992,23.49088478088379,12.086652755737305
2009-12-18,11.29947566986084,,16.487220764160156,8.65628433227539,20.57554817199707,8.999923706054688,16.972640991210938,,8.963290214538574,23.620635986328125,12.148605346679688
2009-12-21,11.465492248535156,,16.683944702148438,8.784116744995117,20.730695724487305,9.080534934997559,17.06319236755371,,8.989023208618164,23.840682983398438,12.304513931274414
2009-12-22,11.53260612487793,,16.763225555419922,8.802379608154297,20.75286293029785,9.153076171875,17.179622650146484,,8.91468620300293,23.94691276550293,12.296308517456055
2009-12-23,11.709214210510254,,16.895357131958008,8.76585578918457,20.7898006439209,9.189352989196777,17.19256591796875,,8.934698104858398,23.871030807495117,12.374265670776367
2009-12-24,11.801048278808594,,16.974634170532227,8.844989776611328,20.871070861816406,9.273991584777832,17.25724220275879,,9.000456809997559,23.871030807495117,12.38247013092041
2009-12-28,11.811644554138184,,17.003999710083008,8.814550399780273,20.83413314819336,9.302202224731445,17.289588928222656,,9.006172180175781,23.99243927001953,12.374265670776367
2009-12-29,11.829306602478027,,16.89241600036621,8.778030395507812,20.893239974975586,9.290111541748047,17.32192039489746,,9.000456809997559,23.96208953857422,12.415287017822266
2009-12-30,11.815183639526367,,16.874807357788086,8.784116744995117,20.7898006439209,9.322355270385742,17.289588928222656,,8.997597694396973,23.89379119873047,12.329133987426758
2009-12-31,11.65269947052002,,16.73973274230957,8.76585578918457,20.531219482421875,9.241747856140137,17.121410369873047,,8.868941307067871,23.575109481811523,12.214249610900879
2010-01-04,12.016512870788574,,17.26826286315918,8.942387580871582,20.92278289794922,9.378779411315918,17.250774383544922,,8.88609504699707,23.984848022460938,12.308618545532227
2010-01-05,12.055366516113281,,17.409208297729492,9.1067476272583,20.996667861938477,9.366690635681152,17.25724220275879,,8.78030776977539,23.749624252319336,12.35374927520752
2010-01-06,12.260235786437988,,17.6176815032959,9.12501049041748,21.04099464416504,9.2618989944458,17.244306564331055,,8.83177375793457,23.99243927001953,12.370157241821289
2010-01-07,12.164861679077148,,17.59126091003418,9.319805145263672,21.270021438598633,9.225622177124023,17.244306564331055,,8.791744232177734,24.07590103149414,12.472731590270996
2010-01-08,12.334410667419434,,17.705768585205078,9.265016555786133,21.609878540039062,9.286081314086914,17.186092376708984,,8.783164978027344,24.11383819580078,12.468631744384766
2010-01-11,12.267300605773926,,17.682287216186523,9.271109580993652,21.846281051635742,9.249807357788086,17.231367111206055,,8.87465763092041,24.250415802001953,12.444010734558105
2010-01-12,12.034173965454102,,17.426822662353516,9.137187957763672,21.668981552124023,9.149052619934082,17.328392028808594,,8.837489128112793,24.07590103149414,12.2839994430542
2010-01-13,12.17546272277832,,17.49142837524414,9.240669250488281,21.75762939453125,9.237717628479004,17.45128631591797,,8.934698104858398,24.39459228515625,12.42349910736084
2010-01-14,12.027111053466797,,17.54134178161621,9.283284187316895,21.75762939453125,9.2618989944458,17.399547576904297,,8.894671440124512,24.614625930786133,12.42349910736084
2010-01-15,11.938804626464844,,17.400400161743164,9.094572067260742,21.476890563964844,9.132925987243652,17.315454483032227,,8.837489128112793,24.44770622253418,12.30041217803955
2010-01-19,12.129548072814941,,17.558956146240234,9.210230827331543,21.713298797607422,9.290111541748047,17.41895294189453,,8.940420150756836,25.039546966552734,12.464526176452637
2010-01-20,11.914081573486328,,17.285892486572266,9.185881614685059,21.38085174560547,9.140990257263184,17.289588928222656,,8.846067428588867,24.827091217041016,12.296308517456055
2010-01-21,11.3983793258667,,16.93353271484375,8.924123764038086,20.885848999023438,9.044260025024414,17.043787002563477,,8.7174072265625,24.288354873657227,12.140399932861328
2010-01-22,11.172322273254395,,16.5312557220459,8.631932258605957,20.568164825439453,8.729886054992676,17.004981994628906,,8.525849342346191,24.022790908813477,11.90653133392334
2010-01-25,11.271219253540039,,16.63990020751953,8.680628776550293,20.701156616210938,8.802434921264648,17.03732681274414,,8.58303165435791,24.022790908813477,11.968077659606934
2010-01-26,11.112273216247559,,16.534196853637695,8.528446197509766,20.612491607666016,8.778250694274902,17.017915725708008,,8.617339134216309,23.88620948791504,11.984489440917969
2010-01-27,11.016904830932617,,16.469594955444336,8.735419273376465,20.671600341796875,8.850798606872559,17.056732177734375,,8.560157775878906,24.05314064025879,12.00500774383545
2010-01-28,10.819099426269531,,16.29636001586914,8.692808151245117,20.435184478759766,8.596878051757812,17.01144790649414,,8.49439525604248,23.901384353637695,11.93525505065918
2010-01-29,10.646021842956543,,16.002731323242188,8.631932258605957,20.228321075439453,8.447755813598633,16.946765899658203,,8.4429349899292,23.734458923339844,11.861403465270996
2010-02-01,11.06988525390625,,16.5312557220459,8.778030395507812,20.531219482421875,8.544488906860352,17.076139450073242,,8.4972562789917,23.871030807495117,12.013212203979492
2010-02-02,11.105205535888672,,16.74854278564453,8.863251686096191,20.92278289794922,8.629121780395508,17.32192039489746,,8.565874099731445,24.364240646362305,12.181428909301758
2010-02-03,10.978050231933594,,16.604665756225586,8.76585578918457,20.79719352722168,8.649277687072754,17.19902992248535,,8.50583267211914,24.037960052490234,12.189632415771484
2010-02-04,10.568316459655762,,15.923454284667969,8.388436317443848,20.183988571166992,8.407451629638672,16.84974479675293,,8.282820701599121,23.430940628051758,11.836787223815918
2010-02-05,10.766119956970215,,15.92638874053955,8.485832214355469,20.0953369140625,8.49209213256836,16.80447006225586,,8.26852798461914,23.393007278442383,11.803959846496582
2010-02-08,10.593040466308594,,15.779574394226074,8.315387725830078,19.873687744140625,8.455818176269531,16.785062789916992,,8.174175262451172,23.27918815612793,11.730113983154297
2010-02-09,10.850889205932617,,16.11137580871582,8.400609016418457,20.257875442504883,8.528361320495605,16.985576629638672,,8.25709056854248,23.461299896240234,11.910635948181152
2010-02-10,10.776712417602539,,16.043838500976562,8.467570304870605,20.228321075439453,8.504179954528809,16.966175079345703,,8.21992301940918,23.317127227783203,11.861403465270996
2010-02-11,10.960391998291016,,16.316911697387695,8.485832214355469,20.531219482421875,8.592851638793945,17.101999282836914,,8.26852798461914,23.476472854614258,12.000899314880371
2010-02-12,10.939194679260254,,16.32278823852539,8.49191951751709,20.368682861328125,8.608975410461426,17.101999282836914,,8.237074851989746,23.42335319519043,12.000899314880371
2010-02-16,11.214709281921387,,16.70743751525879,8.668453216552734,20.848907470703125,8.737947463989258,17.276647567749023,,8.380034446716309,23.62822151184082,12.19373607635498
2010-02-17,11.22177505493164,,16.683944702148438,8.698894500732422,21.026214599609375,8.762128829956055,17.399547576904297,,8.345723152160645,23.81033706665039,12.292205810546875
2010-02-18,11.341863632202148,,16.777904510498047,8.753678321838379,21.218299865722656,8.818556785583496,17.503032684326172,,8.391472816467285,23.924150466918945,12.370157241821289
2010-02-19,11.405445098876953,,16.842504501342773,8.802379608154297,21.32174301147461,8.794370651245117,17.54184341430664,,8.508688926696777,23.924150466918945,12.398880004882812
2010-02-22,11.355998039245605,,16.610538482666016,8.918039321899414,21.336519241333008,8.778250694274902,17.54184341430664,,8.462944984436035,23.85585594177246,12.394777297973633
2010-02-23,11.175850868225098,,16.334531784057617,8.753678321838379,21.06316375732422,8.669429779052734,17.444822311401367,,8.405765533447266,23.62822151184082,12.320921897888184
2010-02-24,11.147591590881348,,16.437299728393555,8.905865669250488,21.277414321899414,8.754069328308105,17.554786682128906,,8.414340019226074,23.802745819091797,12.480937957763672
2010-02-25,11.1228666305542,,16.44610595703125,8.881514549255371,21.22569465637207,8.729886054992676,17.567724227905273,,8.397189140319824,23.81791877746582,12.50145149230957
2010-02-26,11.1264009475708,,16.48427963256836,8.936297416687012,21.30696678161621,8.741974830627441,17.48362922668457,,8.331428527832031,23.825504302978516,12.521965026855469
2010-03-01,11.29594898223877,,16.636959075927734,8.960649490356445,21.587709426879883,8.854830741882324,17.606529235839844,,8.451513290405273,24.05314064025879,12.718904495239258
2010-03-02,11.391313552856445,,16.77496910095215,8.991086959838867,21.624645233154297,8.842735290527344,17.67121124267578,,8.477242469787598,24.136598587036133,12.6532564163208
2010-03-03,11.490215301513672,,16.848379135131836,8.997171401977539,21.65419578552246,8.846766471862793,17.677677154541016,,8.462944984436035,24.037960052490234,12.690186500549316
2010-03-04,11.567924499511719,,16.76028823852539,9.088485717773438,21.75762939453125,8.883042335510254,17.73589515686035,,8.480100631713867,23.96208953857422,12.805066108703613
2010-03-05,11.716273307800293,,17.07447624206543,9.265016555786133,22.090097427368164,8.991865158081055,17.845849990844727,,8.565874099731445,24.29594612121582,13.043028831481934
2010-03-08,11.716273307800293,,17.048049926757812,9.283284187316895,21.98666000366211,9.040229797363281,17.781173706054688,,8.565874099731445,24.151779174804688,13.07585334777832
2010-03-09,11.642102241516113,,17.048049926757812,9.31371784210205,22.16396713256836,9.080534934997559,17.75529670715332,,8.554438591003418,24.136598587036133,13.055340766906738
2010-03-10,11.645630836486816,,17.197790145874023,9.417207717895508,22.208297729492188,9.140990257263184,17.72941780090332,,8.557294845581055,24.151779174804688,13.084054946899414
2010-03-11,11.712742805480957,,17.168428421020508,9.496344566345215,22.289567947387695,9.177263259887695,17.761770248413086,,8.585887908935547,24.341472625732422,13.178424835205078
2010-03-12,11.758659362792969,,17.177242279052734,9.459815979003906,22.43732452392578,9.169204711914062,17.774702072143555,,8.53156566619873,24.15936851501465,13.215349197387695
2010-03-15,11.755128860473633,,17.001062393188477,9.459815979003906,22.43732452392578,9.161140441894531,17.91053581237793,,8.56301212310791,24.318708419799805,13.19894027709961
2010-03-16,11.92820930480957,,17.15375518798828,9.575477600097656,22.7402286529541,9.229659080505371,17.994625091552734,,8.663084983825684,24.387001037597656,13.297410011291504
2010-03-17,11.995317459106445,,17.341670989990234,9.691142082214355,22.777177810668945,9.257872581481934,18.072235107421875,,8.691673278808594,24.39459228515625,13.363058090209961
2010-03-18,11.910547256469727,,17.08327865600586,9.636350631713867,22.932327270507812,9.269960403442383,18.091646194458008,,8.65164852142334,24.561525344848633,13.358951568603516
2010-03-19,11.780632019042969,,16.877904891967773,9.572898864746094,22.840410232543945,9.214569091796875,18.03838539123535,,8.642129898071289,24.552383422851562,13.318670272827148
2010-03-22,11.954085350036621,,16.83370590209961,9.621709823608398,22.907115936279297,9.283306121826172,18.129322052001953,,8.584436416625977,24.712263107299805,13.458433151245117
2010-03-23,12.109840393066406,,16.898529052734375,9.701024055480957,23.166580200195312,9.372257232666016,18.2722225189209,,8.619050025939941,24.83406639099121,13.511870384216309
2010-03-24,12.074445724487305,,16.801301956176758,9.707128524780273,23.00349235534668,9.327778816223145,18.14230728149414,,8.529629707336426,24.56760025024414,13.458433151245117
2010-03-25,11.833734512329102,,16.5184268951416,9.749838829040527,22.98866081237793,9.343955039978027,18.116331100463867,,8.474823951721191,24.468639373779297,13.536535263061523
2010-03-26,11.922233581542969,,16.524316787719727,9.762039184570312,23.047962188720703,9.29947566986084,18.129322052001953,,8.495016098022461,24.28592300415039,13.58997631072998
2010-03-29,12.049663543701172,,16.84549331665039,9.774246215820312,23.255538940429688,9.327778816223145,18.213760375976562,,8.598860740661621,24.544763565063477,13.610525131225586
2010-03-30,12.067362785339355,,16.872011184692383,9.713229179382324,23.29261016845703,9.36821174621582,18.24624252319336,,8.575784683227539,24.544763565063477,13.598198890686035
2010-03-31,12.007183074951172,,16.948627471923828,9.731532096862793,23.159168243408203,9.339911460876465,18.14230728149414,,8.55558967590332,24.461017608642578,13.499542236328125
2010-04-01,12.216041564941406,,17.249174118041992,9.810848236083984,23.307432174682617,9.323732376098633,18.25922393798828,,8.673858642578125,24.598058700561523,13.59408950805664
2010-04-05,12.364707946777344,,17.55561637878418,9.908468246459961,23.477933883666992,9.432906150817871,18.25922393798828,,8.72577953338623,24.529542922973633,13.75851058959961
2010-04-06,12.38595199584961,,17.55561637878418,10.012190818786621,23.485353469848633,9.44098949432373,18.200769424438477,,8.797893524169922,24.514312744140625,13.779067039489746
2010-04-07,12.308073997497559,,17.381772994995117,9.975582122802734,23.351919174194336,9.404603004455566,18.08384895324707,,8.711359024047852,24.40774154663086,13.729738235473633
2010-04-08,12.336393356323242,,17.443653106689453,10.054901123046875,23.426050186157227,9.42077350616455,18.116331100463867,,8.65943717956543,24.31637191772461,13.861281394958496
2010-04-09,12.357630729675293,,17.629283905029297,10.091506958007812,23.55948257446289,9.493553161621094,18.213760375976562,,8.722896575927734,24.422964096069336,13.964046478271484
2010-04-12,12.318690299987793,,17.670534133911133,10.13421630859375,23.611387252807617,9.513772964477539,18.2722225189209,,8.745972633361816,24.35443687438965,13.964046478271484
2010-04-13,12.272676467895508,,17.608657836914062,10.140318870544434,23.6484432220459,9.542072296142578,18.213760375976562,,8.69981861114502,24.377277374267578,14.038040161132812
2010-04-14,12.364707946777344,,17.776611328125,10.402670860290527,23.95240020751953,9.679539680480957,18.23974609375,,8.70847225189209,24.29353141784668,14.25590705871582
2010-04-15,12.364707946777344,,17.773658752441406,10.359963417053223,24.182209014892578,9.724020004272461,18.207265853881836,,8.705587387084961,24.22501564025879,14.317566871643066
2010-04-16,12.152318954467773,,17.473108291625977,9.981687545776367,23.789302825927734,9.594632148742676,18.129322052001953,,8.60462760925293,24.080360412597656,14.128474235534668
2010-04-19,12.155858039855957,,17.496688842773438,10.079299926757812,23.744823455810547,9.614848136901855,18.200769424438477,,8.613285064697266,24.278310775756836,14.153136253356934
2010-04-20,12.194798469543457,,17.83848762512207,10.213529586791992,24.019119262695312,9.667409896850586,18.252735137939453,,8.722896575927734,24.331594467163086,14.325789451599121
2010-04-21,12.162938117980957,,17.82080841064453,10.152520179748535,24.182209014892578,9.687628746032715,18.252735137939453,,8.731549263000488,23.9052677154541,14.391559600830078
2010-04-22,12.283294677734375,,17.86500358581543,10.207430839538574,24.40460777282715,9.71188735961914,18.252735137939453,,8.760393142700195,23.631183624267578,14.650530815124512
2010-04-23,12.393028259277344,,18.295202255249023,10.237935066223145,24.552867889404297,9.7361478805542,18.207265853881836,,8.829625129699707,23.867202758789062,14.662872314453125
2010-04-26,12.446128845214844,,18.233325958251953,10.079299926757812,24.604759216308594,9.724020004272461,18.168292999267578,,8.797893524169922,23.615966796875,14.777966499328613
2010-04-27,11.993025779724121,,17.67348289489746,9.737634658813477,24.011695861816406,9.533984184265137,17.85000991821289,,8.647894859313965,23.341894149780273,14.350456237792969
2010-04-28,12.138158798217773,,17.853214263916016,9.877963066101074,24.182209014892578,9.56229019165039,17.992916107177734,,8.737316131591797,23.494152069091797,14.301125526428223
2010-04-29,12.247896194458008,,17.873849868774414,10.10371208190918,24.730791091918945,9.659324645996094,18.051374435424805,,8.745972633361816,23.81391143798828,14.617655754089355
2010-04-30,12.031963348388672,,17.652856826782227,9.859655380249023,24.14513397216797,9.457164764404297,17.947439193725586,,8.780584335327148,23.509376525878906,14.313453674316406
2010-05-03,12.024886131286621,,17.853214263916016,10.048799514770508,24.62700080871582,9.586546897888184,18.051374435424805,,8.893084526062012,23.623577117919922,14.601208686828613
2010-05-04,11.607183456420898,,17.375871658325195,9.774246215820312,23.848600387573242,9.311605453491211,17.869497299194336,,8.74020004272461,23.486539840698242,14.173694610595703
2010-05-05,11.522221565246582,,17.101844787597656,9.719330787658691,23.544660568237305,9.271173477172852,17.934452056884766,,8.67962646484375,23.56266975402832,13.972267150878906
2010-05-06,11.143460273742676,,16.5184268951416,9.310547828674316,22.76626968383789,8.992189407348633,17.486251831054688,,8.440207481384277,22.930784225463867,13.474869728088379
2010-05-07,11.019563674926758,,16.203149795532227,9.206820487976074,22.262163162231445,8.794072151184082,17.36932373046875,,8.394060134887695,22.626256942749023,13.228232383728027
2010-05-10,11.543468475341797,,16.89558982849121,9.719330787658691,23.537242889404297,9.19839859008789,17.875993728637695,,8.653663635253906,23.235307693481445,13.918829917907715
2010-05-11,11.398331642150879,,16.783613204956055,9.682721138000488,23.470531463623047,9.137746810913086,17.869497299194336,,8.670971870422363,23.18963623046875,13.914718627929688
2010-05-12,11.63550090789795,,17.01639175415039,9.792547225952148,23.989456176757812,9.376296997070312,17.992916107177734,,8.743088722229004,23.379955291748047,14.116146087646484
2010-05-13,11.462045669555664,,16.907377243041992,9.615606307983398,23.618793487548828,9.2388277053833,17.882495880126953,,8.705587387084961,23.12872314453125,13.799622535705566
2010-05-14,11.182397842407227,,16.571462631225586,9.365456581115723,23.122106552124023,9.060922622680664,17.71360206604004,,8.633475303649902,22.816577911376953,13.569416046142578
2010-05-17,11.182397842407227,,16.400558471679688,9.37155532836914,23.06279945373535,9.105399131774902,17.901975631713867,,8.642129898071289,22.816577911376953,13.672188758850098
2010-05-18,10.99124526977539,,16.27385711669922,9.103099822998047,22.77367401123047,8.96792984008789,17.798038482666016,,8.558478355407715,22.63386344909668,13.417325019836426
2010-05-19,10.99124526977539,,16.08822250366211,9.115303993225098,22.48455810546875,8.89919662475586,17.75257110595703,,8.471940994262695,22.580583572387695,13.33510684967041
2010-05-20,10.492128372192383,,15.369268417358398,8.694314956665039,21.506000518798828,8.616168975830078,17.226428985595703,,8.218099594116211,21.87255096435547,12.817158699035645
2010-05-21,10.75053882598877,,15.637401580810547,8.999377250671387,21.80994415283203,8.680855751037598,17.2913818359375,,8.255597114562988,21.925846099853516,13.043251991271973
2010-05-24,10.5664644241333,,15.280869483947754,8.74312973022461,21.483762741088867,8.640426635742188,17.167964935302734,,8.177714347839355,21.87255096435547,12.952816009521484
2010-05-25,10.743459701538086,,15.316226959228516,8.822442054748535,21.468936920166016,8.616168975830078,16.966604232788086,,8.13444709777832,21.781198501586914,13.084359169006348
2010-05-26,10.658504486083984,,15.283815383911133,8.761428833007812,21.51342010498047,8.531257629394531,16.856172561645508,,8.131562232971191,21.644163131713867,13.043251991271973
2010-05-27,11.079747200012207,,15.932056427001953,9.158014297485352,22.239913940429688,8.822371482849121,17.200450897216797,,8.287325859069824,22.085725784301758,13.511870384216309
2010-05-28,10.885048866271973,,15.631514549255371,8.956666946411133,21.94338607788086,8.749598503112793,17.11599349975586,,8.29598331451416,21.979145050048828,13.306336402893066
2010-06-01,10.534608840942383,,14.888976097106934,8.767529487609863,21.454113006591797,8.664687156677246,17.077024459838867,,8.102714538574219,21.735515594482422,13.10490894317627
2010-06-02,10.860273361206055,,15.534274101257324,9.04209041595459,22.010099411010742,8.85876750946045,17.36932373046875,,8.272910118103027,22.20753288269043,13.433768272399902
2010-06-03,10.729299545288086,,15.743480682373047,8.993278503417969,22.113893508911133,8.947712898254395,17.39531707763672,,8.359441757202148,22.336957931518555,13.478985786437988
2010-06-04,10.304518699645996,,15.189525604248047,8.633304595947266,21.07602882385254,8.66064739227295,16.934112548828125,,8.111372947692871,21.682228088378906,12.956926345825195
2010-06-07,10.120441436767578,,15.056925773620605,8.46246337890625,20.53485870361328,8.53530216217041,16.8042049407959,,8.160409927368164,21.651777267456055,12.710283279418945
2010-06-08,10.350531578063965,,15.307392120361328,8.639402389526367,20.749841690063477,8.55147647857666,17.077024459838867,,8.26713752746582,21.705068588256836,12.817158699035645
2010-06-09,10.36469554901123,,15.148271560668945,8.54788589477539,20.749841690063477,8.506999015808105,17.0445499420166,,8.22098445892334,21.606094360351562,12.833603858947754
2010-06-10,10.73637866973877,,15.908490180969238,8.82854175567627,21.55048370361328,8.713201522827148,17.33685302734375,,8.42289924621582,22.017202377319336,13.269339561462402
2010-06-11,10.856734275817871,,16.00572395324707,8.852948188781738,21.624616622924805,8.790026664733887,17.193952560424805,,8.428671836853027,22.199918746948242,13.257009506225586
2010-06-14,10.75053882598877,,15.92322063446045,8.816338539123535,21.602378845214844,8.773855209350586,17.2913818359375,,8.477705001831055,22.237987518310547,13.294002532958984
2010-06-15,11.016026496887207,,16.388778686523438,9.023780822753906,22.254745483398438,9.00432014465332,17.466768264770508,,8.642129898071289,22.618642807006836,13.610525131225586
2010-06-16,11.001867294311523,,16.37698745727539,9.029885292053223,22.1954345703125,9.028578758239746,17.349838256835938,,8.696935653686523,22.702383041381836,13.515981674194336
2010-06-17,10.941690444946289,,16.359312057495117,9.017679214477539,22.262163162231445,9.060922622680664,17.5057373046875,,8.760393142700195,22.73284149169922,13.433768272399902
2010-06-18,11.004262924194336,,16.460538864135742,9.067209243774414,22.349315643310547,9.060517311096191,17.441621780395508,,8.768268585205078,22.611173629760742,13.390467643737793
2010-06-21,11.071821212768555,,16.42502212524414,9.054977416992188,22.386566162109375,8.995599746704102,17.395830154418945,,8.707049369812012,22.572914123535156,13.283242225646973
2010-06-22,10.798051834106445,,15.9454984664917,8.914355278015137,21.842731475830078,8.918502807617188,17.206104278564453,,8.491342544555664,22.35101318359375,12.986318588256836
2010-06-23,10.819379806518555,,15.824146270751953,8.87155532836914,21.760793685913086,8.902274131774902,17.317325592041016,,8.415552139282227,22.25918960571289,12.978071212768555
2010-06-24,10.54560661315918,,15.492621421813965,8.712593078613281,21.380847930908203,8.723740577697754,17.107967376708984,,8.368910789489746,22.098495483398438,12.668776512145996
2010-06-25,10.70205307006836,,15.537030220031738,8.951042175292969,21.54474449157715,8.715622901916504,16.93132209777832,,8.406806945800781,22.197982788085938,12.705890655517578
2010-06-28,10.581162452697754,,15.326863288879395,8.86544132232666,21.3957462310791,8.731854438781738,17.07526206970215,,8.46219253540039,22.159713745117188,12.611039161682129
2010-06-29,10.190057754516602,,14.82070541381836,8.547505378723145,20.568828582763672,8.407251358032227,16.800485610961914,,8.290207862854004,21.754169464111328,12.161529541015625
2010-06-30,10.086949348449707,,14.705270767211914,8.443567276000977,20.43473243713379,8.277410507202148,16.682720184326172,,8.237739562988281,21.578170776367188,12.013063430786133
2010-07-01,10.030058860778809,,14.651978492736816,8.364084243774414,20.375133514404297,8.244948387145996,16.715436935424805,,8.199845314025879,21.39453887939453,12.112041473388672
2010-07-02,9.973175048828125,,14.616463661193848,8.266263008117676,20.121845245361328,8.23277759552002,16.650014877319336,,8.208587646484375,21.448097229003906,11.975951194763184
2010-07-06,9.98383903503418,,14.758543014526367,8.315173149108887,20.159088134765625,8.313929557800293,16.74815559387207,,8.304783821105957,21.555221557617188,11.975951194763184
2010-07-07,10.382057189941406,,15.279502868652344,8.682019233703613,20.859376907348633,8.581727981567383,17.068727493286133,,8.561301231384277,21.976072311401367,12.314115524291992
2010-07-08,10.552718162536621,,15.495582580566406,8.749273300170898,21.127559661865234,8.634471893310547,17.323871612548828,,8.628347396850586,22.159713745117188,12.421340942382812
2010-07-09,10.805158615112305,,15.575499534606934,8.87155532836914,21.336151123046875,8.679106712341309,17.323871612548828,,8.686644554138184,22.21328353881836,12.540931701660156
2010-07-12,10.662939071655273,,15.53406047821045,8.883787155151367,21.224407196044922,8.719684600830078,17.38274574279785,,8.715795516967773,22.175016403198242,12.557428359985352
2010-07-13,10.950932502746582,,15.72054672241211,9.103889465332031,21.596891403198242,8.845467567443848,17.539758682250977,,8.744943618774414,22.343360900878906,12.870851516723633
2010-07-14,10.915380477905273,,15.702788352966309,9.036636352539062,21.641597747802734,8.898218154907227,17.54629898071289,,8.747861862182617,22.343360900878906,12.788369178771973
2010-07-15,10.904712677001953,,15.685018539428711,9.018295288085938,21.6341495513916,8.926618576049805,17.598634719848633,,8.806161880493164,22.4122314453125,12.829609870910645
2010-07-16,10.606050491333008,,15.31205940246582,8.639222145080566,20.911514282226562,8.670992851257324,17.35003089904785,,8.654580116271973,21.945465087890625,12.380098342895508
2010-07-19,10.616718292236328,,15.409740447998047,8.63310432434082,21.030710220336914,8.756203651428223,17.38274574279785,,8.788670539855957,22.044940948486328,12.4996919631958
2010-07-20,10.936710357666016,,15.761980056762695,8.72481632232666,21.358505249023438,8.813008308410645,17.592098236083984,,8.867376327514648,21.983720779418945,12.677021026611328
2010-07-21,10.901159286499023,,15.504462242126465,8.584195137023926,21.306358337402344,8.707514762878418,17.402374267578125,,8.730367660522461,21.62409019470215,12.450203895568848
2010-07-22,11.135815620422363,,15.847821235656738,8.834869384765625,21.96193504333496,8.942852973937988,17.598634719848633,,8.870291709899902,21.76181411743164,12.82548713684082
2010-07-23,11.38115119934082,,15.918866157531738,8.902125358581543,22.401472091674805,9.003713607788086,17.76219940185547,,8.884864807128906,21.754169464111328,13.011062622070312
2010-07-26,11.448705673217773,,16.0579833984375,9.024409294128418,22.766511917114258,9.060517311096191,17.853784561157227,,8.948995590209961,22.067895889282227,13.204893112182617
2010-07-27,11.35626220703125,,15.981026649475098,9.048864364624023,22.61006736755371,9.084869384765625,17.91921043395996,,9.080168724060059,22.090856552124023,13.035807609558105
2010-07-28,11.320706367492676,,15.9454984664917,8.969380378723145,22.550466537475586,9.01182746887207,17.82107162475586,,9.036442756652832,21.792428970336914,12.945075988769531
2010-07-29,11.310038566589355,,15.9691801071167,8.999956130981445,22.475963592529297,8.930678367614746,17.605180740356445,,8.896524429321289,21.777124404907227,12.879096031188965
2010-07-30,11.38115119934082,,15.93662166595459,8.9938383102417,22.565370559692383,8.894158363342285,17.65097427368164,,8.852802276611328,21.861305236816406,12.965697288513184
2010-08-02,11.686921119689941,,16.493101119995117,9.220057487487793,23.012351989746094,9.08080768585205,17.853784561157227,,9.036442756652832,22.274499893188477,13.242005348205566
2010-08-03,11.473593711853027,,16.487184524536133,9.116120338439941,22.893157958984375,9.032115936279297,17.696779251098633,,8.992718696594238,22.4581356048584,13.039935111999512
2010-08-04,11.58026123046875,,16.614463806152344,9.15280818939209,23.094303131103516,9.105154037475586,17.76219940185547,,9.03061294555664,22.68004608154297,13.25849723815918
2010-08-05,11.605147361755371,,16.667743682861328,9.116120338439941,23.109195709228516,9.064577102661133,17.683691024780273,,9.016039848327637,22.68768882751465,13.299739837646484
2010-08-06,11.551811218261719,,16.46942901611328,9.036636352539062,22.9825496673584,9.040230751037598,17.722942352294922,,9.033529281616211,22.733606338500977,13.209012031555176
2010-08-09,11.622922897338867,,16.537504196166992,9.085549354553223,23.101747512817383,9.101096153259277,17.81452751159668,,9.065594673156738,22.794824600219727,13.3368558883667
2010-08-10,11.498480796813965,,16.401342391967773,9.006063461303711,22.94530487060547,9.007768630981445,17.853784561157227,,9.118063926696777,22.848386764526367,13.22138500213623
2010-08-11,11.110931396484375,,15.912942886352539,8.68813419342041,22.08857536315918,8.79272174835205,17.559385299682617,,8.934420585632324,22.25918960571289,12.874974250793457
2010-08-12,11.182040214538574,,15.818222045898438,8.626993179321289,21.93213653564453,8.670992851257324,17.539758682250977,,8.916926383972168,22.35101318359375,12.82548713684082
2010-08-13,11.128708839416504,,15.791583061218262,8.602535247802734,21.90233612060547,8.630414009094238,17.53321647644043,,8.948995590209961,22.266843795776367,12.681146621704102
2010-08-16,11.178485870361328,,15.788619995117188,8.578076362609863,21.857641220092773,8.646651268005371,17.513591766357422,,8.948995590209961,22.152063369750977,12.677021026611328
2010-08-17,11.441594123840332,,16.052061080932617,8.645336151123047,22.237573623657227,8.739972114562988,17.683691024780273,,9.036442756652832,22.4581356048584,12.883220672607422
2010-08-18,11.484262466430664,,15.898138999938965,8.682019233703613,22.31952476501465,8.788662910461426,17.696779251098633,,8.986886978149414,22.427534103393555,13.002813339233398
2010-08-19,11.221153259277344,,15.640619277954102,8.48025131225586,21.842731475830078,8.683167457580566,17.487417221069336,,8.858628273010254,22.014333724975586,12.751254081726074
2010-08-20,11.19626235961914,,15.448221206665039,8.455796241760254,21.730989456176758,8.662879943847656,17.487417221069336,,8.881949424743652,21.937820434570312,12.743005752563477
2010-08-23,11.071821212768555,,15.454139709472656,8.40077018737793,21.49259376525879,8.58578109741211,17.526670455932617,,8.940244674682617,22.037281036376953,12.62753963470459
2010-08-24,10.815826416015625,,15.214383125305176,8.260149002075195,21.05305290222168,8.468116760253906,17.441621780395508,,8.954825401306152,21.5628719329834,12.41308879852295
2010-08-25,10.847826957702637,,15.167028427124023,8.2846040725708,21.01580238342285,8.520864486694336,17.480876922607422,,8.948995590209961,21.777124404907227,12.540931701660156
2010-08-26,10.833601951599121,,15.03085708618164,8.217350006103516,20.986007690429688,8.435652732849121,17.35003089904785,,8.908185005187988,21.6393985748291,12.454331398010254
2010-08-27,11.157155990600586,,15.421582221984863,8.39465618133545,21.4106502532959,8.53709602355957,17.46124839782715,,9.077254295349121,21.861305236816406,12.656402587890625
2010-08-30,10.990045547485352,,15.196626663208008,8.217350006103516,21.082860946655273,8.423483848571777,17.310779571533203,,8.940244674682617,21.58582878112793,12.433709144592285
2010-08-31,11.036267280578613,,15.155179023742676,8.290714263916016,21.000905990600586,8.3950777053833,17.323871612548828,,8.981057167053223,21.50166893005371,12.450203895568848
2010-09-01,11.366926193237305,,15.72054672241211,8.60864543914795,21.83528709411621,8.610130310058594,17.63134765625,,9.176362037658691,21.999032974243164,12.879096031188965
2010-09-02,11.502034187316895,,15.850786209106445,8.694247245788574,22.110919952392578,8.687222480773926,17.742570877075195,,9.176362037658691,22.11380958557129,13.118285179138184
2010-09-03,11.637146949768066,,16.043184280395508,8.877676010131836,22.446168899536133,8.81706428527832,17.853784561157227,,9.21717357635498,22.32040786743164,13.312111854553223
2010-09-07,11.523367881774902,,15.803424835205078,8.67590618133545,22.237573623657227,8.744028091430664,17.781818389892578,,9.17053508758545,22.190317153930664,13.097665786743164
2010-09-08,11.612260818481445,,15.939581871032715,8.761500358581543,22.468523025512695,8.79272174835205,17.86032485961914,,9.126808166503906,22.312747955322266,13.19251537322998
2010-09-09,11.573143005371094,,15.972140312194824,8.87155532836914,22.446168899536133,8.81706428527832,17.91921043395996,,9.21717357635498,22.549959182739258,13.204893112182617
2010-09-10,11.669142723083496,,16.137907028198242,8.883787155151367,22.647308349609375,8.821122169494629,18.004253387451172,,9.164704322814941,22.77951431274414,13.316235542297363
2010-09-13,11.857587814331055,,16.268142700195312,9.073322296142578,22.870805740356445,8.979365348815918,18.023883819580078,,9.196768760681152,22.83308219909668,13.477070808410645
2010-09-14,11.836254119873047,,16.2119083404541,8.9938383102417,22.803762435913086,9.015890121459961,18.05660057067871,,9.185110092163086,22.909591674804688,13.4894380569458
2010-09-15,11.814920425415039,,16.179340362548828,9.024409294128418,22.803762435913086,9.072691917419434,18.18090057373047,,9.132637977600098,23.12384796142578,13.514187812805176
2010-09-16,11.871808052062988,,16.105342864990234,8.999956130981445,22.773958206176758,9.125438690185547,18.200532913208008,,9.100574493408203,23.03203010559082,13.514187812805176
2010-09-17,11.873987197875977,,16.024763107299805,8.952767372131348,22.98736000061035,9.174713134765625,18.152423858642578,,9.084965705871582,23.02740478515625,13.54935073852539
2010-09-20,11.950170516967773,,16.295352935791016,9.124344825744629,23.331796646118164,9.309097290039062,18.350093841552734,,9.205707550048828,23.335065841674805,13.809999465942383
2010-09-21,11.895756721496582,,16.307247161865234,9.038557052612305,23.376720428466797,9.29280948638916,18.317150115966797,,9.158589363098145,23.350440979003906,13.752076148986816
2010-09-22,11.924771308898926,,16.188310623168945,8.891489028930664,23.256916046142578,9.248014450073242,18.350093841552734,,9.223376274108887,23.388893127441406,13.661050796508789
2010-09-23,11.812309265136719,,16.08720588684082,8.71990966796875,22.9124813079834,9.235799789428711,18.231491088867188,,9.11736011505127,23.265840530395508,13.59072494506836
2010-09-24,12.10253620147705,,16.435115814208984,8.952767372131348,23.541460037231445,9.414973258972168,18.475284576416016,,9.264603614807129,23.5811767578125,13.942384719848633
2010-09-27,12.033612251281738,,16.372671127319336,8.854720115661621,23.391693115234375,9.419046401977539,18.369863510131836,,9.28227424621582,23.40428352355957,13.851365089416504
2010-09-28,12.033612251281738,,16.4886474609375,8.873104095458984,23.518983840942383,9.43126392364502,18.48845100402832,,9.288163185119629,23.5965576171875,13.958930015563965
2010-09-29,11.939288139343262,,16.664081573486328,8.805696487426758,23.511505126953125,9.410903930664062,18.435745239257812,,9.27049446105957,23.511962890625,13.859639167785645
2010-09-30,11.89212417602539,,16.67003631591797,8.793447494506836,23.421649932861328,9.37425422668457,18.369863510131836,,9.241046905517578,23.450428009033203,13.82240104675293
2010-10-01,12.048120498657227,,16.89305305480957,8.885359764099121,23.444108963012695,9.378325462341309,18.402812957763672,,9.291107177734375,23.450428009033203,13.838956832885742
2010-10-04,11.855843544006348,,16.681926727294922,8.824081420898438,23.19701385498047,9.300952911376953,18.350093841552734,,9.273436546325684,23.219696044921875,13.809999465942383
2010-10-05,12.189608573913574,,17.07443618774414,9.026299476623535,23.818498611450195,9.484199523925781,18.521398544311523,,9.376506805419922,23.650400161743164,14.09959602355957
2010-10-06,12.305700302124023,,17.226093292236328,9.020177841186523,23.960765838623047,9.439406394958496,18.60047149658203,,9.332335472106934,23.558107376098633,14.004446029663086
2010-10-07,12.182353019714355,,17.139860153198242,8.98340892791748,23.908342361450195,9.439406394958496,18.53458595275879,,9.350004196166992,23.604259490966797,14.070638656616211
2010-10-08,12.421793937683105,,17.353961944580078,9.007915496826172,24.110523223876953,9.492342948913574,18.574115753173828,,9.3794527053833,23.665781021118164,14.215437889099121
2010-10-11,12.40002727508545,,17.40154266357422,8.995661735534668,24.043127059936523,9.508634567260742,18.59388542175293,,9.38239860534668,23.68116569519043,14.219576835632324
2010-10-12,12.432674407958984,,17.374774932861328,9.099839210510254,24.028152465820312,9.565646171569824,18.639999389648438,,9.34411334991455,23.734994888305664,14.252676010131836
2010-10-13,12.632206916809082,,17.58589744567871,9.105963706970215,24.425003051757812,9.643019676208496,18.798139572143555,,9.3794527053833,23.90420913696289,14.27336311340332
2010-10-14,12.512494087219238,,17.559139251708984,8.946640014648438,24.282733917236328,9.647092819213867,18.804723739624023,,9.364727973937988,23.858055114746094,14.25681209564209
2010-10-15,12.548768997192383,,17.606721878051758,8.793447494506836,24.132984161376953,9.809982299804688,18.850849151611328,,9.394177436828613,23.95804214477539,14.360245704650879
2010-10-18,12.60318374633789,,17.654293060302734,8.989534378051758,24.118005752563477,9.875136375427246,18.9167423248291,,9.394177436828613,24.181093215942383,14.380922317504883
2010-10-19,12.280308723449707,,17.303403854370117,8.86697769165039,23.79602813720703,9.700032234191895,18.686124801635742,,9.411847114562988,23.727312088012695,14.120279312133789
2010-10-20,12.534257888793945,,17.52643394470215,8.952767372131348,24.132984161376953,9.781471252441406,18.850849151611328,,9.488412857055664,23.95035171508789,14.302319526672363
2010-10-21,12.53062629699707,,17.517507553100586,8.952767372131348,24.327661514282227,9.789618492126465,18.9167423248291,,9.447186470031738,24.011886596679688,14.385068893432617
2010-10-22,12.43993091583252,,17.633481979370117,8.946640014648438,24.3201847076416,9.81812572479248,18.982629776000977,,9.385344505310059,24.019577026367188,14.463667869567871
2010-10-25,12.708396911621094,,17.681058883666992,8.916001319885254,24.402536392211914,9.846626281738281,19.028743743896484,,9.364727973937988,24.150331497192383,14.554692268371582
2010-10-26,12.632206916809082,,17.716745376586914,8.928254127502441,24.29022789001465,9.871066093444824,18.923324584960938,,9.341171264648438,24.081104278564453,14.616748809814453
2010-10-27,12.51611614227295,,17.642398834228516,8.934383392333984,24.110523223876953,9.899567604064941,18.824499130249023,,9.302886009216309,23.934974670410156,14.525732040405273
2010-10-28,12.523368835449219,,17.603742599487305,8.934383392333984,24.058103561401367,9.899567604064941,18.8903865814209,,9.326446533203125,24.073410034179688,14.591927528381348
2010-10-29,12.624953269958496,,17.615633010864258,8.922124862670898,24.09553337097168,9.915858268737793,18.956279754638672,,9.341171264648438,23.973430633544922,14.587793350219727
2010-11-01,12.617696762084961,,17.636449813842773,8.922124862670898,24.09553337097168,9.924002647399902,18.8772029876709,,9.249878883361816,23.973430633544922,14.558828353881836
2010-11-02,12.74830150604248,,17.82973289489746,8.946640014648438,24.327661514282227,10.021736145019531,18.989215850830078,,9.358840942382812,24.204164505004883,14.724315643310547
2010-11-03,12.712020874023438,,17.86839485168457,9.032423973083496,24.365100860595703,10.07874870300293,19.048519134521484,,9.341171264648438,24.219547271728516,14.798785209655762
2010-11-04,13.12922477722168,,18.43634796142578,9.332696914672852,24.881752014160156,10.22941780090332,19.279130935668945,,9.441296577453613,24.334915161132812,15.030470848083496
2010-11-05,13.176387786865234,,18.528541564941406,9.54716682434082,25.031511306762695,10.221271514892578,19.1802921295166,,9.438350677490234,24.188770294189453,15.104944229125977
2010-11-08,13.209036827087402,,18.585025787353516,9.473634719848633,24.92668342590332,10.22941780090332,19.147354125976562,,9.385344505310059,24.127248764038086,15.080114364624023
2010-11-09,12.976850509643555,,18.549348831176758,9.295929908752441,24.702051162719727,10.200916290283203,19.048519134521484,,9.352949142456055,24.027273178100586,14.943591117858887
2010-11-10,13.042152404785156,,18.787235260009766,9.400102615356445,24.694561004638672,10.20905876159668,18.989215850830078,,9.311720848083496,24.019577026367188,15.075987815856934
2010-11-11,13.176387786865234,,18.995389938354492,9.308180809020996,24.552297592163086,10.054313659667969,19.008981704711914,,9.305830955505371,24.088804244995117,15.055292129516602
2010-11-12,12.882527351379395,,18.71586799621582,9.154983520507812,24.267757415771484,9.911783218383789,18.9167423248291,,9.229265213012695,23.788835525512695,14.898078918457031
2010-11-15,12.780948638916016,,18.62071418762207,9.197879791259766,24.342641830444336,9.883280754089355,18.923324584960938,,9.261659622192383,23.79652976989746,14.869118690490723
2010-11-16,12.505232810974121,,18.27280616760254,9.044686317443848,23.953279495239258,9.7041015625,18.712480545043945,,9.152697563171387,23.450428009033203,14.666390419006348
2010-11-17,12.501605987548828,,18.347143173217773,8.98340892791748,23.968250274658203,9.708174705505371,18.719070434570312,,9.14975357055664,23.48888397216797,14.794646263122559
2010-11-18,12.73741626739502,,18.751556396484375,9.105963706970215,24.4549560546875,9.871066093444824,18.969453811645508,,9.2027587890625,23.81960105895996,14.922904968261719
2010-11-19,12.838997840881348,,18.909156799316406,9.105963706970215,24.529827117919922,9.899567604064941,18.982629776000977,,9.1674222946167,23.84267807006836,14.99323558807373
2010-11-22,12.871644020080566,,18.84968376159668,8.971153259277344,24.477418899536133,9.95658016204834,18.982629776000977,,9.193926811218262,23.850370407104492,15.063568115234375
2010-11-23,12.624953269958496,,18.480955123901367,8.83021354675293,24.140472412109375,9.809982299804688,18.75860595703125,,9.093801498413086,23.50425910949707,14.84015941619873
2010-11-24,12.868021965026855,,18.81399917602539,8.965025901794434,24.687084197998047,9.972868919372559,18.903560638427734,,9.14975357055664,23.727312088012695,15.146319389343262
2010-11-26,12.650347709655762,,18.5880069732666,8.83633804321289,24.484901428222656,9.875136375427246,18.77837371826172,,9.087910652160645,23.5196475982666,15.022200584411621
2010-11-29,12.759182929992676,,18.712900161743164,8.909870147705078,24.477418899536133,9.850702285766602,18.745426177978516,,9.070241928100586,23.496580123901367,14.989094734191895
2010-11-30,12.76644229888916,,18.64748191833496,8.86085033416748,24.417516708374023,9.752969741821289,18.659770965576172,,9.058463096618652,23.281227111816406,14.955998420715332
2010-12-01,13.11471176147461,,19.20057487487793,9.038557052612305,25.046489715576172,9.960650444030762,18.96286392211914,,9.164478302001953,23.727312088012695,15.274568557739258
2010-12-02,13.314242362976074,,19.486038208007812,9.271414756774902,25.43585205078125,10.07874870300293,18.976037979125977,,9.190979957580566,23.911909103393555,15.473149299621582
2010-12-03,13.426715850830078,,19.572275161743164,9.30205249786377,25.48826026916504,10.103180885314941,18.982629776000977,,9.21159839630127,23.911909103393555,15.481423377990723
2010-12-06,13.448478698730469,,19.63768768310547,9.289796829223633,25.473291397094727,10.103180885314941,18.936506271362305,,9.185093879699707,23.758073806762695,15.497974395751953
2010-12-07,13.466614723205566,,19.5633487701416,9.30205249786377,25.540685653686523,10.115397453308105,19.041927337646484,,9.123251914978027,23.773462295532227,15.506250381469727
2010-12-08,13.325133323669434,,19.471166610717773,9.45525074005127,25.450820922851562,10.200916290283203,19.114404678344727,,9.09085464477539,23.79652976989746,15.46488094329834
2010-12-09,13.397688865661621,,19.515769958496094,9.57167911529541,25.525697708129883,10.20905876159668,19.167112350463867,,9.129140853881836,23.834989547729492,15.48555850982666
2010-12-10,13.513781547546387,,19.5960636138916,9.657468795776367,25.757827758789062,10.257926940917969,19.200056076049805,,9.164478302001953,24.065715789794922,15.539345741271973
2010-12-13,13.586334228515625,,19.762584686279297,9.651338577270508,25.77280044555664,10.237565040588379,19.200056076049805,,9.208649635314941,24.10417366027832,15.46488094329834
2010-12-14,13.575453758239746,,19.67040252685547,9.565550804138184,25.892595291137695,10.253853797912598,19.292306900024414,,9.232207298278809,24.350297927856445,15.460740089416504
2010-12-15,13.502893447875977,,19.5633487701416,9.485889434814453,25.787782669067383,10.213129043579102,19.312070846557617,,9.152697563171387,24.27338218688965,15.411088943481445
2010-12-16,13.629866600036621,,19.67337417602539,9.498144149780273,26.072303771972656,10.22941780090332,19.483383178710938,,9.23515796661377,24.442590713500977,15.522797584533691
2010-12-17,13.737032890319824,,19.680246353149414,9.551037788391113,25.994787216186523,10.249853134155273,19.513954162597656,,9.283133506774902,24.484338760375977,15.547769546508789
2010-12-20,13.780919075012207,,19.80867576599121,9.557185173034668,25.987260818481445,10.258024215698242,19.4940185546875,,9.29505443572998,24.476606369018555,15.639320373535156
2010-12-21,13.919896125793457,,20.0087947845459,9.723238945007324,26.1979923248291,10.319328308105469,19.447498321533203,,9.298036575317383,24.414762496948242,15.70590591430664
2010-12-22,13.91258716583252,,20.077489852905273,9.833938598632812,26.25819206237793,10.307069778442383,19.533899307250977,,9.339756965637207,24.484338760375977,15.726719856262207
2010-12-23,13.949156761169434,,20.134244918823242,9.760139465332031,26.20551872253418,10.302983283996582,19.540546417236328,,9.345718383789062,24.468873977661133,15.660137176513672
2010-12-27,13.971099853515625,,20.062562942504883,9.846236228942871,26.25067710876465,10.323418617248535,19.447498321533203,,9.351678848266602,24.4224853515625,15.614360809326172
2010-12-28,14.000354766845703,,20.13723373413086,9.846236228942871,26.235610961914062,10.3111572265625,19.500667572021484,,9.384461402893066,24.437946319580078,15.5810546875
2010-12-29,14.058876991271973,,20.33734703063965,9.827787399291992,26.25819206237793,10.33159065246582,19.50731086730957,,9.351678848266602,24.4456844329834,15.630997657775879
2010-12-30,14.058876991271973,,20.355266571044922,9.79703426361084,26.213045120239258,10.307069778442383,19.47408103942871,,9.336776733398438,24.36063575744629,15.601863861083984
2010-12-31,14.047904968261719,,20.385133743286133,9.80933666229248,26.243141174316406,10.294811248779297,19.480722427368164,,9.339756965637207,24.3529052734375,15.56857967376709
2011-01-03,14.161282539367676,,20.537473678588867,10.024588584899902,26.43129539489746,10.409241676330566,19.50731086730957,,9.384461402893066,24.57711410522461,15.751687049865723
2011-01-04,14.066192626953125,,20.361234664916992,10.012289047241211,26.393665313720703,10.450109481811523,19.45414161682129,,9.42916202545166,24.6544189453125,15.664289474487305
2011-01-05,14.099108695983887,,20.441884994506836,10.129137992858887,26.52913475036621,10.511409759521484,19.46078109741211,,9.369558334350586,24.708534240722656,15.793298721313477
2011-01-06,14.02596664428711,,20.247745513916016,10.06148910522461,26.483978271484375,10.572713851928711,19.39432144165039,,9.378500938415527,24.809038162231445,15.697587013244629
2011-01-07,14.011331558227539,,20.394094467163086,9.97538948059082,26.536651611328125,10.523672103881836,19.29462432861328,,9.411279678344727,24.7935848236084,15.689261436462402
2011-01-10,14.029620170593262,,20.313451766967773,9.950791358947754,26.574281692504883,10.531848907470703,19.30791473388672,,9.360618591308594,24.72400665283203,15.676779747009277
2011-01-11,14.143003463745117,,20.650964736938477,9.987687110900879,26.672119140625,10.515494346618652,19.29462432861328,,9.37552261352539,24.847700119018555,15.672616958618164
2011-01-12,14.28197956085205,,20.934711456298828,10.153740882873535,26.890380859375,10.60949420928955,19.45414161682129,,9.423201560974121,24.9791259765625,15.710073471069336
2011-01-13,14.15762710571289,,20.874975204467773,10.122989654541016,26.92049217224121,10.601319313049316,19.4940185546875,,9.414262771606445,24.847700119018555,15.685102462768555
2011-01-14,14.190536499023438,,21.101974487304688,10.282894134521484,27.025836944580078,10.695319175720215,19.4940185546875,,9.458964347839355,24.87862777709961,15.780818939208984
2011-01-18,14.267342567443848,,21.23339080810547,10.221392631530762,27.221532821655273,10.7075834274292,19.50731086730957,,9.482803344726562,24.97139549255371,15.826587677001953
2011-01-19,13.938182830810547,,20.97652244567871,9.993840217590332,26.9355411529541,10.629931449890137,19.467435836791992,,9.458964347839355,24.801300048828125,15.668452262878418
2011-01-20,13.740682601928711,,20.827184677124023,10.043039321899414,26.800073623657227,10.572713851928711,19.5671329498291,,9.530484199523926,24.863161087036133,15.701744079589844
2011-01-21,13.707773208618164,,20.93770408630371,10.122989654541016,27.01832389831543,10.511409759521484,19.600364685058594,,9.521544456481934,24.886350631713867,15.739192008972168
2011-01-24,13.854066848754883,,21.01535987854004,10.11069107055664,27.274213790893555,10.658536911010742,19.633596420288086,,9.575188636779785,24.85542869567871,15.801624298095703
2011-01-25,13.872354507446289,,20.955623626708984,10.092240333557129,27.244104385375977,10.7075834274292,19.70005989074707,,9.560287475585938,24.85542869567871,15.809948921203613
2011-01-26,14.164942741394043,,21.4574031829834,10.086089134216309,27.402151107788086,10.76888370513916,19.646886825561523,,9.524523735046387,24.824506759643555,15.834914207458496
2011-01-27,14.047904968261719,,21.33196258544922,10.172186851501465,27.499990463256836,10.80566692352295,19.447498321533203,,9.560287475585938,24.886350631713867,15.959763526916504
2011-01-28,13.828462600708008,,21.23937225341797,9.993840217590332,26.96564483642578,10.556365966796875,19.261388778686523,,9.43214225769043,24.437946319580078,15.439569473266602
2011-01-31,14.058876991271973,,21.848684310913086,10.086089134216309,27.274213790893555,10.621757507324219,19.194927215576172,,9.453001022338867,24.492067337036133,15.472859382629395
2011-02-01,14.435587882995605,,22.204116821289062,10.295187950134277,27.658035278320312,10.801578521728516,19.334501266479492,,9.548368453979492,24.9327392578125,15.65596866607666
2011-02-02,14.409978866577148,,22.186195373535156,10.215243339538574,27.567718505859375,10.822015762329102,19.261388778686523,,9.497702598571777,24.847700119018555,15.610193252563477
2011-02-03,14.472161293029785,,22.19814682006836,10.221392631530762,27.58277702331543,10.838363647460938,19.3610897064209,,9.536444664001465,24.87862777709961,15.793298721313477
2011-02-04,14.475813865661621,,22.141393661499023,10.215243339538574,27.68061065673828,10.90783977508545,19.47408103942871,,9.47684383392334,24.994592666625977,15.901510238647461
2011-02-07,14.552620887756348,,22.26982307434082,10.36284351348877,27.944021224975586,10.960968017578125,19.500667572021484,,9.539424896240234,24.955936431884766,15.984725952148438
2011-02-08,14.6001615524292,,22.195152282714844,10.436641693115234,28.132173538208008,11.00592041015625,19.593711853027344,,9.536444664001465,25.0255126953125,16.17616844177246
2011-02-09,14.468500137329102,,21.914384841918945,10.36284351348877,28.124649047851562,10.98548698425293,19.62694549560547,,9.536444664001465,24.97139549255371,16.28436851501465
2011-02-10,14.494102478027344,,22.138404846191406,10.36284351348877,28.275165557861328,10.936445236206055,19.553829193115234,,9.554330825805664,24.9791259765625,16.305185317993164
2011-02-11,14.574568748474121,,22.13541603088379,10.504294395446777,28.48589324951172,10.99366283416748,19.660175323486328,,9.536444664001465,25.033245086669922,16.471647262573242
2011-02-14,14.731827735900879,,22.62227439880371,10.510442733764648,28.455785751342773,11.010007858276367,19.573774337768555,,9.467901229858398,25.1182804107666,16.405057907104492
2011-02-15,14.56359577178955,,22.386316299438477,10.498146057128906,28.350427627563477,10.969141960144043,19.5671329498291,,9.497702598571777,25.064167022705078,16.425865173339844
2011-02-16,14.753778457641602,,22.685001373291016,10.55349349975586,28.48589324951172,11.03044319152832,19.620304107666016,,9.47684383392334,25.19560432434082,16.55904197692871
2011-02-17,14.88544750213623,,22.909008026123047,10.541193008422852,28.55362319946289,11.05087947845459,19.75322723388672,,9.494722366333008,25.303834915161133,16.563199996948242
2011-02-18,14.720857620239258,,23.00458335876465,10.56579303741455,28.628890991210938,11.034533500671387,19.8064022064209,,9.509624481201172,25.36568260192871,16.650596618652344
2011-02-22,14.249062538146973,,22.78057098388672,10.23984432220459,27.80103302001953,10.764799118041992,19.666824340820312,,9.467901229858398,24.9791259765625,16.251081466674805
2011-02-23,14.143003463745117,,23.243532180786133,10.196793556213379,27.311843872070312,10.638106346130371,19.620304107666016,,9.44704532623291,24.73946762084961,16.01386833190918
2011-02-24,14.069849014282227,,22.914987564086914,10.172186851501465,27.469884872436523,10.674885749816895,19.540546417236328,,9.411279678344727,24.824506759643555,16.109586715698242
2011-02-25,14.278314590454102,,23.279375076293945,10.313643455505371,27.718244552612305,10.80975341796875,19.640235900878906,,9.464923858642578,24.9791259765625,16.276046752929688
2011-02-28,14.431926727294922,,23.458585739135742,10.36284351348877,27.853717803955078,10.854708671569824,19.75322723388672,,9.569226264953613,25.2574405670166,16.400888442993164
2011-03-01,14.077164649963379,,23.019527435302734,10.141439437866211,27.25916290283203,10.646275520324707,19.600364685058594,,9.473864555358887,25.056440353393555,16.08877182006836
2011-03-02,14.128368377685547,,23.150943756103516,10.079939842224121,27.39461898803711,10.711668014526367,19.547189712524414,,9.488761901855469,25.13374900817871,16.15119743347168
2011-03-03,14.4136381149292,,23.548192977905273,10.289044380187988,28.05691909790039,10.883316993713379,19.74657440185547,,9.596048355102539,25.651729583740234,16.438356399536133
2011-03-04,14.28197956085205,,23.398849487304688,10.159893035888672,27.72576332092285,10.797493934631348,19.660175323486328,,9.539424896240234,25.613080978393555,16.31766128540039
2011-03-07,14.036930084228516,,23.234577178955078,10.092240333557129,27.469884872436523,10.658536911010742,19.60700798034668,,9.575188636779785,25.4197940826416,16.155363082885742
2011-03-08,14.197854995727539,,23.043413162231445,10.313643455505371,27.898866653442383,10.748451232910156,19.779817581176758,,9.682475090026855,25.558958053588867,16.28436851501465
2011-03-09,13.967445373535156,,22.885108947753906,10.313643455505371,27.838661193847656,10.703495025634766,19.879512786865234,,9.780818939208984,25.59761619567871,16.32182502746582
2011-03-10,13.663883209228516,,22.05179214477539,10.104543685913086,27.274213790893555,10.503241539001465,19.74657440185547,,9.67055606842041,25.19560432434082,16.13456153869629
2011-03-11,13.865035057067871,,22.434104919433594,10.172186851501465,27.59781837463379,10.544108390808105,19.75987434387207,,9.691412925720215,25.280637741088867,16.234437942504883
2011-03-14,13.81383228302002,,22.556564331054688,10.079939842224121,27.364517211914062,10.495061874389648,19.620304107666016,,9.563270568847656,25.15694236755371,16.034671783447266
2011-03-15,13.81383228302002,,22.386316299438477,9.96308708190918,27.10862922668457,10.339759826660156,19.447498321533203,,9.381481170654297,24.863161087036133,15.901510238647461
2011-03-16,13.535880088806152,,22.027896881103516,9.778587341308594,26.604393005371094,10.086377143859863,19.168336868286133,,9.235451698303223,24.430219650268555,15.630997657775879
2011-03-17,13.777259826660156,,22.699920654296875,9.895440101623535,27.01832389831543,10.19263744354248,19.261388778686523,,9.247374534606934,24.716270446777344,15.701744079589844
2011-03-18,13.84477710723877,,22.593542098999023,10.032327651977539,27.189922332763672,10.21068000793457,19.41779899597168,,9.293418884277344,24.82888412475586,15.691727638244629
2011-03-21,14.083293914794922,,23.279823303222656,10.081657409667969,27.787078857421875,10.382911682128906,19.658437728881836,,9.401762962341309,25.038564682006836,15.933904647827148
2011-03-22,14.050267219543457,,23.228883743286133,10.026162147521973,27.567869186401367,10.366506576538086,19.63170051574707,,9.416808128356934,25.02304458618164,15.80864429473877
2011-03-23,14.255749702453613,,23.28882598876953,10.001495361328125,27.658571243286133,10.423918724060059,19.66512680053711,,9.410791397094727,25.007503509521484,15.946439743041992
2011-03-24,14.318137168884277,,23.37273406982422,10.050825119018555,27.945825576782227,10.587944030761719,19.845598220825195,,9.44991397857666,25.30262565612793,16.18026351928711
2011-03-25,14.395194053649902,,23.582517623901367,10.075489044189453,28.04408836364746,10.612545013427734,19.845598220825195,,9.446904182434082,25.372520446777344,16.209491729736328
2011-03-28,14.329148292541504,,23.52557373046875,10.044658660888672,28.021411895751953,10.587944030761719,19.838911056518555,,9.413800239562988,25.364748001098633,16.04247283935547
2011-03-29,14.479592323303223,,23.813282012939453,10.063159942626953,28.248184204101562,10.66175651550293,19.932491302490234,,9.507094383239746,25.51230812072754,16.18861198425293
2011-03-30,14.630035400390625,,23.978105545043945,10.143314361572266,28.361570358276367,10.706862449645996,20.039445877075195,,9.615437507629395,25.698705673217773,16.36399269104004
2011-03-31,14.685075759887695,,23.900192260742188,10.106319427490234,28.474952697753906,10.686358451843262,19.99933624267578,,9.591363906860352,25.71424102783203,16.3055362701416
2011-04-01,14.740118026733398,,23.972108840942383,10.192649841308594,28.709285736083984,10.665853500366211,20.099599838256836,,9.666601181030273,25.84627342224121,16.40992546081543
2011-04-04,14.835527420043945,,23.987091064453125,10.180315017700195,28.74708366394043,10.628947257995605,20.139699935913086,,9.660578727722168,26.001598358154297,16.44750213623047
2011-04-05,15.011664390563965,,24.059022903442383,10.174153327941895,28.641254425048828,10.612545013427734,20.15976333618164,,9.621459007263184,25.885093688964844,16.501779556274414
2011-04-06,14.886896133422852,,23.807279586791992,10.291306495666504,28.671491622924805,10.690458297729492,20.25333023071289,,9.69067668914795,25.939462661743164,16.472553253173828
2011-04-07,14.857547760009766,,23.807279586791992,10.241974830627441,28.535415649414062,10.694559097290039,20.280073165893555,,9.65155029296875,25.892866134643555,16.405752182006836
2011-04-08,14.751131057739258,,23.891193389892578,10.149481773376465,28.285974502563477,10.633049964904785,20.219919204711914,,9.624467849731445,25.87733268737793,16.309707641601562
2011-04-11,14.586002349853516,,23.42068862915039,10.149481773376465,28.2632999420166,10.616646766662598,20.326868057250977,,9.498064041137695,26.024892807006836,16.313884735107422
2011-04-12,14.38785457611084,,22.695444107055664,10.112483024597168,28.05164337158203,10.53053092956543,20.39370346069336,,9.473992347717285,25.99383544921875,16.293001174926758
2011-04-13,14.30345344543457,,22.788330078125,10.038490295410156,27.968502044677734,10.596142768859863,20.407081604003906,,9.498064041137695,25.97052574157715,16.3472900390625
2011-04-14,14.347494125366211,,22.944171905517578,9.946001052856445,27.968502044677734,10.575639724731445,20.527400970458984,,9.55525016784668,26.110322952270508,16.309707641601562
2011-04-15,14.442895889282227,,23.13298797607422,9.952165603637695,28.066768646240234,10.555136680603027,20.614288330078125,,9.660578727722168,26.343311309814453,16.3890438079834
2011-04-18,14.241080284118652,,22.788330078125,9.816512107849121,27.66613006591797,10.460820198059082,20.500659942626953,,9.576311111450195,26.048187255859375,16.242897033691406
2011-04-19,14.494268417358398,,23.019102096557617,9.847343444824219,27.90802764892578,10.489524841308594,20.54075813293457,,9.579322814941406,26.265653610229492,16.280479431152344
2011-04-20,14.685075759887695,,23.561534881591797,9.872005462646484,28.361570358276367,10.71096134185791,20.647706985473633,,9.702716827392578,26.52192497253418,16.572771072387695
2011-04-21,14.842862129211426,,23.66942024230957,9.92750358581543,28.444711685180664,10.805278778076172,20.654390335083008,,9.702716827392578,26.599599838256836,16.664630889892578
2011-04-25,14.72911262512207,,23.546545028686523,9.915172576904297,28.361570358276367,10.813481330871582,20.600923538208008,,9.714755058288574,26.630664825439453,16.647924423217773
2011-04-26,14.894235610961914,,23.780311584472656,9.97683334350586,28.90581512451172,10.903691291809082,20.741287231445312,,9.793000221252441,26.94132423400879,16.677154541015625
2011-04-27,14.941933631896973,,23.768320083618164,10.038490295410156,29.034330368041992,10.969305992126465,20.874980926513672,,9.87125015258789,27.24420166015625,16.877592086791992
2011-04-28,14.938267707824707,,23.765321731567383,10.118654251098633,29.132593154907227,10.973407745361328,21.0086612701416,,9.958526611328125,27.383991241455078,16.94439697265625
2011-04-29,14.996978759765625,,24.11896324157715,10.100153923034668,29.253543853759766,10.965202331542969,21.068815231323242,,9.97959041595459,27.36846351623535,16.931861877441406
2011-05-02,14.89056396484375,,23.798290252685547,10.056987762451172,29.208173751831055,10.924193382263184,21.09555435180664,,9.982599258422852,27.64804458618164,16.99032211303711
2011-05-03,14.754796981811523,,23.201915740966797,10.100153923034668,29.08723258972168,10.92829704284668,21.149032592773438,,10.045802116394043,27.578155517578125,16.894285202026367
2011-05-04,14.494268417358398,,22.79133415222168,10.013824462890625,28.663928985595703,10.895495414733887,21.122297286987305,,10.033763885498047,27.554847717285156,16.85670280456543
2011-05-05,14.321805953979492,,22.317825317382812,9.884334564208984,28.527881622314453,10.838079452514648,20.961872100830078,,9.96153450012207,27.3762264251709,16.81077003479004
2011-05-06,14.43923568725586,,22.416719436645508,9.93366813659668,28.77732276916504,10.858588218688965,21.015344619750977,,10.018712997436523,27.570388793945312,16.823307037353516
2011-05-09,14.648384094238281,,22.809316635131836,9.909002304077148,28.898263931274414,10.903691291809082,21.088871002197266,,10.039778709411621,27.725711822509766,16.84417724609375
2011-05-10,14.773146629333496,,22.917205810546875,10.001495361328125,29.1628360748291,11.002113342285156,21.215871810913086,,10.18423843383789,27.89657211303711,17.061309814453125
2011-05-11,14.380514144897461,,22.25489616394043,9.865840911865234,28.769756317138672,10.903691291809082,21.17576789855957,,10.151134490966797,27.849977493286133,16.89845848083496
2011-05-12,14.365838050842285,,22.221921920776367,9.865840911865234,28.830236434936523,10.985709190368652,21.48992919921875,,10.253462791442871,28.10626220703125,17.065488815307617
2011-05-13,14.182360649108887,,22.114038467407227,9.724020004272461,28.482513427734375,10.850386619567871,21.463186264038086,,10.205304145812988,28.020832061767578,16.93604278564453
2011-05-16,14.131000518798828,,21.946218490600586,9.711684226989746,28.376678466796875,10.694559097290039,21.46987533569336,,10.217341423034668,28.067420959472656,16.7105655670166
2011-05-17,13.965868949890137,,21.946218490600586,9.785679817199707,27.991180419921875,10.694559097290039,21.516664505004883,,10.292581558227539,28.067420959472656,16.727264404296875
2011-05-18,14.277767181396484,,22.38974380493164,9.828841209411621,28.36911964416504,10.772472381591797,21.550092697143555,,10.259474754333496,28.284875869750977,16.92351531982422
2011-05-19,14.274099349975586,,22.392745971679688,9.828841209411621,28.55054473876953,10.792977333068848,21.67040252685547,,10.283555030822754,28.22275733947754,16.977792739868164
2011-05-20,14.131000518798828,,22.36577033996582,9.693188667297363,28.248184204101562,10.731465339660645,21.603557586669922,,10.271515846252441,27.989768981933594,16.814952850341797
2011-05-23,13.984212875366211,,22.01813316345215,9.557534217834473,27.847551345825195,10.579742431640625,21.456504821777344,,10.151134490966797,27.70241928100586,16.65627670288086
2011-05-24,14.05393123626709,,22.329818725585938,9.545199394226074,27.703933715820312,10.546935081481934,21.436452865600586,,10.142107009887695,27.624752044677734,16.572771072387695
2011-05-25,14.252091407775879,,22.70741844177246,9.551365852355957,27.93825912475586,10.579742431640625,21.296077728271484,,10.121037483215332,27.663585662841797,16.57694435119629
2011-05-26,14.285113334655762,,22.821306228637695,9.600698471069336,28.05164337158203,10.649450302124023,21.329509735107422,,10.11802864074707,27.70241928100586,16.727264404296875
2011-05-27,14.43923568725586,,22.878244400024414,9.668524742126465,28.187698364257812,10.7027587890625,21.416406631469727,,10.11802864074707,27.717947006225586,16.769014358520508
2011-05-31,14.586002349853516,,23.109010696411133,9.767181396484375,28.444711685180664,10.850386619567871,21.59687042236328,,10.193265914916992,28.04412841796875,16.885929107666016
2011-06-01,14.131000518798828,,22.557571411132812,9.440373420715332,27.51495361328125,10.624847412109375,21.376298904418945,,10.087932586669922,27.655811309814453,16.501779556274414
2011-06-02,14.153009414672852,,22.548583984375,9.446540832519531,27.658571243286133,10.633049964904785,21.12897300720215,,10.057838439941406,27.593679428100586,16.46420669555664
2011-06-03,13.973215103149414,,22.55458641052246,9.384881019592285,27.288190841674805,10.473121643066406,20.928451538085938,,9.988618850708008,27.329627990722656,16.25124740600586
2011-06-06,13.833769798278809,,22.04511070251465,9.206063270568848,27.091644287109375,10.395211219787598,20.821500778198242,,9.943476676940918,27.166536331176758,16.08005714416504
2011-06-07,13.885140419006348,,22.04511070251465,9.187564849853516,27.076522827148438,10.362406730651855,20.774709701538086,,9.95551586151123,27.220903396606445,16.09674835205078
2011-06-08,13.742032051086426,,22.11104393005371,9.101238250732422,26.84219741821289,10.292693138122559,20.788074493408203,,9.97959041595459,27.25197410583496,15.971489906311035
2011-06-09,13.969538688659668,,22.41073226928711,9.206063270568848,27.046295166015625,10.300897598266602,20.901714324951172,,9.988618850708008,27.53931999206543,16.105104446411133
2011-06-10,13.793405532836914,,21.976181030273438,9.144400596618652,26.615427017211914,10.157371520996094,20.66107940673828,,9.92241096496582,27.034502029418945,15.80864429473877
2011-06-13,13.712678909301758,,21.628541946411133,9.236893653869629,26.622983932495117,10.165572166442871,20.754655838012695,,9.967555046081543,27.166536331176758,15.787776947021484
2011-06-14,13.976879119873047,,22.090063095092773,9.286222457885742,27.12944793701172,10.292693138122559,20.975238800048828,,10.00667667388916,27.3995304107666,16.06751823425293
2011-06-15,13.653962135314941,,21.58359146118164,9.082740783691406,26.721256256103516,10.099959373474121,20.66107940673828,,9.883286476135254,27.02674102783203,15.82116413116455
2011-06-16,13.521867752075195,,21.616548538208008,9.13206672668457,26.811965942382812,10.075357437133789,20.828184127807617,,9.96153450012207,27.073335647583008,15.783580780029297
2011-06-17,13.520025253295898,,21.560914993286133,9.214369773864746,26.929706573486328,10.066302299499512,20.960790634155273,,10.029637336730957,27.135784149169922,15.902181625366211
2011-06-20,13.634410858154297,,21.62106704711914,9.208185195922852,27.165199279785156,10.103354454040527,21.115598678588867,,10.087398529052734,27.4089298248291,16.032075881958008
2011-06-21,13.98495864868164,,22.051206588745117,9.338138580322266,27.590612411499023,10.284510612487793,21.09541130065918,,10.09347915649414,27.580631256103516,16.358917236328125
2011-06-22,13.925921440124512,,21.988033294677734,9.282444953918457,27.43868064880371,10.210400581359863,20.960790634155273,,10.026591300964355,27.416736602783203,16.233205795288086
2011-06-23,13.914851188659668,,21.747404098510742,9.189618110656738,27.377912521362305,10.280389785766602,20.772319793701172,,9.941471099853516,27.385520935058594,16.29187774658203
2011-06-24,13.826290130615234,,21.335311889648438,9.13392448425293,27.066448211669922,10.103354454040527,20.604034423828125,,9.971871376037598,27.065534591674805,16.132640838623047
2011-06-27,13.85581111907959,,21.449615478515625,9.2267484664917,27.279138565063477,10.23922061920166,20.69827651977539,,10.04483699798584,27.20600700378418,16.3295841217041
2011-06-28,14.125179290771484,,22.075267791748047,9.270065307617188,27.704557418823242,10.366847038269043,20.738664627075195,,10.090435981750488,27.588430404663086,16.63966941833496
2011-06-29,14.350263595581055,,22.333946228027344,9.461901664733887,27.848888397216797,10.449190139770508,20.85982322692871,,10.157320976257324,27.6430606842041,16.7150936126709
2011-06-30,14.527382850646973,,22.664819717407227,9.49903392791748,28.289487838745117,10.58093547821045,21.02137565612793,,10.178606033325195,27.72890853881836,16.849172592163086
2011-07-01,14.660224914550781,,22.878389358520508,9.672307968139648,28.798450469970703,10.753854751586914,21.182912826538086,,10.300213813781738,28.064495086669922,17.188602447509766
2011-07-05,14.678666114807129,,23.019756317138672,9.58566951751709,28.638933181762695,10.770326614379883,21.17618751525879,,10.239407539367676,27.986454010009766,17.26402473449707
2011-07-06,14.73770809173584,,22.9776554107666,9.536165237426758,28.790870666503906,10.819732666015625,21.290613174438477,,10.260690689086914,28.064495086669922,17.2011661529541
2011-07-07,14.959111213684082,,23.323558807373047,9.690872192382812,29.094730377197266,10.951475143432617,21.438703536987305,,10.303250312805176,28.04888343811035,17.440006256103516
2011-07-08,14.844719886779785,,23.128053665161133,9.567110061645508,28.730087280273438,10.897951126098633,21.36465835571289,,10.263727188110352,27.92401695251465,17.33525276184082
2011-07-11,14.545830726623535,,22.580595016479492,9.30720043182373,28.198320388793945,10.71680736541748,21.209842681884766,,10.154284477233887,27.541610717773438,17.000032424926758
2011-07-12,14.48679256439209,,22.49637222290039,9.270065307617188,27.924842834472656,10.622108459472656,21.142526626586914,,10.199885368347168,27.541610717773438,16.916227340698242
2011-07-13,14.612249374389648,,22.664819717407227,9.276254653930664,28.03880500793457,10.646810531616211,21.142526626586914,,10.17252254486084,27.65086555480957,17.004226684570312
2011-07-14,14.472036361694336,,22.514421463012695,9.208185195922852,27.734939575195312,10.556234359741211,21.04829216003418,,10.126922607421875,27.60403060913086,16.874326705932617
2011-07-15,14.601181030273438,,23.119020462036133,9.189618110656738,27.75773048400879,10.671513557434082,21.108875274658203,,10.142122268676758,27.46356201171875,16.882709503173828
2011-07-18,14.427755355834961,,23.040817260742188,9.065851211547852,27.446271896362305,10.63446044921875,20.97425651550293,,10.04483699798584,27.260650634765625,16.719282150268555
2011-07-19,14.645461082458496,,23.461925506591797,9.177242279052734,27.803302764892578,10.889717102050781,21.263690948486328,,10.133004188537598,27.502588272094727,17.04193878173828
2011-07-20,14.634392738342285,,23.40176773071289,9.282444953918457,27.856475830078125,10.856780052185059,21.23003387451172,,10.193807601928711,27.4089298248291,16.953935623168945
2011-07-21,14.81151008605957,,23.861984252929688,9.505223274230957,28.274295806884766,10.906188011169434,21.405046463012695,,10.345813751220703,27.822566986083984,17.150888442993164
2011-07-22,14.741403579711914,,23.982297897338867,9.480467796325684,27.978031158447266,11.000882148742676,21.36465835571289,,10.28196907043457,27.775737762451172,17.217926025390625
2011-07-25,14.704508781433105,,23.886049270629883,9.412397384643555,27.962827682495117,10.972060203552246,21.16945457458496,,10.318452835083008,27.486974716186523,17.10479164123535
2011-07-26,14.545830726623535,,23.771732330322266,9.40002155303955,27.446271896362305,11.021466255187988,21.115598678588867,,10.28196907043457,27.268449783325195,17.075456619262695
2011-07-27,14.213732719421387,,23.323558807373047,9.177242279052734,26.701818466186523,10.72914981842041,20.886751174926758,,10.251568794250488,26.792390823364258,16.777944564819336
2011-07-28,14.184209823608398,,23.2273006439209,9.183428764343262,26.473915100097656,10.712679862976074,20.886751174926758,,10.187725067138672,26.768980026245117,16.694143295288086
2011-07-29,14.02554702758789,,22.995697021484375,9.158679008483887,26.344772338867188,10.626228332519531,20.75212287902832,,10.084356307983398,26.628490447998047,16.61452293395996
2011-08-01,13.977580070495605,,22.962602615356445,9.127737045288086,26.177650451660156,10.61799144744873,20.67807960510254,,10.114760398864746,26.17583656311035,16.526527404785156
2011-08-02,13.545854568481445,,22.321916580200195,8.880202293395996,25.266071319580078,10.395672798156738,20.408832550048828,,9.941471099853516,25.613924026489258,15.902181625366211
2011-08-03,13.615964889526367,,22.195585250854492,8.923526763916016,25.49395751953125,10.502714157104492,20.48960304260254,,9.941471099853516,25.660749435424805,16.019502639770508
2011-08-04,12.69347095489502,,20.673568725585938,8.471776962280273,24.1265811920166,10.078653335571289,19.85015106201172,,9.616168022155762,24.638381958007812,15.240107536315918
2011-08-05,12.663957595825195,,20.475038528442383,8.310881614685059,24.1265811920166,10.016892433166504,20.132858276367188,,9.695212364196777,24.8256893157959,15.227531433105469
2011-08-08,11.73776912689209,,18.733444213867188,7.524967670440674,22.424972534179688,9.452853202819824,19.372230529785156,,9.181417465209961,23.553577423095703,14.272154808044434
2011-08-09,12.461003303527832,,19.686962127685547,8.106669425964355,23.534055709838867,9.885148048400879,19.843414306640625,,9.482400894165039,24.41205406188965,14.934208869934082
2011-08-10,12.032966613769531,,19.00716781616211,7.5435333251953125,22.333803176879883,9.498139381408691,19.082799911499023,,9.303027153015137,23.381881713867188,14.297286033630371
2011-08-11,12.62705135345459,,19.993772506713867,7.964337348937988,23.397327423095703,9.860447883605957,19.648216247558594,,9.695212364196777,24.451078414916992,14.930024147033691
2011-08-12,12.708229064941406,,20.141151428222656,7.908642768859863,23.853116989135742,9.930439949035645,19.883808135986328,,9.637450218200684,24.693010330200195,15.114397048950195
2011-08-15,12.911181449890137,,20.82095718383789,8.16236400604248,24.210147857666016,10.10746955871582,20.166507720947266,,9.965789794921875,25.106647491455078,15.336482048034668
2011-08-16,12.704540252685547,,20.475038528442383,8.001466751098633,23.868309020996094,10.033365249633789,20.213632583618164,,9.953632354736328,25.08323097229004,15.252676010131836
2011-08-17,12.741442680358887,,20.556249618530273,8.050970077514648,23.792335510253906,9.988077163696289,20.34825897216797,,10.026591300964355,25.106647491455078,15.231730461120605
2011-08-18,11.999759674072266,,19.365114212036133,7.66111421585083,22.478134155273438,9.502257347106934,19.984773635864258,,9.908024787902832,24.279380798339844,14.477469444274902
2011-08-19,11.807883262634277,,19.02220916748047,7.506403923034668,22.128700256347656,9.271699905395508,19.890531539916992,,9.847221374511719,24.216943740844727,14.267959594726562
2011-08-22,11.807883262634277,,18.868804931640625,7.413578033447266,22.21225929260254,9.321106910705566,19.95111083984375,,9.82289981842041,24.201337814331055,14.309863090515137
2011-08-23,12.224845886230469,,19.720048904418945,7.654921054840088,22.994701385498047,9.662823677062988,20.361726760864258,,9.999232292175293,24.989582061767578,14.862980842590332
2011-08-24,12.398271560668945,,19.837358474731445,7.859135627746582,23.458091735839844,9.749282836914062,20.449220657348633,,10.215088844299316,25.278337478637695,15.126972198486328
2011-08-25,12.26174545288086,,19.419254302978516,7.834381580352783,23.017499923706055,9.609301567077637,20.139589309692383,,10.047873497009277,24.849092483520508,14.82526683807373
2011-08-26,12.520044326782227,,19.79524803161621,7.902449131011963,23.496076583862305,9.798685073852539,20.307865142822266,,10.032674789428711,25.161272048950195,15.13534927368164
2011-08-29,12.900102615356445,,20.37276840209961,8.230432510375977,24.240530014038086,10.045714378356934,20.67135238647461,,10.2302885055542,25.801233291625977,15.57532787322998
2011-08-30,13.00711727142334,,20.493093490600586,8.174738883972168,24.445642471313477,10.086886405944824,20.725202560424805,,10.236367225646973,25.887073516845703,15.646563529968262
2011-08-31,13.040328025817871,,20.646495819091797,8.279942512512207,24.612773895263672,10.062182426452637,20.792505264282227,,10.303250312805176,26.066585540771484,15.742939949035645
2011-09-01,12.863211631774902,,20.490081787109375,8.094289779663086,24.210147857666016,9.95102310180664,20.718467712402344,,10.236367225646973,25.894886016845703,15.550186157226562
2011-09-02,12.534804344177246,,19.9185791015625,7.7601213455200195,23.435304641723633,9.724584579467773,20.42230224609375,,10.120838165283203,25.325164794921875,15.110212326049805
2011-09-06,12.468381881713867,,19.702001571655273,7.623983383178711,23.192218780517578,9.679292678833008,20.341527938842773,,10.072198867797852,25.38759994506836,15.064112663269043
2011-09-07,12.826308250427246,,20.423913955688477,7.9890923500061035,23.913890838623047,9.930439949035645,20.70501136779785,,10.184682846069336,25.996335983276367,15.453816413879395
2011-09-08,12.656572341918945,,20.186283111572266,7.815815448760986,23.556856155395508,9.881030082702637,20.65115737915039,,10.178606033325195,25.71538543701172,15.244300842285156
2011-09-09,12.239607810974121,,19.518516540527344,7.568286418914795,22.926340103149414,9.671059608459473,20.193435668945312,,9.971871376037598,24.95055389404297,14.84202766418457
2011-09-12,12.15842342376709,,19.611764907836914,7.654921054840088,22.97191619873047,9.786338806152344,20.213632583618164,,10.053954124450684,25.036407470703125,15.018017768859863
2011-09-13,12.357684135437012,,19.66590690612793,7.7044267654418945,23.397327423095703,9.901615142822266,20.287681579589844,,10.120838165283203,25.293949127197266,15.194014549255371
2011-09-14,12.549562454223633,,19.9095516204834,7.797255039215088,23.807525634765625,10.049832344055176,20.52999496459961,,10.190765380859375,25.535877227783203,15.44543170928955
2011-09-15,12.763580322265625,,20.303590774536133,7.995276927947998,24.293710708618164,10.210400581359863,20.772319793701172,,10.318452835083008,25.770017623901367,15.705230712890625
2011-09-16,12.805500984191895,,20.259502410888672,8.020129203796387,24.42205238342285,10.323634147644043,20.9072322845459,,10.436079978942871,25.908897399902344,15.88098430633545
2011-09-19,12.616312980651855,,19.939409255981445,7.802698612213135,24.1928768157959,10.29883861541748,20.730966567993164,,10.377725601196289,25.66565704345703,15.851555824279785
2011-09-20,12.467927932739258,,19.81559944152832,7.7778520584106445,24.017181396484375,10.274040222167969,20.771638870239258,,10.528220176696777,25.901044845581055,15.767462730407715
2011-09-21,11.904068946838379,,18.9912052154541,7.392678260803223,23.02410125732422,10.121131896972656,20.344547271728516,,10.334733009338379,25.202716827392578,15.258698463439941
2011-09-22,11.236343383789062,,17.919193267822266,7.181464195251465,22.160886764526367,9.807043075561523,19.9581298828125,,10.159668922424316,24.692697525024414,14.800386428833008
2011-09-23,11.217796325683594,,17.725936889648438,7.256010055541992,22.39006233215332,9.918624877929688,19.998807907104492,,10.26102066040039,24.700551986694336,15.023237228393555
2011-09-26,11.57762336730957,,18.372159957885742,7.579049587249756,22.955352783203125,10.042609214782715,20.385221481323242,,10.343944549560547,25.10856056213379,15.376429557800293
2011-09-27,11.818747520446777,,18.640913009643555,7.616327285766602,23.3602237701416,10.170723915100098,20.507251739501953,,10.38079833984375,25.49303436279297,15.481541633605957
2011-09-28,11.295696258544922,,18.030921936035156,7.398893356323242,22.764375686645508,10.026078224182129,20.120826721191406,,10.27637767791748,25.053630828857422,15.21665096282959
2011-09-29,11.306821823120117,,18.20305061340332,7.6039018630981445,23.092853546142578,10.005411148071289,20.317432403564453,,10.442222595214844,25.218412399291992,15.0905122756958
2011-09-30,10.891353607177734,,17.668556213378906,7.33676815032959,22.321311950683594,9.753314018249512,20.107271194458008,,10.325518608093262,24.896709442138672,14.657429695129395
2011-10-03,10.583457946777344,,17.067628860473633,7.007516384124756,21.694902420043945,9.53427791595459,19.815763473510742,,10.07982063293457,24.10422134399414,14.228554725646973
2011-10-04,10.995217323303223,,17.626277923583984,7.28707218170166,22.29839324951172,9.728520393371582,20.005584716796875,,10.030679702758789,24.36314582824707,14.678457260131836
2011-10-05,11.432951927185059,,18.275524139404297,7.392678260803223,22.77201271057129,9.931021690368652,20.032697677612305,,10.036824226379395,24.75547218322754,14.947549819946289
2011-10-06,11.722296714782715,,18.61977767944336,7.622534275054932,23.230356216430664,10.07979965209961,20.26997184753418,,10.214951515197754,25.053630828857422,15.29653549194336
2011-10-07,11.544240951538086,,18.390281677246094,7.349195957183838,23.176883697509766,10.042609214782715,20.385221481323242,,10.257951736450195,25.030094146728516,15.28392505645752
2011-10-10,12.030195236206055,,19.223726272583008,7.728144645690918,23.98662567138672,10.352564811706543,20.703838348388672,,10.45758056640625,25.602886199951172,15.801092147827148
2011-10-11,12.045034408569336,,19.262989044189453,7.721935749053955,24.05537223815918,10.398028373718262,20.663166046142578,,10.362373352050781,25.56365394592285,15.868374824523926
2011-10-12,12.163742065429688,,19.365657806396484,7.920731544494629,24.36093521118164,10.443483352661133,20.825876235961914,,10.337803840637207,25.579347610473633,16.011329650878906
2011-10-13,12.100678443908691,,19.338481903076172,7.7343597412109375,24.154682159423828,10.559202194213867,20.76485824584961,,10.337803840637207,25.555803298950195,15.998713493347168
2011-10-14,12.419699668884277,,20.11153221130371,7.827547550201416,24.590105056762695,10.745174407958984,20.927562713623047,,10.436079978942871,25.799047470092773,16.2593994140625
2011-10-17,11.996811866760254,,19.746143341064453,7.585265636444092,23.88731575012207,10.575736045837402,20.785194396972656,,10.393085479736328,25.3518009185791,15.927236557006836
2011-10-18,12.304707527160645,,20.380294799804688,7.945577621459961,24.574831008911133,10.670784950256348,20.941116333007812,,10.466794967651367,25.540115356445312,16.250995635986328
2011-10-19,11.948583602905273,,20.168914794921875,7.833759307861328,24.27691078186035,10.464146614074707,20.880109786987305,,10.476014137268066,25.49303436279297,16.007123947143555
2011-10-20,12.059874534606934,,20.32594108581543,7.951793670654297,24.483154296875,10.418691635131836,20.9953556060791,,10.534361839294434,25.469501495361328,16.087011337280273
2011-10-21,12.378893852233887,,20.700389862060547,8.15679931640625,24.95677947998047,10.550934791564941,21.334314346313477,,10.712494850158691,25.97951889038086,16.532705307006836
2011-10-24,12.675667762756348,,20.9721622467041,8.336959838867188,25.422765731811523,10.716249465942383,21.185169219970703,,10.666423797607422,26.371841430664062,16.77657699584961
2011-10-25,12.35292911529541,,20.534305572509766,8.088464736938477,24.90330696105957,10.546805381774902,20.934341430664062,,10.546648025512695,25.838279724121094,16.4107723236084
2011-10-26,12.575504302978516,,20.978206634521484,8.231348037719727,25.079004287719727,10.592266082763672,21.144498825073242,,10.589643478393555,26.18352508544922,16.34770393371582
2011-10-27,13.258068084716797,,21.908281326293945,8.722122192382812,26.171390533447266,10.906355857849121,21.415664672851562,,10.841485977172852,26.81908416748047,16.79339599609375
2011-10-28,13.350812911987305,,22.056255340576172,8.728338241577148,26.171390533447266,10.943551063537598,21.361434936523438,,10.752420425415039,26.842613220214844,16.66305160522461
2011-10-31,12.779532432556152,,21.050670623779297,8.386656761169434,25.529705047607422,10.749309539794922,21.042804718017578,,10.703278541564941,26.33260154724121,16.406566619873047
2011-11-01,12.438249588012695,,20.371234893798828,7.989068508148193,24.758169174194336,10.45175552368164,20.676729202270508,,10.479081153869629,25.83043098449707,16.053377151489258
2011-11-02,12.746148109436035,,20.98423957824707,8.225132942199707,25.247066497802734,10.579870223999023,20.873329162597656,,10.66335391998291,26.0030517578125,16.21735954284668
2011-11-03,13.005821228027344,,21.53685188293457,8.36801815032959,25.865829467773438,10.831963539123535,21.130939483642578,,10.792343139648438,26.285524368286133,16.42759132385254
2011-11-04,12.976140975952148,,21.518735885620117,8.256196022033691,25.66721534729004,10.76584243774414,21.0089111328125,,10.743208885192871,26.042285919189453,16.36451530456543
2011-11-07,13.087427139282227,,21.636512756347656,8.299680709838867,25.72832679748535,10.831963539123535,21.185169219970703,,10.801556587219238,26.348297119140625,16.469635009765625
2011-11-08,13.243229866027832,,21.98982048034668,8.454995155334473,26.018613815307617,10.955953598022461,21.395339965820312,,10.872198104858398,26.67000389099121,16.62941551208496
2011-11-09,12.597763061523438,,21.0174560546875,7.995278835296631,25.01025390625,10.575736045837402,20.89366340637207,,10.635712623596191,25.901044845581055,16.036558151245117
2011-11-10,12.749855995178223,,21.382850646972656,8.032550811767578,25.315818786621094,10.608793258666992,21.0970401763916,,10.706355094909668,26.26983070373535,16.187923431396484
2011-11-11,13.046618461608887,,21.820714950561523,8.225132942199707,25.9193058013916,10.811300277709961,21.341094970703125,,10.859916687011719,26.732769012451172,16.595775604248047
2011-11-14,12.909364700317383,,21.53384017944336,8.057400703430176,25.758880615234375,10.728646278381348,21.158056259155273,,10.730921745300293,26.552305221557617,16.473838806152344
2011-11-15,12.935336112976074,,21.50968360900879,8.09467601776123,25.911657333374023,10.873295783996582,21.25974464416504,,10.749351501464844,26.61507797241211,16.532705307006836
2011-11-16,12.631147384643555,,21.18656349182129,7.895877838134766,25.529705047607422,10.712117195129395,21.069923400878906,,10.620359420776367,26.10505485534668,16.22156524658203
2011-11-17,12.271316528320312,,20.70340919494629,7.74057149887085,25.08664894104004,10.505478858947754,20.9953556060791,,10.565074920654297,25.83043098449707,15.935648918151855
2011-11-18,12.338092803955078,,20.57958984375,7.7654218673706055,25.147764205932617,10.418691635131836,21.056367874145508,,10.638784408569336,25.775503158569336,15.927236557006836
2011-11-21,12.12293529510498,,20.211185455322266,7.572839260101318,24.567188262939453,10.236847877502441,20.7174072265625,,10.506721496582031,25.281185150146484,15.679157257080078
2011-11-22,12.030195236206055,,20.02094268798828,7.504500865936279,24.406774520874023,10.220315933227539,20.737747192382812,,10.377725601196289,25.34395408630371,15.67074966430664
2011-11-23,11.71117115020752,,19.413972854614258,7.299497604370117,23.84148406982422,9.976483345031738,20.514034271240234,,10.214951515197754,24.975173950195312,15.359615325927734
2011-11-25,11.651817321777344,,19.275068283081055,7.3181352615356445,23.803285598754883,9.922759056091309,20.588598251342773,,10.267167091369629,24.881017684936523,15.275519371032715
2011-11-28,12.089546203613281,,19.99678611755371,7.53556489944458,24.605377197265625,10.249250411987305,20.91400718688965,,10.396154403686523,25.547962188720703,15.742230415344238
2011-11-29,12.111808776855469,,20.283658981323242,7.498291969299316,24.628311157226562,10.195521354675293,21.130939483642578,,10.50979232788086,25.65781021118164,15.796891212463379
2011-11-30,12.805500984191895,,21.400968551635742,7.958003997802734,25.888751983642578,10.588133811950684,21.625822067260742,,10.8138427734375,26.583694458007812,16.288835525512695
2011-12-01,12.723889350891113,,21.283201217651367,7.914517402648926,25.804718017578125,10.645994186401367,21.591928482055664,,10.783132553100586,26.6229248046875,16.301454544067383
2011-12-02,12.61259937286377,,21.265087127685547,8.020129203796387,25.75124168395996,10.637726783752441,21.517356872558594,,10.672568321228027,26.29336929321289,16.42759132385254
2011-12-05,12.760980606079102,,21.527790069580078,8.181649208068848,26.026248931884766,10.757575035095215,21.64616584777832,,10.755488395690918,26.34044647216797,16.578956604003906
2011-12-06,12.879693031311035,,21.524776458740234,8.187860488891602,26.018613815307617,10.753442764282227,21.673282623291016,,10.78620433807373,26.450300216674805,16.5242977142334
2011-12-07,12.89081859588623,,21.319435119628906,8.287260055541992,26.010976791381836,10.76584243774414,21.727510452270508,,10.770851135253906,26.646465301513672,16.62941551208496
2011-12-08,12.490182876586914,,20.724546432495117,7.9642181396484375,25.369293212890625,10.59639835357666,21.476682662963867,,10.614216804504395,26.152137756347656,16.276229858398438
2011-12-09,12.649697303771973,,21.195627212524414,8.138163566589355,25.949846267700195,10.761711120605469,21.70039939880371,,10.749351501464844,26.536611557006836,16.545326232910156
2011-12-12,12.349221229553223,,20.700389862060547,7.945577621459961,25.476232528686523,10.625324249267578,21.503803253173828,,10.657210350036621,26.22275161743164,16.49486541748047
2011-12-13,12.141483306884766,,20.50712013244629,7.833759307861328,25.140119552612305,10.526139259338379,21.456340789794922,,10.697139739990234,26.175668716430664,16.17109489440918
2011-12-14,11.993099212646484,,19.930347442626953,7.802698612213135,24.842205047607422,10.36496353149414,21.347875595092773,,10.629571914672852,26.15998077392578,16.0029239654541
2011-12-15,12.07470989227295,,19.845794677734375,7.808907508850098,25.017898559570312,10.340168952941895,21.564815521240234,,10.758563995361328,26.450300216674805,16.02815055847168
2011-12-16,12.151287078857422,,20.057174682617188,7.840170383453369,25.12401580810547,10.368806838989258,21.540868759155273,,10.726885795593262,26.361921310424805,16.028152465820312
2011-12-19,11.934632301330566,,19.70538902282715,7.665109157562256,24.8625545501709,10.269186019897461,21.45194435119629,,10.646140098571777,26.361921310424805,15.850532531738281
2011-12-20,12.405295372009277,,20.51508140563965,7.952706813812256,25.716163635253906,10.559744834899902,21.896575927734375,,10.872847557067871,26.914262771606445,16.286117553710938
2011-12-21,12.423973083496094,,20.742511749267578,7.996471405029297,25.723859786987305,10.385411262512207,22.129154205322266,,11.034347534179688,27.08785057067871,16.341096878051758
2011-12-22,12.547242164611816,,20.985116958618164,8.165278434753418,25.969940185546875,10.50578498840332,22.122316360473633,,11.04676342010498,27.285110473632812,16.387622833251953
2011-12-23,12.666775703430176,,21.106422424316406,8.221550941467285,26.21603012084961,10.609554290771484,22.279647827148438,,11.118193626403809,27.458688735961914,16.569469451904297
2011-12-27,12.663036346435547,,21.1610050201416,8.17778491973877,26.20834732055664,10.6261625289917,22.32069969177246,,11.208263397216797,27.521818161010742,16.62022590637207
2011-12-28,12.360469818115234,,20.757680892944336,8.046489715576172,25.793071746826172,10.51823902130127,22.211238861083984,,11.167889595031738,27.221981048583984,16.438371658325195
2011-12-29,12.521089553833008,,20.972991943359375,8.171533584594727,26.116060256958008,10.5971040725708,22.327537536621094,,11.25484561920166,27.419254302978516,16.607526779174805
2011-12-30,12.513620376586914,,20.96389389038086,8.127764701843262,25.95456314086914,10.563896179199219,22.224924087524414,,11.174093246459961,27.371906280517578,16.50180435180664
2012-01-03,12.861014366149902,,21.5461368560791,8.340338706970215,26.523643493652344,10.713327407836914,22.204404830932617,,10.975333213806152,27.726972579956055,16.64136505126953
2012-01-04,12.969340324401855,,21.591625213623047,8.315332412719727,26.646686553955078,10.74238395690918,22.156517028808594,,10.913224220275879,27.59283447265625,16.772457122802734
2012-01-05,13.006695747375488,,21.4885196685791,8.427871704101562,26.65437889099121,10.775591850280762,22.142837524414062,,10.93496322631836,27.6717472076416,16.912019729614258
2012-01-06,12.988018035888672,,21.361148834228516,8.37785530090332,26.600547790527344,10.779742240905762,21.99918556213379,,10.875953674316406,27.719083786010742,16.937393188476562
2012-01-09,13.014172554016113,,21.464256286621094,8.421619415283203,26.800491333007812,10.763137817382812,22.03339195251465,,10.891485214233398,27.76641845703125,16.912019729614258
2012-01-10,13.256974220275879,,21.655309677124023,8.57166862487793,27.18500328063965,10.800497055053711,22.108638763427734,,10.90700912475586,27.971569061279297,17.021976470947266
2012-01-11,13.387704849243164,,21.364179611206055,8.67170238494873,27.26959228515625,10.833704948425293,22.01287269592285,,10.857317924499512,27.995241165161133,17.047351837158203
2012-01-12,13.574477195739746,,21.164031982421875,8.70296573638916,27.507997512817383,10.887664794921875,22.006025314331055,,10.841792106628418,28.0820369720459,17.098100662231445
2012-01-13,13.48482608795166,,21.05790138244629,8.640445709228516,27.292661666870117,10.825401306152344,21.98550796508789,,10.835585594177246,27.955793380737305,17.076955795288086
2012-01-17,13.559534072875977,,21.206497192382812,8.57166862487793,27.431087493896484,10.875213623046875,22.067596435546875,,10.826265335083008,28.129392623901367,17.123477935791016
2012-01-18,13.712686538696289,,21.55522918701172,8.70296573638916,27.67717742919922,11.032943725585938,22.1154842376709,,10.823159217834473,28.287181854248047,17.398357391357422
2012-01-19,13.723894119262695,,21.643171310424805,8.784242630004883,27.96941566467285,11.111809730529785,22.156517028808594,,10.733098983764648,28.287181854248047,17.55060577392578
2012-01-20,13.66412353515625,,21.646207809448242,8.840507507324219,27.807905197143555,11.124261856079102,22.163362503051758,,10.748627662658691,28.287181854248047,17.406824111938477
2012-01-23,13.656658172607422,,21.819063186645508,8.871770858764648,27.777156829833984,11.161620140075684,22.142837524414062,,10.792105674743652,28.160947799682617,17.394136428833008
2012-01-24,13.656658172607422,,21.7553768157959,8.859261512756348,27.807905197143555,11.15331745147705,22.01970672607422,,10.705144882202148,28.168840408325195,17.444889068603516
2012-01-25,13.873310089111328,,22.022247314453125,8.878024101257324,28.11551856994629,11.240482330322266,22.272808074951172,,10.882168769836426,28.373977661132812,17.571758270263672
2012-01-26,13.869579315185547,,21.722023010253906,8.802996635437012,28.061691284179688,11.165771484375,22.190725326538086,,10.919439315795898,28.24773597717285,17.542152404785156
2012-01-27,13.888257026672363,,21.676532745361328,8.834258079528809,28.038619995117188,11.165771484375,22.04022789001465,,10.785892486572266,28.263517379760742,17.52946662902832
2012-01-30,13.873310089111328,,21.57342529296875,8.752978324890137,27.938650131225586,11.198979377746582,21.896575927734375,,10.717570304870605,28.22406578063965,17.47871208190918
2012-01-31,13.888257026672363,,21.43696403503418,8.79049301147461,27.854063034057617,11.219731330871582,21.91026496887207,,10.770364761352539,28.24773597717285,17.474483489990234
2012-02-01,14.026463508605957,,21.521879196166992,8.928034782409668,28.153974533081055,11.33180046081543,22.067596435546875,,10.807631492614746,28.523910522460938,17.533687591552734
2012-02-02,13.959224700927734,,21.685632705688477,8.971800804138184,28.16935157775879,11.360859870910645,22.149681091308594,,10.788997650146484,28.413450241088867,17.512548446655273
2012-02-03,14.149733543395996,,22.06773567199707,9.215636253356934,28.653839111328125,11.506139755249023,22.21808624267578,,10.816946983337402,28.57913589477539,17.87201499938965
2012-02-06,14.071287155151367,,22.331558227539062,9.171873092651367,28.584623336791992,11.510287284851074,22.204404830932617,,10.770364761352539,28.421337127685547,17.833953857421875
2012-02-07,14.05634880065918,,22.446796417236328,9.165616035461426,28.553863525390625,11.539344787597656,22.224924087524414,,10.848005294799805,28.523910522460938,17.918540954589844
2012-02-08,14.071287155151367,,22.370986938476562,9.234393119812012,28.615385055541992,11.60991096496582,22.231769561767578,,10.860427856445312,28.523910522460938,17.96082878112793
2012-02-09,14.08622932434082,,22.374021530151367,9.196882247924805,28.692291259765625,11.721982955932617,22.354888916015625,,10.829368591308594,28.373977661132812,17.990427017211914
2012-02-10,13.839693069458008,,22.14961051940918,9.109353065490723,28.430828094482422,11.63481330871582,22.30701446533203,,10.807631492614746,28.255634307861328,17.893165588378906
2012-02-13,13.877046585083008,,22.325498580932617,9.190630912780762,28.77688217163086,11.7095308303833,22.40277862548828,,10.795208930969238,28.468666076660156,18.036956787109375
2012-02-14,13.697744369506836,,22.364925384521484,9.103100776672363,28.676908493041992,11.73028564453125,22.45750617980957,,10.798315048217773,28.58702850341797,18.01580810546875
2012-02-15,13.708952903747559,,22.32852554321289,9.046828269958496,28.300085067749023,11.668023109436035,22.450658798217773,,10.77657699584961,28.531795501708984,17.935457229614258
2012-02-16,13.951750755310059,,22.619661331176758,9.190630912780762,28.561561584472656,11.83820629119873,22.594316482543945,,10.891485214233398,28.689605712890625,18.01157569885254
2012-02-17,13.959224700927734,,22.704559326171875,9.246899604797363,28.66922950744629,11.83820629119873,22.614835739135742,,10.885275840759277,28.594913482666016,18.168058395385742
2012-02-21,14.04140567779541,,22.859224319458008,9.240644454956055,28.769197463989258,11.888017654418945,22.484865188598633,,10.844897270202637,28.389768600463867,18.104618072509766
2012-02-22,14.018990516662598,,22.9107723236084,9.121858596801758,28.73843002319336,11.846510887145996,22.42329978942871,,10.857317924499512,28.389768600463867,18.058095932006836
2012-02-23,14.033933639526367,,23.02600860595703,9.203131675720215,28.830711364746094,11.892165184020996,22.539592742919922,,10.848005294799805,28.413450241088867,18.146909713745117
2012-02-24,14.026463508605957,,23.11699867248535,9.171873092651367,28.82303237915039,11.962735176086426,22.614835739135742,,10.894590377807617,28.555461883544922,18.125764846801758
2012-02-27,14.030200004577637,,23.044208526611328,9.240644454956055,28.846092224121094,11.98348617553711,22.614835739135742,,10.891485214233398,28.61069679260254,18.23148536682129
2012-02-28,14.075024604797363,,22.96839714050293,9.265656471252441,28.807649612426758,12.070655822753906,22.690080642700195,,10.838691711425781,28.72116470336914,18.332990646362305
2012-02-29,13.809804916381836,,22.70760154724121,9.228140830993652,28.63075828552246,12.016695976257324,22.731121063232422,,10.835585594177246,28.54758071899414,18.26531982421875
2012-03-01,13.962957382202148,,22.925939559936523,9.328176498413086,28.73073959350586,12.087259292602539,22.696924209594727,,10.863534927368164,28.69748878479004,18.41756820678711
2012-03-02,13.929341316223145,,22.66513442993164,9.296913146972656,28.561561584472656,12.070655822753906,22.717443466186523,,10.857317924499512,28.650157928466797,18.404876708984375
2012-03-05,13.705211639404297,,22.51957893371582,9.259404182434082,28.36160659790039,11.966882705688477,22.820045471191406,,10.882168769836426,28.58702850341797,18.387971878051758
2012-03-06,13.42505931854248,,22.152637481689453,9.034326553344727,27.72332191467285,11.850663185119629,22.628520965576172,,10.838691711425781,28.216184616088867,18.100391387939453
2012-03-07,13.4586763381958,,22.33763885498047,9.146864891052246,28.007856369018555,11.937823295593262,22.6627140045166,,10.844897270202637,28.34241485595703,18.3076171875
2012-03-08,13.682808876037598,,22.51957893371582,9.234393119812012,28.40776252746582,12.05820083618164,22.820045471191406,,10.879060745239258,28.658042907714844,18.49369239807129
2012-03-09,13.686542510986328,,22.49834632873535,9.309419631958008,28.46927261352539,12.112161636352539,22.895299911499023,,10.922538757324219,28.776390075683594,18.599414825439453
2012-03-12,13.611833572387695,,22.374021530151367,9.284408569335938,28.46159553527832,12.128767013549805,22.977384567260742,,11.04676342010498,28.776390075683594,18.54867172241211
2012-03-13,13.835953712463379,,22.64390754699707,9.64078426361084,29.053733825683594,12.369516372680664,23.148401260375977,,11.084029197692871,29.186689376831055,18.836246490478516
2012-03-14,13.783661842346191,,22.425559997558594,9.653285026550293,28.984514236450195,12.415173530578613,23.07999038696289,,10.919439315795898,29.178817749023438,18.810871124267578
2012-03-15,13.884515762329102,,22.461956024169922,9.82209587097168,29.330591201782227,12.448378562927246,23.121036529541016,,10.91012191772461,29.226144790649414,18.874305725097656
2012-03-16,13.911137580871582,,22.770950317382812,9.85972785949707,29.343725204467773,12.442550659179688,23.105913162231445,,10.901341438293457,29.222970962524414,18.813648223876953
2012-03-19,13.9973783493042,,22.874452590942383,9.909902572631836,29.343725204467773,12.534160614013672,23.119665145874023,,10.826117515563965,29.215049743652344,18.91121482849121
2012-03-20,13.9186372756958,,22.53045654296875,9.960077285766602,29.003765106201172,12.521668434143066,23.105913162231445,,10.838655471801758,29.06437873840332,18.940906524658203
2012-03-21,13.9186372756958,,22.262561798095703,9.916175842285156,28.988317489624023,12.517504692077637,23.140289306640625,,10.816713333129883,29.048519134521484,18.966352462768555
2012-03-22,13.693658828735352,,21.7602596282959,9.78446102142334,28.663822174072266,12.488354682922363,23.160926818847656,,10.841788291931152,28.95334815979004,18.919696807861328
2012-03-23,13.839897155761719,,21.997716903686523,9.865995407104492,28.71017837524414,12.488354682922363,23.21593475341797,,10.844924926757812,29.040578842163086,18.940906524658203
2012-03-26,14.019875526428223,,22.1621036529541,10.022801399230957,29.135108947753906,12.671579360961914,23.37409782409668,,10.920145034790039,29.548112869262695,19.242094039916992
2012-03-27,13.98988151550293,,21.939870834350586,9.928720474243164,29.042409896850586,12.667413711547852,23.3603515625,,10.973433494567871,29.6036434173584,19.2123966217041
2012-03-28,13.794897079467773,,21.665891647338867,9.95380973815918,28.76424789428711,12.621607780456543,23.305330276489258,,10.882533073425293,29.540189743041992,19.046968460083008
2012-03-29,13.813648223876953,,21.665891647338867,9.85345458984375,28.779714584350586,12.596627235412598,23.29845428466797,,10.926419258117676,29.6036434173584,19.04271697998047
2012-03-30,13.862390518188477,,21.842458724975586,9.909902572631836,28.911056518554688,12.559147834777832,23.43599510192871,,10.982834815979004,29.8256893157959,19.1275634765625
2012-04-02,14.057373046875,,22.055553436279297,9.985167503356934,29.096473693847656,12.692399978637695,23.621660232543945,,11.039255142211914,29.928773880004883,19.178462982177734
2012-04-03,13.95237922668457,,21.86376953125,9.928720474243164,28.88787841796875,12.68407154083252,23.49100685119629,,11.03298568725586,29.91291046142578,19.14028549194336
2012-04-04,13.757402420043945,,21.583696365356445,9.771918296813965,28.67926788330078,12.534160614013672,23.415363311767578,,11.017313003540039,29.754310607910156,18.962120056152344
2012-04-05,13.67866039276123,,21.461925506591797,9.746829986572266,28.56338882446289,12.563309669494629,23.415363311767578,,10.935820579528809,29.74637222290039,19.0936279296875
2012-04-09,13.479933738708496,,21.190980911254883,9.596297264099121,28.099817276000977,12.475862503051758,23.20218849182129,,10.879399299621582,29.373647689819336,18.919696807861328
2012-04-10,13.2024564743042,,20.773929595947266,9.389321327209473,27.528085708618164,12.300971984863281,22.99587631225586,,10.738353729248047,29.040578842163086,18.45730972290039
2012-04-11,13.344942092895508,,20.78001594543457,9.539850234985352,27.837125778198242,12.371758460998535,23.112781524658203,,10.763429641723633,29.1436824798584,18.711837768554688
2012-04-12,13.708661079406738,,21.233610153198242,9.715466499328613,28.43203353881836,12.525834083557129,23.12653923034668,,10.797906875610352,29.30228614807129,18.949386596679688
2012-04-13,13.547422409057617,,20.913959503173828,9.489670753479004,28.06891441345215,12.330117225646973,23.12653923034668,,10.760295867919922,29.008853912353516,18.898483276367188
2012-04-16,13.588669776916504,,20.773929595947266,9.558667182922363,28.14617156982422,12.201028823852539,23.222816467285156,,10.860596656799316,29.016788482666016,18.830610275268555
2012-04-17,13.772398948669434,,21.111841201782227,9.684103965759277,28.609729766845703,12.467534065246582,23.45661735534668,,10.917011260986328,29.44501495361328,19.029991149902344
2012-04-18,13.734907150268555,,21.069215774536133,9.62138557434082,28.486116409301758,12.375924110412598,23.45661735534668,,10.898208618164062,29.365718841552734,19.059682846069336
2012-04-19,13.686162948608398,,21.041824340820312,9.577481269836426,28.16935157775879,12.238504409790039,23.380979537963867,,10.8699951171875,29.41331672668457,18.906972885131836
2012-04-20,13.67866039276123,,20.99310874938965,9.527303695678711,28.40885353088379,12.192703247070312,23.59415626525879,,10.976567268371582,29.571903228759766,18.936664581298828
2012-04-23,13.50992488861084,,20.9718074798584,9.458312034606934,28.09208869934082,12.09692668914795,23.229686737060547,,10.92955207824707,29.34193992614746,18.733041763305664
2012-04-24,13.50992488861084,,21.127058029174805,9.564939498901367,28.462942123413086,12.071941375732422,23.236560821533203,,11.00477409362793,29.44501495361328,18.669414520263672
2012-04-25,13.794897079467773,,21.33711051940918,9.646472930908203,28.51702308654785,12.413403511047363,23.38785171508789,,11.06119441986084,29.754310607910156,18.983325958251953
2012-04-26,13.779903411865234,,21.562387466430664,9.728012084960938,28.68699836730957,12.509175300598145,23.60102653503418,,11.123885154724121,29.74637222290039,19.220884323120117
2012-04-27,13.847393035888672,,21.553251266479492,9.734286308288574,28.864694595336914,12.505013465881348,23.566646575927734,,11.161492347717285,29.762237548828125,19.45844268798828
2012-04-30,13.74990463256836,,21.687206268310547,9.677836418151855,28.594301223754883,12.417567253112793,23.504756927490234,,11.177165985107422,29.74637222290039,19.34814453125
2012-05-01,13.832395553588867,,21.997716903686523,9.778185844421387,28.67926788330078,12.459210395812988,23.566646575927734,,11.233583450317383,29.857391357421875,19.475414276123047
2012-05-02,13.764901161193848,,21.63848876953125,9.702924728393555,28.68699836730957,12.467534065246582,23.587278366088867,,11.16776180267334,29.80188751220703,19.581466674804688
2012-05-03,13.60741901397705,,21.27927017211914,9.62138557434082,28.45521354675293,12.36343002319336,23.621660232543945,,11.13328742980957,29.690872192382812,19.42874526977539
2012-05-04,13.37868881225586,,20.792194366455078,9.470857620239258,28.045732498168945,12.105255126953125,23.43599510192871,,11.148957252502441,29.30228614807129,19.051197052001953
2012-05-07,13.38994026184082,,20.731306076049805,9.527303695678711,27.968475341796875,12.071941375732422,23.470378875732422,,11.127018928527832,29.365718841552734,19.04271697998047
2012-05-08,13.326194763183594,,20.664337158203125,9.464582443237305,27.898942947387695,12.030298233032227,23.415363311767578,,11.145822525024414,29.373647689819336,18.813648223876953
2012-05-09,13.206204414367676,,20.563880920410156,9.357959747314453,27.574443817138672,12.030298233032227,23.29845428466797,,11.152092933654785,29.175392150878906,18.741533279418945
2012-05-10,13.16496467590332,,20.652162551879883,9.395588874816895,27.613075256347656,11.938685417175293,23.463491439819336,,11.255526542663574,29.38158416748047,18.80515480041504
2012-05-11,13.127463340759277,,20.499942779541016,9.288966178894043,27.55898666381836,11.947013854980469,23.40160369873047,,11.261795043945312,29.349857330322266,18.76698112487793
2012-05-14,12.947482109069824,,20.158994674682617,9.100804328918457,27.242216110229492,11.842911720275879,23.305330276489258,,11.249256134033203,29.25471305847168,18.503976821899414
2012-05-15,12.752503395080566,,19.82412338256836,9.05062484741211,27.1031494140625,11.809597969055176,23.277822494506836,,11.17089557647705,29.080236434936523,18.47427749633789
2012-05-16,12.613760948181152,,19.711483001708984,8.918911933898926,27.072237014770508,11.713821411132812,23.35346794128418,,11.186566352844238,29.127817153930664,18.44458770751953
2012-05-17,12.336294174194336,,19.586673736572266,8.737022399902344,26.49279022216797,11.547252655029297,23.18842887878418,,11.123885154724121,28.858186721801758,17.95675277709961
2012-05-18,12.28754711151123,,19.464902877807617,8.636667251586914,26.36144256591797,11.43898868560791,23.05089569091797,,11.101943016052246,28.604419708251953,17.821001052856445
2012-05-21,12.647510528564453,,19.912410736083984,8.718206405639648,26.94862937927246,11.722148895263672,23.140289306640625,,11.114480972290039,28.881973266601562,18.134910583496094
2012-05-22,12.568767547607422,,19.863697052001953,8.787201881408691,27.049074172973633,11.684669494628906,23.16779899597168,,11.192838668823242,28.802677154541016,18.20702362060547
2012-05-23,12.71875,,19.9367618560791,8.818560600280762,27.19586181640625,11.697163581848145,23.105913162231445,,11.13328742980957,28.67579460144043,18.304595947265625
2012-05-24,12.79749870300293,,19.921541213989258,8.824831008911133,27.164958953857422,11.630536079406738,23.325969696044922,,11.177165985107422,28.95334815979004,18.389436721801758
2012-05-25,12.745001792907715,,19.827165603637695,8.793473243713379,26.979520797729492,11.60555648803711,23.305330276489258,,11.214776039123535,28.881973266601562,18.359739303588867
2012-05-29,12.966233253479004,,20.158994674682617,8.918911933898926,27.342670440673828,11.759623527526855,23.470378875732422,,11.249256134033203,28.977148056030273,18.614269256591797
2012-05-30,12.73375129699707,,19.54100799560547,8.711934089660645,26.886816024780273,11.684669494628906,23.277822494506836,,11.180301666259766,28.81061553955078,18.321557998657227
2012-05-31,12.681254386901855,,19.37053108215332,8.787201881408691,26.786380767822266,11.630536079406738,23.229686737060547,,11.239855766296387,28.667869567871094,18.283390045166016
2012-06-01,12.411284446716309,,18.886503219604492,8.461052894592285,26.0446720123291,11.326555252075195,22.803335189819336,,11.192838668823242,28.16033363342285,17.706462860107422
2012-06-04,12.42253303527832,,18.871278762817383,8.379512786865234,25.774259567260742,11.39317512512207,22.878978729248047,,11.230453491210938,28.223766326904297,17.770092010498047
2012-06-05,12.542525291442871,,19.032623291015625,8.517498970031738,25.851526260375977,11.463968276977539,22.851470947265625,,11.271196365356445,28.382373809814453,17.867658615112305
2012-06-06,12.857492446899414,,19.620159149169922,8.768379211425781,26.539140701293945,11.726310729980469,23.160926818847656,,11.42791748046875,28.826465606689453,18.25368881225586
2012-06-07,12.87999153137207,,19.63233757019043,8.762110710144043,26.68593406677246,11.668015480041504,23.24344253540039,,11.515676498413086,28.84232521057129,18.25368881225586
2012-06-08,12.966233253479004,,19.635377883911133,8.868734359741211,26.886816024780273,11.797104835510254,23.4428653717041,,11.540756225585938,29.016788482666016,18.414894104003906
2012-06-11,12.7262544631958,,19.367490768432617,8.705662727355957,26.539140701293945,11.630536079406738,23.332839965820312,,11.531351089477539,28.763019561767578,18.134910583496094
2012-06-12,12.962477684020996,,19.64147186279297,8.837372779846191,26.964082717895508,11.747135162353516,23.4428653717041,,11.543888092041016,29.03265380859375,18.33004379272461
2012-06-13,12.763747215270996,,19.391841888427734,8.806014060974121,26.693660736083984,11.676342010498047,23.40848159790039,,11.54702091217041,29.000932693481445,18.06279754638672
2012-06-14,12.868739128112793,,19.696260452270508,8.912638664245605,26.902271270751953,11.73464298248291,23.731693267822266,,11.625380516052246,29.437088012695312,18.304595947265625
2012-06-15,13.017651557922363,,20.072818756103516,9.037428855895996,27.138267517089844,11.859635353088379,23.770469665527344,,11.682961463928223,29.54791259765625,18.484241485595703
2012-06-18,13.085514068603516,,19.89234161376953,8.987009048461914,27.200347900390625,11.947420120239258,23.83279037475586,,11.727246284484863,29.747249603271484,18.616212844848633
2012-06-19,13.334328651428223,,20.17987823486328,9.138261795043945,27.565202713012695,12.039385795593262,23.812009811401367,,11.701937675476074,30.01831817626953,18.786497116088867
2012-06-20,13.258928298950195,,20.100353240966797,9.157171249389648,27.417713165283203,12.060288429260254,23.6873836517334,,11.588054656982422,29.93858528137207,18.76521110534668
2012-06-21,12.825389862060547,,19.277488708496094,8.955493927001953,26.882091522216797,11.776025772094727,23.410417556762695,,11.467838287353516,29.524002075195312,18.356531143188477
2012-06-22,12.893243789672852,,19.405969619750977,9.037428855895996,26.975234985351562,11.905618667602539,23.47965431213379,,11.471002578735352,29.834945678710938,18.437419891357422
2012-06-25,12.731138229370117,,18.971601486206055,8.848355293273926,26.47843360900879,11.663155555725098,23.33424949645996,,11.44885540008545,29.46819496154785,18.152191162109375
2012-06-26,12.772603034973145,,19.176551818847656,8.892475128173828,26.525007247924805,11.709138870239258,23.389638900756836,,11.464675903320312,29.555892944335938,18.377811431884766
2012-06-27,12.912090301513672,,19.57421112060547,8.999610900878906,26.781177520751953,11.780210494995117,23.528121948242188,,11.594382286071777,29.874828338623047,18.35227394104004
2012-06-28,12.915863990783691,,19.70880699157715,8.993313789367676,26.757888793945312,11.68405818939209,23.631988525390625,,11.635505676269531,29.739282608032227,18.25010108947754
2012-06-29,13.304169654846191,,20.30224609375,9.226493835449219,27.68939781188965,12.010126113891602,24.07512664794922,,11.701937675476074,30.30534553527832,18.63749885559082
2012-07-02,13.236315727233887,,20.31142234802246,9.283212661743164,27.448766708374023,12.077010154724121,24.213613510131836,,11.774699211120605,30.40104866027832,18.69283676147461
2012-07-03,13.42480754852295,,20.79779052734375,9.33363151550293,27.735971450805664,12.173160552978516,24.324390411376953,,11.746228218078613,30.393070220947266,18.67582130432129
2012-07-05,13.405959129333496,,20.52553939819336,9.194984436035156,27.704933166503906,12.173160552978516,24.234376907348633,,11.6766357421875,30.201704025268555,18.722637176513672
2012-07-06,13.251392364501953,,20.277767181396484,9.119354248046875,27.332326889038086,11.993404388427734,24.206689834594727,,11.651321411132812,30.002384185791016,18.63323974609375
2012-07-09,13.168450355529785,,20.18600845336914,9.106751441955566,27.31679916381836,11.968320846557617,24.178987503051758,,11.613364219665527,30.161840438842773,18.53107452392578
2012-07-10,12.972413063049316,,19.870933532714844,9.037428855895996,26.874326705932617,11.83454704284668,24.206689834594727,,11.632342338562012,30.01831817626953,18.420379638671875
2012-07-11,12.930946350097656,,20.140117645263672,9.113051414489746,26.656963348388672,11.780210494995117,24.172061920166016,,11.6924467086792,29.99440574645996,18.313961029052734
2012-07-12,12.866856575012207,,20.072818756103516,9.018519401550293,26.556055068969727,11.663155555725098,24.192842483520508,,11.708269119262695,30.066162109375,18.271387100219727
2012-07-13,13.096823692321777,,20.424602508544922,9.270606994628906,27.068387985229492,11.817829132080078,24.462873458862305,,11.812662124633789,30.40104866027832,18.569385528564453
2012-07-16,13.047810554504395,,20.491899490356445,9.251704216003418,26.882091522216797,11.805285453796387,24.338245391845703,,11.806340217590332,30.456851959228516,18.45018196105957
2012-07-17,13.2136869430542,,20.748851776123047,9.302118301391602,26.998538970947266,11.851269721984863,24.442102432250977,,11.831646919250488,30.847517013549805,18.63323974609375
2012-07-18,13.292854309082031,,20.92932891845703,9.258004188537598,27.503101348876953,12.056107521057129,24.44903564453125,,11.869607925415039,30.895353317260742,18.731155395507812
2012-07-19,13.436119079589844,,20.993566513061523,9.201282501220703,27.63507080078125,12.160618782043457,24.414405822753906,,11.891749382019043,30.895353317260742,18.85460662841797
2012-07-20,13.353175163269043,,21.042503356933594,9.06263542175293,27.293514251708984,12.02266788482666,24.26207733154297,,11.91706371307373,30.496719360351562,18.624732971191406
2012-07-23,13.142062187194824,,20.840621948242188,8.987009048461914,27.153783798217773,11.905618667602539,24.05436134338379,,11.837969779968262,30.13791275024414,18.35227394104004
2012-07-24,12.938484191894531,,20.507192611694336,8.961798667907715,26.851041793823242,11.784387588500977,23.97818946838379,,11.733573913574219,29.80305290222168,18.228818893432617
2012-07-25,12.938484191894531,,20.522489547729492,8.993313789367676,26.944183349609375,11.738402366638184,23.98512077331543,,11.727246284484863,29.946563720703125,18.190509796142578
2012-07-26,12.99880599975586,,21.106754302978516,9.131962776184082,27.355609893798828,11.918159484863281,24.379785537719727,,11.910736083984375,30.233592987060547,18.484241485595703
2012-07-27,13.236315727233887,,21.47994041442871,9.302118301391602,27.953340530395508,12.17733383178711,24.656753540039062,,12.049931526184082,30.95914649963379,18.850351333618164
2012-07-30,13.225003242492676,,21.541122436523438,9.283212661743164,27.87570571899414,12.181520462036133,24.781387329101562,,12.09421443939209,30.799671173095703,18.777982711791992
2012-07-31,13.13452434539795,,21.305578231811523,9.239094734191895,27.798086166381836,12.231683731079102,24.670604705810547,,11.996149063110352,30.608335494995117,18.53533363342285
2012-08-01,13.138288497924805,,21.409582138061523,9.194984436035156,27.611780166625977,12.189879417419434,24.545963287353516,,11.904411315917969,30.6242733001709,18.458702087402344
2012-08-02,12.983723640441895,,21.051681518554688,9.125657081604004,27.472064971923828,12.110457420349121,24.345170974731445,,11.837969779968262,30.32928466796875,18.505525588989258
2012-08-03,13.240078926086426,,21.547231674194336,9.339934349060059,28.069766998291016,12.348734855651855,24.753679275512695,,11.977168083190918,30.688051223754883,18.871639251708984
2012-08-06,13.36072063446045,,21.605358123779297,9.37774658203125,28.069766998291016,12.43652057647705,24.739843368530273,,11.948697090148926,30.696033477783203,18.939748764038086
2012-08-07,13.515287399291992,,21.929609298706055,9.415559768676758,28.356983184814453,12.520129203796387,24.608293533325195,,11.825319290161133,30.6242733001709,19.118547439575195
2012-08-08,13.530362129211426,,21.947956085205078,9.415559768676758,28.31818199157715,12.524308204650879,24.781387329101562,,11.841132164001465,30.735902786254883,19.02489471435547
2012-08-09,13.605766296386719,,22.097843170166016,9.40925407409668,28.341468811035156,12.566109657287598,24.677518844604492,,11.841132164001465,30.71995735168457,19.012123107910156
2012-08-10,13.59445571899414,,22.137615203857422,9.415559768676758,28.473424911499023,12.595373153686523,24.670604705810547,,11.875936508178711,30.847517013549805,18.995086669921875
2012-08-13,13.519061088562012,,22.055021286010742,9.421860694885254,28.411327362060547,12.632994651794434,24.663673400878906,,11.863283157348633,30.767786026000977,19.003610610961914
2012-08-14,13.458739280700684,,22.0152530670166,9.40925407409668,28.372514724731445,12.607917785644531,24.760610580444336,,11.850624084472656,30.847517013549805,19.050434112548828
2012-08-15,13.48135757446289,,22.012197494506836,9.44076919555664,28.43462562561035,12.61209487915039,24.77446174621582,,11.793683052062988,30.919269561767578,19.11003303527832
2012-08-16,13.681163787841797,,22.207975387573242,9.503789901733398,28.721837997436523,12.783488273620605,24.83677864074707,,11.76521110534668,30.839550018310547,19.26755142211914
2012-08-17,13.66231632232666,,22.198787689208984,9.535298347473145,28.861557006835938,12.854555130004883,24.8575496673584,,11.733573913574219,30.680091857910156,19.33991050720215
2012-08-20,13.635927200317383,,22.12232208251953,9.560511589050293,28.79946517944336,12.867098808288574,24.8575496673584,,11.755718231201172,30.743881225585938,19.2590274810791
2012-08-21,13.654778480529785,,22.051959991455078,9.592021942138672,28.737363815307617,12.783488273620605,24.705219268798828,,11.670307159423828,30.640226364135742,19.23348617553711
2012-08-22,13.767873764038086,,22.134550094604492,9.579418182373047,28.59763526916504,12.80439281463623,24.62906265258789,,11.651321411132812,30.66414451599121,19.28883171081543
2012-08-23,13.537909507751465,,21.88983726501465,9.484879493713379,28.364763259887695,12.699884414672852,24.435178756713867,,11.531108856201172,30.6242733001709,19.156856536865234
2012-08-24,13.511519432067871,,22.018320083618164,9.535298347473145,28.496715545654297,12.779306411743164,24.649826049804688,,11.584890365600586,30.887392044067383,19.314373016357422
2012-08-27,13.432348251342773,,22.027496337890625,9.529001235961914,28.411327362060547,12.791851043701172,24.6844539642334,,11.610196113586426,30.919269561767578,19.284576416015625
2012-08-28,13.402189254760742,,22.04279327392578,9.516393661499023,28.302656173706055,12.762584686279297,24.69830322265625,,11.588054656982422,30.87143898010254,19.322891235351562
2012-08-29,13.432348251342773,,21.89594841003418,9.535298347473145,28.29490089416504,12.787671089172363,24.642908096313477,,11.569070816040039,30.97509002685547,19.416542053222656
2012-08-30,13.311711311340332,,21.663475036621094,9.484879493713379,28.05425262451172,12.645538330078125,24.545963287353516,,11.512123107910156,30.87143898010254,19.310115814208984
2012-08-31,13.439886093139648,,21.880666732788086,9.55420970916748,28.225027084350586,12.745868682861328,24.552892684936523,,11.499467849731445,30.96710968017578,19.3909969329834
2012-09-04,13.266469955444336,,21.712411880493164,9.55420970916748,27.930049896240234,12.745868682861328,24.69830322265625,,11.543761253356934,31.0308895111084,19.34416961669922
2012-09-05,13.326789855957031,,21.629819869995117,9.55420970916748,27.85243034362793,12.73332405090332,24.656753540039062,,11.493145942687988,31.03887367248535,19.373977661132812
2012-09-06,13.66231632232666,,22.085609436035156,9.781089782714844,28.4811954498291,13.017586708068848,24.96141242980957,,11.622854232788086,31.533203125,19.808189392089844
2012-09-07,13.929980278015137,,22.46798324584961,9.881926536560059,28.721837997436523,12.996688842773438,24.760610580444336,,11.584890365600586,31.517253875732422,19.914623260498047
2012-09-10,13.907362937927246,,22.370092391967773,9.79999828338623,28.535533905029297,12.858736038208008,24.732913970947266,,11.572235107421875,31.405628204345703,19.884828567504883
2012-09-11,13.956369400024414,,22.60869598388672,9.881926536560059,28.690793991088867,12.892178535461426,24.656753540039062,,11.543761253356934,31.421573638916016,19.876310348510742
2012-09-12,13.937521934509277,,22.746341705322266,9.919736862182617,28.807222366333008,12.963245391845703,24.52518653869629,,11.47732925415039,31.437519073486328,19.974218368530273
2012-09-13,14.28059196472168,,23.116474151611328,10.178132057189941,29.133241653442383,13.138816833496094,24.96141242980957,,11.638669967651367,31.756446838378906,20.229656219482422
2012-09-14,14.457779884338379,,23.42236328125,10.260061264038086,29.311790466308594,13.20152759552002,24.77446174621582,,11.559581756591797,31.628875732421875,20.310531616210938
2012-09-17,14.235345840454102,,23.24495506286621,10.165528297424316,29.172086715698242,13.21406364440918,24.843706130981445,,11.486818313598633,31.81224250793457,20.233905792236328
2012-09-18,14.197647094726562,,23.079763412475586,10.115107536315918,29.179840087890625,13.22242546081543,24.982189178466797,,11.452018737792969,31.915904998779297,20.135986328125
2012-09-19,14.276822090148926,,22.85646629333496,10.108806610107422,29.24968910217285,13.234967231750488,25.05143928527832,,11.464675903320312,31.94780158996582,20.344587326049805
2012-09-20,14.254195213317871,,22.920698165893555,10.05208683013916,28.970243453979492,13.209881782531738,25.189912796020508,,11.512123107910156,32.08332443237305,20.319042205810547
2012-09-21,14.192424774169922,,22.94650650024414,10.017910957336426,28.88431167602539,13.226673126220703,25.07485008239746,,11.518840789794922,32.20272445678711,20.304519653320312
2012-09-24,14.150740623474121,,22.829763412475586,10.024240493774414,28.88431167602539,13.142725944519043,25.158533096313477,,11.627540588378906,32.29085922241211,20.248981475830078
2012-09-25,13.923362731933594,,22.580873489379883,9.872361183166504,28.50147247314453,12.958028793334961,24.984214782714844,,11.601963996887207,32.2668342590332,20.009754180908203
2012-09-26,13.855141639709473,,22.365785598754883,9.809072494506836,28.39208221435547,12.865679740905762,24.984214782714844,,11.627540588378906,32.09855651855469,19.873050689697266
2012-09-27,14.025680541992188,,22.66997528076172,9.897674560546875,28.657718658447266,13.03358268737793,25.067882537841797,,11.579582214355469,32.28285598754883,20.07383918762207
2012-09-28,13.946097373962402,,22.562427520751953,9.8660306930542,28.540525436401367,12.941237449645996,24.984214782714844,,11.633931159973145,32.14664840698242,19.988401412963867
2012-10-01,13.991567611694336,,22.67611312866211,9.910330772399902,28.673351287841797,12.911852836608887,25.14458656311035,,11.579582214355469,32.33892822265625,19.97557830810547
2012-10-02,13.915781021118164,,22.716066360473633,9.929316520690918,28.62646484375,12.928644180297852,25.165498733520508,,11.640328407287598,32.48316955566406,19.9371337890625
2012-10-03,13.85135555267334,,22.436447143554688,10.017910957336426,28.774921417236328,12.995804786682129,25.24220848083496,,11.697869300842285,32.75558853149414,20.095197677612305
2012-10-04,14.029470443725586,,22.66075897216797,10.169797897338867,28.938982009887695,13.03358268737793,25.360746383666992,,11.765013694763184,32.955909729003906,20.278884887695312
2012-10-05,14.097685813903809,,22.6085205078125,10.163464546203613,29.032743453979492,12.966421127319336,25.458362579345703,,11.745829582214355,32.987953186035156,20.338699340820312
2012-10-08,14.07115650177002,,22.64539337158203,10.157139778137207,28.962430953979492,12.832094192504883,25.381669998168945,,11.765013694763184,32.96391677856445,20.30025863647461
2012-10-09,13.938516616821289,,22.67611312866211,10.093855857849121,28.62646484375,12.6683931350708,25.137615203857422,,11.742632865905762,32.563289642333984,19.97557830810547
2012-10-10,13.786930084228516,,22.25208854675293,10.0875244140625,28.36083221435547,12.618021011352539,25.033018112182617,,11.723447799682617,32.32291030883789,19.851694107055664
2012-10-11,13.843770027160645,,22.418012619018555,10.144479751586914,28.446779251098633,12.567651748657227,24.97723388671875,,11.73624038696289,32.34694290161133,19.761978149414062
2012-10-12,13.7831392288208,,22.295120239257812,10.005255699157715,28.47804069519043,12.559253692626953,24.99815559387207,,11.669100761413574,32.29888153076172,19.75771141052246
2012-10-15,13.900619506835938,,22.408802032470703,10.119168281555176,28.673351287841797,12.622217178344727,25.165498733520508,,11.71705436706543,32.76361083984375,19.9542293548584
2012-10-16,14.234116554260254,,22.765222549438477,10.182454109191895,28.97804832458496,12.794321060180664,25.228252410888672,,11.761816024780273,33.11615753173828,20.133647918701172
2012-10-17,14.351594924926758,,23.050975799560547,10.315350532531738,29.149940490722656,12.727157592773438,25.33983039855957,,11.905680656433105,33.11615753173828,20.248981475830078
2012-10-18,14.355387687683105,,23.047914505004883,10.334333419799805,29.235877990722656,12.580243110656738,25.20037078857422,,11.960029602050781,33.12417221069336,20.261796951293945
2012-10-19,14.055994987487793,,22.68534278869629,10.195107460021973,28.743669509887695,12.294805526733398,24.900522232055664,,11.864115715026855,32.53123474121094,19.898685455322266
2012-10-22,14.12042236328125,,22.571645736694336,10.195107460021973,28.66554069519043,12.37875747680664,24.914478302001953,,11.832147598266602,32.555274963378906,19.834609985351562
2012-10-23,13.695978164672852,,22.04623031616211,10.024240493774414,28.376461029052734,12.244437217712402,24.579771041870117,,11.723447799682617,32.12258529663086,19.676546096801758
2012-10-24,13.688399314880371,,21.87723159790039,10.024240493774414,28.19676399230957,12.173073768615723,24.579771041870117,,11.63713264465332,32.178688049316406,19.599647521972656
2012-10-25,13.658082008361816,,22.08309555053711,10.049555778503418,28.353023529052734,12.147886276245117,24.73318099975586,,11.694677352905273,32.435081481933594,19.552661895751953
2012-10-26,13.684605598449707,,22.110754013061523,9.998927116394043,28.376461029052734,12.168879508972168,24.64949607849121,,11.694677352905273,32.306884765625,19.61673927307129
2012-10-31,13.654287338256836,,22.1046085357666,10.062212944030762,28.509279251098633,12.118504524230957,24.67739486694336,,11.796981811523438,32.07453155517578,19.680814743041992
2012-11-01,13.919568061828613,,22.199853897094727,10.188782691955566,29.017118453979492,12.31579303741455,24.69134521484375,,11.672297477722168,32.33892822265625,19.907228469848633
2012-11-02,13.669445037841797,,21.83421516418457,10.125500679016113,28.774921417236328,12.156282424926758,24.544912338256836,,11.592369079589844,32.16264724731445,19.894412994384766
2012-11-05,13.764190673828125,,22.00013542175293,10.10651683807373,28.931180953979492,12.223447799682617,24.503067016601562,,11.403751373291016,32.178688049316406,19.9456787109375
2012-11-06,13.908197402954102,,22.353487014770508,10.220425605773926,29.24370002746582,12.278016090393066,24.684377670288086,,11.410141944885254,32.21074295043945,20.0524845123291
2012-11-07,13.688399314880371,,21.769681930541992,9.878690719604492,28.556154251098633,11.97159194946289,24.391508102416992,,11.170368194580078,31.67388916015625,19.81751823425293
2012-11-08,13.502702713012695,,21.37639045715332,9.796416282653809,28.259267807006836,11.799488067626953,24.12652587890625,,11.1511869430542,31.297304153442383,19.497116088867188
2012-11-09,13.47617244720459,,21.370243072509766,9.809072494506836,28.337390899658203,11.854052543640137,24.12652587890625,,11.084044456481934,31.385427474975586,19.40313720703125
2012-11-12,13.47617244720459,,21.41326332092285,9.8280611038208,28.41552734375,11.83726692199707,24.12652587890625,,10.991331100463867,31.545686721801758,19.420228958129883
2012-11-13,13.453433990478516,,21.324155807495117,9.758448600769043,28.337390899658203,11.778495788574219,24.11258316040039,,11.0328950881958,31.425506591796875,19.47576904296875
2012-11-14,13.226052284240723,,21.066055297851562,9.587578773498535,27.67329978942871,11.660964965820312,23.847610473632812,,10.95616626739502,31.048892974853516,19.18526840209961
2012-11-15,13.180574417114258,,21.093708038330078,9.60656452178955,27.67329978942871,11.593803405761719,23.840635299682617,,10.892228126525879,30.960765838623047,19.172456741333008
2012-11-16,13.210899353027344,,21.17667007446289,9.669849395751953,27.751426696777344,11.610593795776367,23.99404525756836,,10.984939575195312,31.193138122558594,19.300613403320312
2012-11-19,13.586079597473145,,21.665218353271484,9.853373527526855,28.274887084960938,11.929612159729004,24.384523391723633,,10.994524002075195,31.521652221679688,19.71499252319336
2012-11-20,13.597445487976074,,21.579177856445312,9.904003143310547,28.2983341217041,11.879240989685059,24.475173950195312,,10.975346565246582,31.697938919067383,19.813251495361328
2012-11-21,13.62017822265625,,21.695953369140625,9.904003143310547,28.337390899658203,11.917020797729492,24.510046005249023,,10.927393913269043,31.67388916015625,19.881603240966797
2012-11-23,13.794512748718262,,22.00320816040039,10.024240493774414,28.70459747314453,12.110107421875,24.872629165649414,,10.898621559143066,32.06652069091797,20.14645004272461
2012-11-26,13.805872917175293,,21.78812599182129,9.986268997192383,28.728038787841797,12.164677619934082,24.69134521484375,,11.036088943481445,31.92228126525879,20.0524845123291
2012-11-27,13.745243072509766,,21.606840133666992,9.897674560546875,28.66554069519043,12.110107421875,24.67042350769043,,11.064862251281738,31.729970932006836,19.9713077545166
2012-11-28,13.802090644836426,,21.803489685058594,9.935641288757324,28.907739639282227,12.181469917297363,24.907499313354492,,11.109624862670898,31.978364944458008,20.231903076171875
2012-11-29,13.896831512451172,,21.852649688720703,9.986268997192383,29.07180404663086,12.240234375,25.03999137878418,,11.173561096191406,32.20272445678711,20.287433624267578
2012-11-30,13.908197402954102,,21.83421516418457,9.973615646362305,29.009309768676758,12.227639198303223,25.13064193725586,,11.291850090026855,32.24279022216797,20.304519653320312
2012-12-03,13.650498390197754,,21.714378356933594,9.935641288757324,28.696781158447266,12.210851669311523,25.033018112182617,,11.221515655517578,32.17066955566406,20.19771957397461
2012-12-04,13.677033424377441,,21.63448715209961,9.910330772399902,28.806169509887695,12.189865112304688,24.984214782714844,,11.163972854614258,32.24279022216797,20.112281799316406
2012-12-05,13.514071464538574,,21.78505516052246,10.030572891235352,29.110876083374023,12.068131446838379,25.026044845581055,,11.333415985107422,32.34694290161133,20.0524845123291
2012-12-06,13.548176765441895,,21.855716705322266,10.062212944030762,29.10306739807129,12.13949203491211,25.053939819335938,,11.327022552490234,32.33094024658203,20.180635452270508
2012-12-07,13.66186809539795,,21.987852096557617,10.144479751586914,29.290573120117188,12.076528549194336,25.228252410888672,,11.336609840393066,32.435081481933594,20.25752830505371
2012-12-10,13.749032020568848,,21.96326446533203,10.119168281555176,29.439010620117188,12.10590934753418,25.20037078857422,,11.33980941772461,32.57130813598633,20.142183303833008
2012-12-11,13.858930587768555,,22.092317581176758,10.169797897338867,29.50151252746582,12.269618034362793,25.214313507080078,,11.365384101867676,32.915836334228516,20.206260681152344
2012-12-12,13.824825286865234,,22.172204971313477,10.214095115661621,29.54838752746582,12.248631477355957,25.158533096313477,,11.346203804016113,32.86777877807617,20.231903076171875
2012-12-13,13.786930084228516,,21.966339111328125,10.163464546203613,29.454641342163086,12.160482406616211,25.116697311401367,,11.301445960998535,32.58734130859375,20.09947395324707
2012-12-14,13.889252662658691,,21.883378982543945,10.125500679016113,29.392141342163086,12.042946815490723,25.07485008239746,,11.256683349609375,32.45913314819336,20.014034271240234
2012-12-17,14.029470443725586,,22.08309555053711,10.334333419799805,29.66559410095215,12.189865112304688,25.13064193725586,,11.42932415008545,32.71552276611328,20.372865676879883
2012-12-18,14.196213722229004,,22.488697052001953,10.48621654510498,30.048425674438477,12.370361328125,25.12367057800293,,11.50925064086914,32.97194290161133,20.61210060119629
2012-12-19,14.135583877563477,,22.33505630493164,10.422932624816895,29.884347915649414,12.307398796081543,24.872629165649414,,11.422929763793945,32.61937713623047,20.466859817504883
2012-12-20,14.272008895874023,,22.48561668395996,10.568486213684082,30.040613174438477,12.328388214111328,25.01209259033203,,11.458094596862793,32.66745376586914,20.509571075439453
2012-12-21,14.145842552185059,,22.257387161254883,10.443671226501465,29.851720809936523,12.222002029418945,24.799150466918945,,11.416067123413086,32.39275360107422,20.3272762298584
2012-12-24,14.218484878540039,,22.087528228759766,10.424568176269531,29.76515007019043,12.188223838806152,24.721586227416992,,11.367572784423828,32.26385498046875,20.34447479248047
2012-12-26,14.306421279907227,,21.98870849609375,10.424568176269531,29.66283416748047,12.120672225952148,24.510046005249023,,11.270576477050781,32.15105438232422,20.133808135986328
2012-12-27,14.256715774536133,,21.948558807373047,10.386362075805664,29.615615844726562,12.10800838470459,24.55235481262207,,11.251179695129395,32.10272979736328,20.159605026245117
2012-12-28,14.077022552490234,,21.565610885620117,10.303577423095703,29.292932510375977,11.972909927368164,24.291467666625977,,11.138021469116211,31.788558959960938,19.99622344970703
2012-12-31,14.352299690246582,,22.056650161743164,10.437304496765137,29.828125,12.179780006408691,24.608766555786133,,11.289976119995117,32.126895904541016,20.39606285095215
2013-01-02,14.71168041229248,,22.544601440429688,10.742975234985352,30.544307708740234,12.585068702697754,25.243371963500977,,11.496893882751465,32.7633171081543,20.821699142456055
2013-01-03,14.604628562927246,,22.53841781616211,10.730238914489746,30.560047149658203,12.504854202270508,25.17991065979004,,11.496893882751465,32.80359649658203,20.873289108276367
2013-01-04,14.784318923950195,,22.788576126098633,10.857596397399902,30.78829002380371,12.454195976257324,25.25042724609375,,11.55509090423584,32.948604583740234,20.950681686401367
2013-01-07,14.753732681274414,,22.612548828125,10.832127571105957,30.65448760986328,12.437309265136719,25.081199645996094,,11.441930770874023,33.053321838378906,20.899091720581055
2013-01-08,14.776667594909668,,22.53841781616211,10.800289154052734,30.418378829956055,12.390870094299316,25.01069450378418,,11.406368255615234,33.06138610839844,20.838903427124023
2013-01-09,14.8722505569458,,22.501367568969727,10.787549018859863,30.72530746459961,12.41197681427002,25.06710433959961,,11.383737564086914,33.423892974853516,20.873289108276367
2013-01-10,14.937244415283203,,22.705190658569336,10.921284675598145,30.87484359741211,12.475301742553711,25.21516990661621,,11.432234764099121,33.657535552978516,20.993688583374023
2013-01-11,14.914313316345215,,22.73299217224121,10.895809173583984,30.764667510986328,12.492189407348633,25.32799530029297,,11.445164680480957,33.64947509765625,21.01087760925293
2013-01-14,14.918134689331055,,22.736072540283203,10.86396598815918,30.882728576660156,12.41197681427002,25.405561447143555,,11.422537803649902,33.68168640136719,21.062469482421875
2013-01-15,14.933423042297363,,22.83798599243164,10.908540725708008,30.96929168701172,12.331759452819824,25.483121871948242,,11.454865455627441,33.64140701293945,21.217243194580078
2013-01-16,14.826369285583496,,22.939903259277344,10.914912223815918,30.843366622924805,12.373981475830078,25.44786262512207,,11.39990234375,33.56890869140625,21.169950485229492
2013-01-17,14.941068649291992,,23.08504867553711,10.908540725708008,31.17392349243164,12.424643516540527,25.617097854614258,,11.445164680480957,33.866981506347656,21.393516540527344
2013-01-18,15.040472984313965,,23.313587188720703,10.921284675598145,31.42576789855957,12.407758712768555,25.72286033630371,,11.535691261291504,33.9797477722168,21.419315338134766
2013-01-22,15.185757637023926,,23.53594970703125,11.023170471191406,31.55170249938965,12.441529273986816,25.72991943359375,,11.632683753967285,34.076416015625,21.475200653076172
2013-01-23,15.101642608642578,,23.45564842224121,11.016802787780762,31.559553146362305,12.572404861450195,25.72286033630371,,11.603591918945312,34.03614807128906,21.492399215698242
2013-01-24,15.14752197265625,,23.523595809936523,11.074115753173828,31.748445510864258,12.357090950012207,25.793373107910156,,11.655317306518555,34.2536506652832,21.655776977539062
2013-01-25,15.201047897338867,,23.745948791503906,11.1250581741333,31.85076904296875,12.369758605957031,25.920284271240234,,11.713515281677246,34.51951217651367,21.883647918701172
2013-01-28,15.055767059326172,,23.7058048248291,11.080483436584473,31.87437629699707,12.41197681427002,25.94144058227539,,11.707048416137695,34.398658752441406,21.780460357666016
2013-01-29,15.139880180358887,,24.0887508392334,11.1250581741333,31.94520378112793,12.428863525390625,26.082475662231445,,11.787874221801758,34.769229888916016,21.694469451904297
2013-01-30,15.055767059326172,,23.96831512451172,11.074115753173828,31.654016494750977,12.390870094299316,26.033117294311523,,11.797575950622559,34.66451644897461,21.655776977539062
2013-01-31,14.918134689331055,,23.88800621032715,11.067747116088867,31.5438232421875,12.41197681427002,25.997852325439453,,11.826668739318848,34.567848205566406,21.552581787109375
2013-02-01,15.101642608642578,,24.110376358032227,11.214211463928223,31.85076904296875,12.551294326782227,26.209386825561523,,11.859000205993652,34.84173583984375,21.677276611328125
2013-02-04,14.9563627243042,,23.8818359375,11.086851119995117,31.575294494628906,12.386646270751953,25.962602615356445,,11.778172492980957,34.4550666809082,21.410715103149414
2013-02-05,15.03282642364502,,24.0887508392334,11.195108413696289,31.866500854492188,12.530187606811523,26.272850036621094,,11.810504913330078,34.83367919921875,21.638578414916992
2013-02-06,15.048124313354492,,24.104198455810547,11.214211463928223,31.87437629699707,12.525961875915527,26.30811309814453,,11.846070289611816,34.825618743896484,21.685871124267578
2013-02-07,14.967835426330566,,24.042428970336914,11.182372093200684,31.835020065307617,12.525961875915527,26.44913673400879,,11.862235069274902,34.69673538208008,21.638578414916992
2013-02-08,15.055767059326172,,24.26787757873535,11.207844734191895,31.9609432220459,12.635734558105469,26.42798614501953,,11.862235069274902,34.95452117919922,21.806249618530273
2013-02-11,15.036653518676758,,24.147438049316406,11.258790969848633,31.937328338623047,12.661060333251953,26.42798614501953,,11.89133358001709,34.88201904296875,21.733165740966797
2013-02-12,15.044295310974121,,24.212289810180664,11.347941398620605,32.0789794921875,12.61884593963623,26.3997745513916,,11.943061828613281,34.84173583984375,21.819149017333984
2013-02-13,15.09782600402832,,24.29875946044922,11.322469711303711,32.252132415771484,12.614620208740234,26.42798614501953,,11.943061828613281,34.81756591796875,21.866443634033203
2013-02-14,15.048124313354492,,24.508760452270508,11.36068058013916,32.299373626708984,12.580843925476074,26.484394073486328,,11.846070289611816,34.89008712768555,21.875036239624023
2013-02-15,15.044295310974121,,24.227720260620117,11.309734344482422,32.31510543823242,12.572404861450195,26.5196533203125,,11.871932983398438,34.970645904541016,21.900835037231445
2013-02-19,14.979302406311035,,24.508760452270508,11.41799259185791,32.55120849609375,12.656838417053223,26.787593841552734,,11.975395202636719,35.188140869140625,21.98252296447754
2013-02-20,14.55875301361084,,23.996109008789062,11.246055603027344,32.126216888427734,12.483742713928223,26.738245010375977,,11.952760696411133,34.962581634521484,21.647178649902344
2013-02-21,14.42494010925293,,23.82933807373047,11.156900405883789,31.890117645263672,12.382428169250488,26.822856903076172,,11.901029586791992,34.80147933959961,21.46660614013672
2013-02-22,14.616105079650879,,24.079486846923828,11.29699993133545,32.141963958740234,12.534407615661621,26.977981567382812,,12.02065658569336,34.95452117919922,21.58698081970215
2013-02-25,14.279653549194336,,23.449472427368164,10.991327285766602,31.480857849121094,12.357090950012207,26.611318588256836,,11.913962364196777,34.567848205566406,21.251628875732422
2013-02-26,14.432587623596191,,23.68109893798828,11.0486421585083,31.669750213623047,12.428863525390625,26.67478370666504,,11.94952392578125,34.65645217895508,21.462308883666992
2013-02-27,14.688737869262695,,24.042428970336914,11.220582008361816,32.267879486083984,12.534407615661621,26.872211456298828,,12.059452056884766,35.03507614135742,21.789060592651367
2013-02-28,14.715500831604004,,23.993017196655273,11.2014799118042,32.24428176879883,12.509077072143555,26.85811424255371,,12.101482391357422,35.00285339355469,21.896543502807617
2013-03-01,14.723150253295898,,24.02389907836914,11.233316421508789,32.189186096191406,12.530187606811523,26.94977378845215,,12.124115943908691,35.268707275390625,21.948131561279297
2013-03-04,14.742268562316895,,23.971399307250977,11.328839302062988,32.126216888427734,12.5681791305542,27.154254913330078,,12.246973991394043,35.4620361328125,22.141599655151367
2013-03-05,14.841667175292969,,24.125812530517578,11.424360275268555,32.58268356323242,12.741275787353516,27.245922088623047,,12.311636924743652,35.76817321777344,22.365171432495117
2013-03-06,14.971657752990723,,24.153606414794922,11.500777244567871,32.58268356323242,12.732830047607422,27.18246078491211,,12.305167198181152,35.84067153930664,22.34796905517578
2013-03-07,15.013711929321289,,24.277137756347656,11.5835599899292,32.606300354003906,12.762383460998535,27.18246078491211,,12.25020694732666,35.81651306152344,22.386667251586914
2013-03-08,15.136052131652832,,24.39449691772461,11.615403175354004,32.913230895996094,12.7877197265625,27.231815338134766,,12.27607250213623,35.880958557128906,22.623125076293945
2013-03-11,15.220165252685547,,24.406843185424805,11.704556465148926,33.0234260559082,12.817265510559082,27.260026931762695,,12.305167198181152,36.06624984741211,22.679018020629883
2013-03-12,15.2316312789917,,24.43464469909668,11.640875816345215,32.83452224731445,12.770824432373047,27.231815338134766,,12.27283763885498,36.22734451293945,22.614530563354492
2013-03-13,15.193400382995605,,24.37904930114746,11.672717094421387,32.991939544677734,12.762383460998535,27.302339553833008,,12.32779598236084,36.23540115356445,22.739208221435547
2013-03-14,15.285161972045898,,24.71259307861328,11.749134063720703,33.14934539794922,12.85525894165039,27.393997192382812,,12.353666305541992,36.267642974853516,22.76500701904297
2013-03-15,15.298213005065918,,24.693052291870117,11.788752555847168,33.174644470214844,12.801849365234375,27.274248123168945,,12.434868812561035,36.18996047973633,22.677906036376953
2013-03-18,15.190717697143555,,24.494508743286133,11.673737525939941,32.96913528442383,12.80609130859375,27.18921661376953,,12.366384506225586,35.95533752441406,22.505414962768555
2013-03-19,15.125456809997559,,24.224626541137695,11.609840393066406,32.93749237060547,12.789133071899414,27.41596221923828,,12.398999214172363,35.9796142578125,22.34585952758789
2013-03-20,15.24062728881836,,24.361116409301758,11.68651294708252,32.97703552246094,12.852717399597168,27.678152084350586,,12.490310668945312,36.278968811035156,22.60458755493164
2013-03-21,14.979580879211426,,24.237028121948242,11.54594612121582,32.6450309753418,12.70859146118164,27.593120574951172,,12.428349494934082,36.076698303222656,22.41485023498535
2013-03-22,14.998772621154785,,24.429365158081055,11.616229057312012,32.89798355102539,12.789133071899414,27.848215103149414,,12.447911262512207,36.35176467895508,22.690841674804688
2013-03-25,14.8836030960083,,24.336299896240234,11.584280967712402,32.60552215576172,12.759459495544434,27.826967239379883,,12.421825408935547,36.24660110473633,22.65203094482422
2013-03-26,14.987253189086914,,24.593774795532227,11.660956382751465,32.771507263183594,12.840001106262207,28.089157104492188,,12.539227485656738,36.66731643676758,22.764148712158203
2013-03-27,14.983415603637695,,24.674434661865234,11.603452682495117,32.771507263183594,12.80609130859375,28.06789207458496,,12.597930908203125,36.853397369384766,22.772764205932617
2013-03-28,15.041003227233887,,24.603086471557617,11.635396957397461,33.00864791870117,12.831523895263672,28.18126678466797,,12.751203536987305,37.17703628540039,22.854703903198242
2013-04-01,14.910482406616211,,24.55344581604004,11.57789134979248,32.60552215576172,12.746742248535156,28.16709327697754,,12.72185230255127,37.27412033081055,22.68220329284668
2013-04-02,14.764592170715332,,24.413848876953125,11.648179054260254,32.50276184082031,12.797612190246582,28.471786499023438,,12.764250755310059,37.816200256347656,22.871950149536133
2013-04-03,14.641748428344727,,23.957836151123047,11.456493377685547,32.30514907836914,12.69587516784668,28.160005569458008,,12.728377342224121,37.58966064453125,22.660648345947266
2013-04-04,14.768438339233398,,23.926809310913086,11.558724403381348,32.44744873046875,12.700113296508789,28.308813095092773,,12.849039077758789,37.75956344604492,22.790014266967773
2013-04-05,14.707018852233887,,23.97956085205078,11.520387649536133,32.384193420410156,12.602612495422363,28.103313446044922,,12.904480934143066,37.54921340942383,22.677906036376953
2013-04-08,14.753080368041992,,24.140869140625,11.635396957397461,32.57390213012695,12.65772533416748,28.42219352722168,,13.002309799194336,37.58156967163086,22.936620712280273
2013-04-09,14.925835609436035,,24.34560775756836,11.667342185974121,32.67665481567383,12.746742248535156,28.393848419189453,,12.963179588317871,37.70292282104492,22.87626075744629
2013-04-10,15.029492378234863,,24.475889205932617,11.827085494995117,33.111392974853516,12.97141170501709,28.606426239013672,,13.067537307739258,38.334022521972656,23.143625259399414
2013-04-11,15.094747543334961,,24.581369400024414,11.852640151977539,33.1983528137207,12.929021835327148,28.74106216430664,,13.09688949584961,38.70618438720703,23.337663650512695
2013-04-12,14.872086524963379,,24.19670295715332,11.801522254943848,33.00864791870117,12.87391471862793,28.84734535217285,,13.152326583862305,38.77900314331055,23.46272087097168
2013-04-15,14.323118209838867,,23.210220336914062,11.55233383178711,32.00480270385742,12.66196060180664,28.386764526367188,,12.963179588317871,38.07510757446289,22.8460750579834
2013-04-16,14.584173202514648,,23.495620727539062,11.731240272521973,32.439537048339844,12.818801879882812,28.918209075927734,,13.119717597961426,38.625274658203125,23.17380714416504
2013-04-17,14.369185447692871,,22.98066520690918,11.513997077941895,31.90203285217285,12.555989265441895,28.670204162597656,,13.044707298278809,38.44728088378906,22.936620712280273
2013-04-18,14.326955795288086,,23.176095962524414,11.392596244812012,31.759754180908203,12.42457389831543,28.613513946533203,,13.08710765838623,37.978031158447266,22.686519622802734
2013-04-19,14.49587345123291,,23.129562377929688,11.55233383178711,31.917842864990234,12.441534042358398,29.0599308013916,,13.2827730178833,38.51201248168945,22.958189010620117
2013-04-22,14.634075164794922,,23.37774085998535,11.565115928649902,31.957372665405273,12.539029121398926,29.130788803100586,,13.266470909118652,38.74665451049805,23.0573787689209
2013-04-23,14.760762214660645,,23.647626876831055,11.77596664428711,32.18659591674805,12.67467975616455,29.357540130615234,,13.29908275604248,38.98936462402344,23.29022979736328
2013-04-24,14.983415603637695,,23.96404266357422,11.846253395080566,32.51857376098633,12.69587516784668,28.889869689941406,,13.34147834777832,38.31783676147461,23.307479858398438
2013-04-25,15.148491859436035,,23.9826602935791,11.916540145874023,32.684574127197266,12.738265037536621,28.981996536254883,,13.34473705291748,38.47154998779297,23.505840301513672
2013-04-26,14.93350887298584,,23.94232749938965,11.8654203414917,32.58971405029297,12.734025955200195,28.974903106689453,,13.364302635192871,38.463462829589844,23.40235137939453
2013-04-29,15.160009384155273,,24.18428611755371,11.916540145874023,32.755714416503906,12.916304588317871,29.067018508911133,,13.475187301635742,38.58483123779297,23.48427963256836
2013-04-30,15.183045387268066,,24.280460357666016,11.948488235473633,32.763614654541016,13.056190490722656,29.010337829589844,,13.511054992675781,38.29356002807617,23.548969268798828
2013-05-01,14.914322853088379,,23.902008056640625,11.814308166503906,32.33677291870117,12.94173526763916,28.981996536254883,,13.377350807189941,37.889015197753906,23.423906326293945
2013-05-02,15.021807670593262,,24.215316772460938,11.916540145874023,32.73989486694336,13.1070556640625,29.08828353881836,,13.361043930053711,38.30974197387695,23.6524600982666
2013-05-03,15.286694526672363,,24.652706146240234,12.044329643249512,33.30111312866211,13.22999095916748,29.215829849243164,,13.334955215454102,38.56864547729492,23.94999885559082
2013-05-06,15.328923225402832,,24.820228576660156,12.17212200164795,33.514522552490234,13.293573379516602,29.003244400024414,,13.149066925048828,38.31783676147461,24.02762794494629
2013-05-07,15.474801063537598,,25.012571334838867,12.236018180847168,33.82279586791992,13.28509521484375,29.222911834716797,,13.276249885559082,38.43918228149414,24.230287551879883
2013-05-08,15.609161376953125,,25.05289077758789,12.338249206542969,34.03620910644531,13.391075134277344,29.258333206176758,,13.158851623535156,38.552459716796875,24.24754524230957
2013-05-09,15.589973449707031,,25.031179428100586,12.248795509338379,34.03620910644531,13.352924346923828,29.052858352661133,,12.959918022155762,38.601009368896484,24.290668487548828
2013-05-10,15.574614524841309,,24.900894165039062,12.299910545349121,34.138973236083984,13.391075134277344,29.16622543334961,,12.989265441894531,38.98128890991211,24.480398178100586
2013-05-13,15.46328353881836,,24.897790908813477,12.338249206542969,34.00459289550781,13.357163429260254,29.215829849243164,,12.920784950256348,39.30489730834961,24.484710693359375
2013-05-14,15.655234336853027,,25.251432418823242,12.549104690551758,34.42353057861328,13.399551391601562,29.563039779663086,,13.008832931518555,39.701358795166016,24.73482322692871
2013-05-15,15.743529319763184,,25.180078506469727,12.664119720458984,34.565818786621094,13.44194221496582,29.853580474853516,,13.132763862609863,39.91170883178711,24.86849594116211
2013-05-16,15.670588493347168,,25.055988311767578,12.58105754852295,34.39190673828125,13.514001846313477,29.676424026489258,,13.025138854980469,39.49907684326172,24.579587936401367
2013-05-17,15.83950138092041,,25.47478485107422,12.74717903137207,34.91359329223633,13.649660110473633,29.718936920166016,,13.149066925048828,39.72563552856445,24.816755294799805
2013-05-20,15.8548583984375,,25.834636688232422,12.772738456726074,35.016353607177734,13.649660110473633,29.414236068725586,,13.083845138549805,39.450538635253906,24.743457794189453
2013-05-21,15.835665702819824,,25.781892776489258,12.80469036102295,35.063785552978516,13.607263565063477,29.442575454711914,,13.109931945800781,39.87934875488281,24.85556411743164
2013-05-22,15.620678901672363,,25.484092712402344,12.670507431030273,34.75551223754883,13.45889949798584,29.39297103881836,,12.888175964355469,39.87934875488281,24.618392944335938
2013-05-23,15.6283597946167,,25.496509552001953,12.593831062316895,34.660667419433594,13.454656600952148,29.272518157958984,,12.80012035369873,39.8631591796875,24.56664276123047
2013-05-24,15.574614524841309,,25.347593307495117,12.606613159179688,34.54999923706055,13.433465003967285,29.548866271972656,,12.6631498336792,39.74179458618164,24.49333953857422
2013-05-28,15.716655731201172,,25.614381790161133,12.734402656555176,34.7318115234375,13.497053146362305,29.598482131958008,,12.516401290893555,40.14634323120117,24.73051643371582
2013-05-29,15.666749000549316,,25.55854034423828,12.734402656555176,34.53418731689453,13.463138580322266,29.03158950805664,,12.330511093139648,39.5152587890625,24.476089477539062
2013-05-30,15.716655731201172,,25.49961280822754,12.887755393981934,34.73971176147461,13.547920227050781,28.918209075927734,,12.36312198638916,39.798439025878906,24.476089477539062
2013-05-31,15.470964431762695,,24.97223663330078,12.676895141601562,34.407737731933594,13.420747756958008,28.379661560058594,,12.288115501403809,38.92462921142578,24.200105667114258
2013-06-03,15.547741889953613,,25.21420669555664,12.689677238464355,34.5737190246582,13.488571166992188,28.691465377807617,,12.314205169677734,39.13499450683594,24.30790901184082
2013-06-04,15.528544425964355,,25.015663146972656,12.574665069580078,34.384002685546875,13.429222106933594,28.69855308532715,,12.271811485290527,38.892269134521484,24.2216739654541
2013-06-05,15.183045387268066,,24.724069595336914,12.370196342468262,33.759552001953125,13.297819137573242,28.35133934020996,,12.16418743133545,38.325927734375,23.820636749267578
2013-06-06,15.282857894897461,,24.91019630432129,12.542713165283203,33.97298049926758,13.327488899230957,28.471786499023438,,12.307682037353516,38.884185791015625,24.070743560791016
2013-06-07,15.424896240234375,,25.2235164642334,12.75996208190918,34.61323165893555,13.450420379638672,28.826107025146484,,12.3826904296875,39.24016571044922,24.510587692260742
2013-06-10,15.49783706665039,,25.152162551879883,12.766351699829102,34.51047134399414,13.480093955993652,28.826107025146484,,12.37942886352539,39.29680633544922,24.437280654907227
2013-06-11,15.282857894897461,,24.770605087280273,12.555496215820312,34.19430160522461,13.340205192565918,28.755231857299805,,12.297895431518555,39.13499450683594,24.19578742980957
2013-06-12,15.206073760986328,,24.61859893798828,12.421314239501953,33.9571647644043,13.251187324523926,28.613513946533203,,12.177234649658203,38.73854446411133,23.928434371948242
2013-06-13,15.486318588256836,,25.031179428100586,12.657727241516113,34.455142974853516,13.403791427612305,28.911123275756836,,12.376163482666016,39.33726501464844,24.376911163330078
2013-06-14,15.374987602233887,,24.789215087890625,12.49160099029541,34.22592544555664,13.302051544189453,28.840267181396484,,12.392476081848145,39.27253723144531,24.299285888671875
2013-06-17,15.505512237548828,,25.145954132080078,12.613004684448242,34.49467086791992,13.424988746643066,29.095375061035156,,12.431607246398926,39.36155319213867,24.432968139648438
2013-06-18,15.574614524841309,,25.288652420043945,12.696064949035645,34.89779281616211,13.530962944030762,29.20166015625,,12.516401290893555,39.69326400756836,24.68307113647461
2013-06-19,15.455611228942871,,25.055988311767578,12.52354621887207,34.36819839477539,13.374117851257324,28.6205997467041,,12.229412078857422,39.06218338012695,24.402774810791016
2013-06-20,15.056358337402344,,24.323896408081055,12.255182266235352,33.58566665649414,13.077383995056152,27.756099700927734,,11.8837308883667,38.05892562866211,23.76457977294922
2013-06-21,15.00529956817627,,24.36566162109375,12.266091346740723,33.606319427490234,12.998566627502441,28.122699737548828,,12.038910865783691,38.434410095214844,23.810428619384766
2013-06-24,14.765457153320312,,24.00408363342285,12.047969818115234,33.04224395751953,12.840930938720703,28.008588790893555,,12.029029846191406,38.10931396484375,23.59412956237793
2013-06-25,14.854434967041016,,24.312664031982422,12.272506713867188,33.4156494140625,12.947443008422852,28.05137825012207,,12.187176704406738,38.30436706542969,23.806106567382812
2013-06-26,14.924065589904785,,24.462282180786133,12.39439868927002,33.741371154785156,13.024131774902344,28.343807220458984,,12.342021942138672,38.85704040527344,24.104610443115234
2013-06-27,14.916326522827148,,24.509042739868164,12.554781913757324,34.07505798339844,13.088038444519043,28.47218132019043,,12.368388175964355,38.99519729614258,24.312246322631836
2013-06-28,14.835091590881348,,24.406185150146484,12.477794647216797,33.87644958496094,13.032654762268066,28.29387855529785,,12.39803695678711,38.694488525390625,24.39876937866211
2013-07-01,14.92019271850586,,24.580734252929688,12.516289710998535,34.218074798583984,13.10081958770752,28.500707626342773,,12.243185043334961,38.8001594543457,24.567485809326172
2013-07-02,14.873772621154785,,24.633729934692383,12.529119491577148,33.85261535644531,13.122123718261719,28.536380767822266,,12.239887237548828,38.7188606262207,24.610742568969727
2013-07-03,14.877636909484863,,24.618133544921875,12.490628242492676,33.868499755859375,13.198811531066895,28.47930908203125,,12.19376277923584,38.6619873046875,24.723222732543945
2013-07-05,14.978216171264648,,24.923603057861328,12.715163230895996,34.40080261230469,13.28402042388916,28.550634384155273,,12.157520294189453,39.19027328491211,24.991439819335938
2013-07-08,15.06331729888916,,25.085697174072266,12.811392784118652,34.496131896972656,13.275497436523438,28.835933685302734,,12.33213996887207,39.409690856933594,25.225038528442383
2013-07-09,15.295414924621582,,25.34127426147461,12.920455932617188,34.980770111083984,13.326623916625977,29.04990005493164,,12.421097755432129,39.52348327636719,25.32453727722168
2013-07-10,15.291549682617188,,25.18543243408203,12.84347152709961,34.97282791137695,13.369222640991211,29.08555793762207,,12.490288734436035,39.7835578918457,25.35050392150879
2013-07-11,15.539128303527832,,25.388025283813477,12.965359687805176,35.52895736694336,13.595026969909668,29.542030334472656,,12.691266059875488,40.295597076416016,25.713876724243164
2013-07-12,15.484971046447754,,25.53142738342285,13.05517578125,35.31443786621094,13.603551864624023,29.549152374267578,,12.730801582336426,40.539405822753906,25.835002899169922
2013-07-15,15.523659706115723,,25.50960350036621,13.1129150390625,35.44157028198242,13.641895294189453,29.59196662902832,,12.938371658325195,40.58003234863281,25.77012062072754
2013-07-16,15.407598495483398,,25.35375213623047,13.06159496307373,35.25088882446289,13.650416374206543,29.484973907470703,,12.869183540344238,40.34434509277344,25.631683349609375
2013-07-17,15.550731658935547,,25.465959548950195,13.119332313537598,35.35416793823242,13.663195610046387,29.542030334472656,,12.862594604492188,40.45001220703125,25.644664764404297
2013-07-18,15.558465957641602,,25.737154006958008,13.292542457580566,35.71167755126953,13.629112243652344,29.641891479492188,,12.974611282348633,40.56379318237305,25.791751861572266
2013-07-19,15.659043312072754,,26.09560775756836,13.298959732055664,36.07713317871094,13.399046897888184,29.813060760498047,,12.977906227111816,41.10020065307617,25.77012062072754
2013-07-22,15.674517631530762,,26.011442184448242,13.388771057128906,36.10097885131836,13.437392234802246,29.748863220214844,,12.964726448059082,41.303401947021484,25.752811431884766
2013-07-23,15.720937728881836,,26.055082321166992,13.337450981140137,36.07713317871094,13.382009506225586,29.691810607910156,,12.997676849365234,41.157081604003906,25.71820640563965
2013-07-24,15.573944091796875,,25.765199661254883,13.241220474243164,35.79908752441406,13.471476554870605,29.499231338500977,,12.799991607666016,41.09207534790039,25.631683349609375
2013-07-25,15.720937728881836,,25.93663787841797,13.254048347473145,35.81496810913086,13.479996681213379,29.656145095825195,,12.918597221374512,41.295257568359375,25.66629409790039
2013-07-26,15.66291332244873,,25.871171951293945,13.241220474243164,35.69578552246094,13.518342018127441,29.620485305786133,,12.964726448059082,41.563446044921875,25.748493194580078
2013-07-29,15.75188159942627,,25.65610122680664,13.14499282836914,35.6004638671875,13.497035026550293,29.556291580200195,,12.987791061401367,41.44154357910156,25.614381790161133
2013-07-30,15.713205337524414,,25.60622787475586,13.138575553894043,35.75141143798828,13.56520938873291,29.527774810791016,,13.030624389648438,41.44966125488281,25.549497604370117
2013-07-31,15.659043312072754,,25.69038963317871,13.14499282836914,35.8785285949707,13.518342018127441,29.52063751220703,,12.935073852539062,41.465919494628906,25.683595657348633
2013-08-01,15.775100708007812,,26.108064651489258,13.356696128845215,36.490272521972656,13.663195610046387,29.76312828063965,,13.04379940032959,41.72599792480469,26.08159828186035
2013-08-02,15.8640718460083,,25.992738723754883,13.350279808044434,36.56175994873047,13.722841262817383,29.777395248413086,,13.02733039855957,41.74226379394531,26.26761245727539
2013-08-05,15.821510314941406,,25.930397033691406,13.324618339538574,36.41877746582031,13.752659797668457,29.79880142211914,,12.941665649414062,41.68537139892578,26.211374282836914
2013-08-06,15.674517631530762,,25.77143669128418,13.202730178833008,36.148651123046875,13.680240631103516,29.76312828063965,,12.875774383544922,41.49030685424805,26.103225708007812
2013-08-07,15.682257652282715,,25.681034088134766,13.1129150390625,36.09303283691406,13.646151542663574,29.620485305786133,,12.935073852539062,41.5228271484375,25.873950958251953
2013-08-08,15.914351463317871,,25.8212947845459,13.14499282836914,36.259857177734375,13.688761711120605,29.777395248413086,,12.984503746032715,41.5228271484375,26.04698944091797
2013-08-09,16.00718879699707,,25.743377685546875,13.10008430480957,36.14069747924805,13.620588302612305,29.649023056030273,,12.895541191101074,41.37651824951172,25.990747451782227
2013-08-12,15.983988761901855,,25.634275436401367,13.048762321472168,36.18836975097656,13.710062980651855,29.563425064086914,,12.82634449005127,41.20585250854492,25.956140518188477
2013-08-13,16.042016983032227,,25.681034088134766,13.1129150390625,36.347267150878906,13.803791999816895,29.584827423095703,,12.757162094116211,41.360267639160156,25.956140518188477
2013-08-14,16.00718879699707,,25.562591552734375,13.06159496307373,36.09303283691406,13.791008949279785,29.377986907958984,,12.674795150756836,41.03517150878906,25.670623779296875
2013-08-15,15.891149520874023,,25.42230796813965,12.869132041931152,35.687835693359375,13.569467544555664,28.907255172729492,,12.513347625732422,40.34434509277344,25.22071647644043
2013-08-16,15.76735782623291,,25.3194637298584,12.84347152709961,35.73551940917969,13.556684494018555,28.736095428466797,,12.368388175964355,40.15741729736328,25.12986946105957
2013-08-19,15.643576622009277,,24.917367935180664,12.676671981811523,35.544837951660156,13.514081954956055,28.607704162597656,,12.26294994354248,40.23056411743164,25.02172088623047
2013-08-20,15.732542037963867,,25.07010269165039,12.798562049865723,35.608402252197266,13.535378456115723,28.614816665649414,,12.378268241882324,40.34434509277344,25.276948928833008
2013-08-21,15.612628936767578,,24.93296241760254,12.708745956420898,35.36211395263672,13.505559921264648,28.393735885620117,,12.23659610748291,40.10052490234375,25.060653686523438
2013-08-22,15.79830551147461,,25.303884506225586,12.856303215026855,35.84675216674805,13.56520938873291,28.514972686767578,,12.305781364440918,40.360595703125,25.311561584472656
2013-08-23,15.925956726074219,,25.484670639038086,12.869132041931152,35.85468292236328,13.663195610046387,28.679019927978516,,12.407919883728027,40.46626281738281,25.315889358520508
2013-08-26,15.925956726074219,,25.441030502319336,12.785730361938477,35.775245666503906,13.599291801452637,28.343807220458984,,12.315667152404785,40.523155212402344,25.26397132873535
2013-08-27,15.647435188293457,,25.28205680847168,12.477794647216797,35.05226516723633,13.360701560974121,28.194019317626953,,12.309075355529785,39.86482238769531,24.852996826171875
2013-08-28,15.616497039794922,,25.702863693237305,12.497044563293457,35.08404541015625,13.369222640991211,27.980052947998047,,12.351907730102539,40.03550338745117,24.987112045288086
2013-08-29,15.666781425476074,,25.434791564941406,12.529119491577148,35.187339782714844,13.441655158996582,28.094181060791016,,12.279422760009766,40.15741729736328,25.108234405517578
2013-08-30,15.639704704284668,,25.425445556640625,12.471380233764648,34.988704681396484,13.37774658203125,28.17976188659668,,12.289307594299316,40.00299072265625,24.952505111694336
2013-09-03,15.732542037963867,,25.612470626831055,12.574024200439453,35.21116638183594,13.390528678894043,28.158374786376953,,12.147635459899902,40.2630729675293,25.12986946105957
2013-09-04,15.879538536071777,,25.74962043762207,12.670256614685059,35.56867599487305,13.518342018127441,28.336668014526367,,12.147635459899902,40.72634506225586,25.393754959106445
2013-09-05,15.90661907196045,,25.83688735961914,12.702333450317383,35.656063079833984,13.526863098144531,28.29387855529785,,12.09821605682373,40.783233642578125,25.40241241455078
2013-09-06,15.8872709274292,,25.833772659301758,12.702333450317383,35.64019012451172,13.535378456115723,28.365205764770508,,12.183876991271973,40.79948425292969,25.37212371826172
2013-09-09,16.127111434936523,,26.123655319213867,12.849882125854492,36.08509063720703,13.697275161743164,28.564895629882812,,12.22670841217041,41.05143737792969,25.597078323364258
2013-09-10,16.270244598388672,,26.133005142211914,13.003853797912598,36.60944747924805,13.782485008239746,28.593435287475586,,12.32225513458252,41.31150436401367,25.843666076660156
2013-09-11,16.370817184448242,,26.33249855041504,13.016683578491211,36.76039123535156,13.718585014343262,28.80027198791504,,12.200353622436523,41.58782958984375,26.034008026123047
2013-09-12,16.20060920715332,,26.176647186279297,12.920455932617188,36.60944747924805,13.73136043548584,28.807403564453125,,12.167404174804688,41.5228271484375,25.97344207763672
2013-09-13,16.30892562866211,,26.167293548583984,12.95895004272461,36.71272659301758,13.744140625,29.04276466369629,,12.259659767150879,41.620338439941406,26.04698944091797
2013-09-16,16.490737915039062,,26.161062240600586,13.10008430480957,37.189414978027344,13.722841262817383,29.306663513183594,,12.292607307434082,41.99421310424805,26.163782119750977
2013-09-17,16.444311141967773,,26.279504776000977,13.164236068725586,37.34830093383789,13.791008949279785,29.40652084350586,,12.365083694458008,42.018585205078125,26.315202713012695
2013-09-18,16.823413848876953,,26.597434997558594,13.279711723327637,37.81705093383789,13.965688705444336,29.755996704101562,,12.734099388122559,42.2786750793457,26.618019104003906
2013-09-19,16.765390396118164,,26.531986236572266,13.228385925292969,37.944156646728516,13.974206924438477,29.620485305786133,,12.674795150756836,42.14049530029297,26.60936164855957
2013-09-20,16.569454193115234,,26.316858291625977,13.158185958862305,37.48044204711914,13.874882698059082,29.413055419921875,,12.483525276184082,42.061344146728516,26.448833465576172
2013-09-23,16.445039749145508,,26.188457489013672,12.97140884399414,37.3607292175293,13.917699813842773,29.283859252929688,,12.633211135864258,41.76754379272461,26.244916915893555
2013-09-24,16.43726921081543,,26.2135009765625,12.887681007385254,37.49639892578125,13.857762336730957,29.147489547729492,,12.626561164855957,41.555355072021484,26.314334869384766
2013-09-25,16.480039596557617,,26.20724105834961,12.958526611328125,37.32880783081055,13.836356163024902,28.90345573425293,,12.540080070495605,41.228939056396484,26.1538028717041
2013-09-26,16.58888053894043,,26.254222869873047,12.958526611328125,37.49639892578125,13.887725830078125,29.05418586730957,,12.52344799041748,41.37582778930664,26.40110969543457
2013-09-27,16.39061737060547,,26.163406372070312,12.913442611694336,37.25696563720703,13.802108764648438,28.874746322631836,,12.44361686706543,41.37582778930664,26.40545082092285
2013-09-30,16.332300186157227,,25.962997436523438,12.823274612426758,37.04145431518555,13.716489791870117,28.566125869750977,,12.430314064025879,41.28605270385742,26.3056583404541
2013-10-01,16.402273178100586,,26.12897300720215,12.913442611694336,37.27292251586914,13.836356163024902,28.738380432128906,,12.466904640197754,41.808353424072266,26.518247604370117
2013-10-02,16.445039749145508,,26.188457489013672,12.90700626373291,37.09732437133789,13.84063720703125,28.673786163330078,,12.480203628540039,41.71042251586914,26.50958251953125
2013-10-03,16.305091857910156,,25.959861755371094,12.810395240783691,36.69029235839844,13.7207670211792,28.53023338317871,,12.33384895324707,41.34318161010742,26.210206985473633
2013-10-04,16.542236328125,,26.22291374206543,12.913442611694336,36.92973327636719,13.776424407958984,28.573305130004883,,12.357132911682129,41.800193786621094,26.457508087158203
2013-10-07,16.34007453918457,,26.006847381591797,12.76530933380127,36.67433166503906,13.716489791870117,28.4799861907959,,12.297263145446777,41.33502197265625,26.084379196166992
2013-10-08,16.07959747314453,,25.728134155273438,12.604293823242188,36.259300231933594,13.498152732849121,28.4799861907959,,12.383742332458496,40.73926544189453,25.67220687866211
2013-10-09,16.102922439575195,,25.637331008911133,12.649378776550293,36.24332046508789,13.54952621459961,28.50152015686035,,12.433637619018555,40.66581344604492,25.555049896240234
2013-10-10,16.445039749145508,,26.113311767578125,13.010059356689453,37.17714309692383,13.776424407958984,29.032665252685547,,12.61991024017334,41.61249923706055,26.149465560913086
2013-10-11,16.542236328125,,26.3951358795166,13.08089828491211,37.35275650024414,13.892012596130371,29.118783950805664,,12.679781913757324,41.808353424072266,26.375080108642578
2013-10-14,16.600547790527344,,26.57362174987793,13.145303726196289,37.49639892578125,13.939101219177246,29.240802764892578,,12.609931945800781,42.11030578613281,26.483549118041992
2013-10-15,16.499465942382812,,26.476558685302734,13.048694610595703,37.12128448486328,13.853484153747559,28.975234985351562,,12.433637619018555,41.84100341796875,26.231897354125977
2013-10-16,16.666645050048828,,26.8742618560791,13.32564640045166,37.36868667602539,13.986191749572754,29.405881881713867,,12.546732902526855,42.6978759765625,26.55729866027832
2013-10-17,16.88435173034668,,26.930618286132812,13.441575050354004,37.656028747558594,13.99047565460205,29.736038208007812,,12.749631881713867,43.05696105957031,26.75255012512207
2013-10-18,16.934892654418945,,27.2249755859375,13.467340469360352,38.063072204589844,14.23021411895752,29.779109954833984,,12.782901763916016,42.885597229003906,26.91741943359375
2013-10-21,16.93100357055664,,27.10284423828125,13.441575050354004,38.15887451171875,14.307271957397461,29.714509963989258,,12.7562894821167,42.665252685546875,26.98684310913086
2013-10-22,17.175939559936523,,27.253164291381836,13.467340469360352,38.41426086425781,14.30299186706543,30.087726593017578,,12.919278144836426,43.06513214111328,27.1690616607666
2013-10-23,17.06319236755371,,26.827272415161133,13.357847213745117,38.43022537231445,14.234496116638184,30.145151138305664,,12.929253578186035,42.983524322509766,26.995515823364258
2013-10-24,17.148723602294922,,26.955663681030273,13.377165794372559,38.71754837036133,14.268741607666016,30.087726593017578,,12.902641296386719,42.983524322509766,27.264514923095703
2013-10-25,17.199260711669922,,27.11850357055664,13.43513298034668,38.91708755493164,14.341519355773926,30.159509658813477,,13.039022445678711,43.040653228759766,27.468433380126953
2013-10-28,17.113727569580078,,27.140422821044922,13.402929306030273,38.861228942871094,14.388612747192383,30.55427360534668,,13.012410163879395,43.18754196166992,27.41636848449707
2013-10-29,17.148723602294922,,27.331436157226562,13.441575050354004,38.972957611083984,14.482793807983398,30.819835662841797,,13.02903938293457,43.473175048828125,27.576906204223633
2013-10-30,17.04374885559082,,27.146692276000977,13.390048027038574,38.79737091064453,14.452834129333496,30.55427360534668,,12.94588565826416,43.23651123046875,27.442401885986328
2013-10-31,17.01654052734375,,27.052745819091797,13.2483549118042,38.80534362792969,14.405735969543457,30.396358489990234,,12.89931583404541,43.06513214111328,27.511821746826172
2013-11-01,16.9776668548584,,26.955663681030273,13.280553817749023,39.08469772338867,14.410017967224121,30.511220932006836,,12.992456436157227,43.350772857666016,27.576906204223633
2013-11-04,17.047649383544922,,27.29074478149414,13.287001609802246,39.228370666503906,14.46567153930664,30.53990936279297,,13.019062995910645,43.383392333984375,27.67235565185547
2013-11-05,16.97377586364746,,27.043354034423828,13.216151237487793,39.18844985961914,14.427140235900879,30.597335815429688,,12.925928115844727,43.23651123046875,27.67235565185547
2013-11-06,17.09040641784668,,27.124771118164062,13.280553817749023,39.30019760131836,14.572699546813965,30.92748260498047,,13.102216720581055,43.13859558105469,27.602933883666992
2013-11-07,16.864919662475586,,26.70514678955078,13.132420539855957,38.885169982910156,14.384328842163086,30.475309371948242,,12.979144096374512,42.755008697509766,27.03022575378418
2013-11-08,17.179819107055664,,27.10284423828125,13.43513298034668,39.41193389892578,14.512764930725098,30.62603187561035,,12.955862998962402,43.383392333984375,27.459758758544922
2013-11-11,17.17205047607422,,27.1529483795166,13.441575050354004,39.3800048828125,14.529885292053223,30.53274154663086,,12.95253849029541,43.48949432373047,27.50313949584961
2013-11-12,17.117612838745117,,26.90243911743164,13.312764167785645,39.395973205566406,14.568415641784668,30.582971572875977,,12.842764854431152,43.46501159667969,27.45541763305664
2013-11-13,17.210922241210938,,27.137287139892578,13.428692817687988,39.627437591552734,14.692570686340332,30.841360092163086,,12.905970573425293,43.7098388671875,27.88929557800293
2013-11-14,17.354768753051758,,27.30011749267578,13.544625282287598,39.7790641784668,14.654038429260254,31.06385612487793,,13.019062995910645,44.07709503173828,28.08453941345215
2013-11-15,17.467510223388672,,27.450448989868164,13.60903549194336,39.91476058959961,14.684009552001953,31.099754333496094,,13.09557056427002,44.330081939697266,28.179981231689453
2013-11-18,17.358657836914062,,27.240633010864258,13.602590560913086,39.978607177734375,14.628349304199219,31.006439208984375,,13.078934669494629,44.13422393798828,27.958717346191406
2013-11-19,17.304229736328125,,27.287612915039062,13.621914863586426,39.6912841796875,14.57697868347168,30.891605377197266,,12.982474327087402,44.183170318603516,27.83721923828125
2013-11-20,17.164274215698242,,27.221843719482422,13.583267211914062,39.51568603515625,14.529885292053223,30.762418746948242,,12.839442253112793,44.31375503540039,27.69405174255371
2013-11-21,17.304229736328125,,27.48174285888672,13.7764892578125,39.834957122802734,14.654038429260254,30.819835662841797,,12.869379997253418,44.493289947509766,27.980398178100586
2013-11-22,17.39365005493164,,27.628944396972656,13.840893745422363,40.186126708984375,14.624072074890137,30.97772789001465,,12.859399795532227,45.08904266357422,28.136594772338867
2013-11-25,17.2847900390625,,27.378419876098633,13.860217094421387,40.098331451416016,14.624072074890137,30.92748260498047,,12.8095064163208,45.26857376098633,28.162633895874023
2013-11-26,17.242019653320312,,27.309520721435547,13.847332954406738,40.17814636230469,14.675442695617676,30.89879035949707,,12.68310546875,45.138004302978516,28.32750129699707
2013-11-27,17.253684997558594,,27.124771118164062,13.885980606079102,40.337764739990234,14.791036605834961,30.920324325561523,,12.656498908996582,45.12168502807617,28.435976028442383
2013-11-29,17.238143920898438,,27.068403244018555,13.834453582763672,40.22602081298828,14.85096263885498,30.870071411132812,,12.649847030639648,45.09720230102539,28.461997985839844
2013-12-02,17.19537353515625,,27.087188720703125,13.828008651733398,40.058414459228516,14.803875923156738,30.704992294311523,,12.596625328063965,45.113521575927734,28.32750129699707
2013-12-03,16.99321174621582,,27.1529483795166,13.686318397521973,39.7152214050293,14.83812141418457,30.855714797973633,,12.659823417663574,44.7218017578125,28.05850601196289
2013-12-04,17.074853897094727,,27.065271377563477,13.718521118164062,39.55558776855469,14.85096263885498,30.783935546875,,12.716368675231934,44.56673812866211,27.99341583251953
2013-12-05,16.9776668548584,,26.974462509155273,13.58970832824707,39.571556091308594,14.803875923156738,30.50403594970703,,12.613256454467773,44.4851188659668,28.02379035949707
2013-12-06,17.210922241210938,,27.05900764465332,13.7764892578125,40.17814636230469,14.9066162109375,30.920324325561523,,12.786218643188477,45.06455993652344,28.25807762145996
2013-12-09,17.300338745117188,,27.096588134765625,13.834453582763672,40.28191375732422,14.953707695007324,31.027973175048828,,12.709717750549316,45.154327392578125,28.236392974853516
2013-12-10,17.350881576538086,,27.015155792236328,13.782927513122559,40.194095611572266,14.92374324798584,30.762418746948242,,12.583320617675781,44.974796295166016,28.253746032714844
2013-12-11,17.0554141998291,,26.63313102722168,13.596148490905762,39.56357955932617,14.78675365447998,30.81266212463379,,12.480203628540039,44.19950485229492,27.99341583251953
2013-12-12,17.02042579650879,,26.7458553314209,13.596148490905762,39.60348892211914,14.688283920288086,30.389179229736328,,12.496837615966797,43.881221771240234,27.90665054321289
2013-12-13,17.10207176208496,,26.65816879272461,13.60903549194336,39.72321701049805,14.641191482543945,30.338943481445312,,12.47687816619873,43.91386795043945,27.9760684967041
2013-12-16,17.17205047607422,,26.889904022216797,13.692763328552246,40.098331451416016,14.78675365447998,30.331768035888672,,12.543401718139648,43.9954719543457,28.158292770385742
2013-12-17,17.2847900390625,,26.736474990844727,13.602590560913086,40.082359313964844,14.782468795776367,30.188222885131836,,12.52011489868164,43.783294677734375,28.08453941345215
2013-12-18,17.494728088378906,,27.140422821044922,13.918180465698242,40.7528076171875,14.898056030273438,30.690628051757812,,12.686434745788574,44.868690490722656,28.501049041748047
2013-12-19,17.52193832397461,,27.218713760375977,13.898857116699219,40.79270553588867,14.92374324798584,30.63321876525879,,12.593299865722656,44.770774841308594,28.48369789123535
2013-12-20,17.57748794555664,,27.266845703125,13.983628273010254,41.12080764770508,15.040338516235352,30.772069931030273,,12.718029975891113,44.996116638183594,28.6021785736084
2013-12-23,17.663557052612305,,27.29517364501953,14.048333168029785,41.281253814697266,15.238224029541016,30.743154525756836,,12.667593002319336,45.1682014465332,28.728506088256836
2013-12-24,17.855260848999023,,27.446176528930664,14.074222564697266,41.47377395629883,15.281253814697266,30.786535263061523,,12.718029975891113,45.08625030517578,28.78949546813965
2013-12-26,17.953067779541016,,27.641225814819336,14.106574058532715,41.7625617980957,15.319972038269043,30.90948486328125,,12.660872459411621,45.4222297668457,29.002946853637695
2013-12-27,18.007831573486328,,27.77651596069336,14.100104331970215,41.71443557739258,15.307065963745117,30.981800079345703,,12.711299896240234,45.38124465942383,28.867900848388672
2013-12-30,18.019573211669922,,27.57831573486328,14.074222564697266,41.674339294433594,15.276949882507324,31.06135368347168,,12.741558074951172,45.45500564575195,28.99859046936035
2013-12-31,18.08216667175293,,27.845722198486328,14.145400047302246,41.92300033569336,15.375898361206055,31.08304786682129,,12.765090942382812,45.43043518066406,29.111854553222656
2014-01-02,17.937419891357422,,27.449323654174805,14.067752838134766,41.337398529052734,15.22531795501709,30.699764251708984,,12.570106506347656,45.17640686035156,28.976806640625
2014-01-03,17.894380569458008,,27.348648071289062,14.16481876373291,41.44970703125,15.152190208435059,30.641891479492188,,12.529762268066406,45.282920837402344,28.89838981628418
2014-01-06,17.79658317565918,,27.386398315429688,14.177756309509277,41.209041595458984,15.126375198364258,30.52618408203125,,12.549930572509766,45.094444274902344,28.71980094909668
2014-01-07,17.765277862548828,,27.594039916992188,14.184225082397461,41.46575164794922,15.264046669006348,30.692520141601562,,12.660872459411621,45.56971740722656,28.89404296875
2014-01-08,17.870908737182617,,27.402128219604492,14.229528427124023,41.393558502197266,15.264046669006348,30.46109962463379,,12.593636512756348,45.97125244140625,28.81562042236328
2014-01-09,17.800485610961914,,27.31719207763672,14.281288146972656,41.59410858154297,15.165098190307617,30.62019920349121,,12.667593002319336,46.31544876098633,28.81127166748047
2014-01-10,17.855260848999023,,27.339202880859375,14.255404472351074,41.65827941894531,15.19521427154541,30.663602828979492,,12.849140167236328,46.49571228027344,28.89838981628418
2014-01-13,17.61270523071289,,26.79494285583496,14.041863441467285,41.15289306640625,15.031731605529785,30.490018844604492,,12.718029975891113,46.11875534057617,28.319032669067383
2014-01-14,17.859169006347656,,27.144149780273438,14.158340454101562,41.58607864379883,15.285555839538574,30.64912986755371,,12.734831809997559,46.70056915283203,28.56298065185547
2014-01-15,17.968711853027344,,27.06550407409668,14.326584815979004,41.88289260864258,15.470549583435059,30.656354904174805,,12.711299896240234,46.659603118896484,28.632675170898438
2014-01-16,18.01174545288086,,27.103252410888672,14.235993385314941,41.77861404418945,15.466245651245117,30.663602828979492,,12.79870891571045,46.77431869506836,28.48021125793457
2014-01-17,17.968711853027344,,27.059202194213867,14.190696716308594,41.570045471191406,15.380204200744629,30.424943923950195,,12.795353889465332,46.72515869140625,28.3538818359375
2014-01-21,18.078248977661133,,27.282575607299805,14.203640937805176,41.61015701293945,15.45763874053955,30.5406494140625,,12.936549186706543,46.99557876586914,28.327749252319336
2014-01-22,17.90220069885254,,27.408418655395508,14.210108757019043,41.73849868774414,15.440431594848633,30.5406494140625,,12.949995040893555,47.03655242919922,28.401811599731445
2014-01-23,17.63617706298828,,27.09695816040039,13.977158546447754,41.24113845825195,15.410311698913574,30.273069381713867,,12.91301155090332,46.70875549316406,28.201417922973633
2014-01-24,17.162799835205078,,26.530664443969727,13.660079956054688,39.95762252807617,15.11347484588623,29.99825096130371,,12.768451690673828,45.61069869995117,27.661266326904297
2014-01-27,17.092376708984375,,26.43629264831543,13.575960159301758,39.99772644042969,14.971498489379883,29.87531280517578,,12.79870891571045,45.241947174072266,27.552358627319336
2014-01-28,17.190183639526367,,26.637632369995117,13.757152557373047,40.3747673034668,14.881157875061035,30.106731414794922,,12.84577465057373,45.84833526611328,27.74402618408203
2014-01-29,17.260602951049805,,26.489765167236328,13.59537410736084,39.94157028198242,14.764998435974121,29.578798294067383,,12.839054107666016,45.43043518066406,27.29970359802246
2014-01-30,17.342761993408203,,26.574718475341797,13.789501190185547,40.33465576171875,14.945685386657715,29.62218475341797,,13.037406921386719,46.2580680847168,27.757095336914062
2014-01-31,17.229312896728516,,26.23179817199707,13.627729415893555,40.13408279418945,14.980100631713867,29.477554321289062,,13.144987106323242,45.856536865234375,27.365053176879883
2014-02-03,16.826343536376953,,25.76303482055664,13.284770011901855,39.01905059814453,14.666044235229492,28.841135025024414,,13.040765762329102,44.95515060424805,26.646289825439453
2014-02-04,16.975017547607422,,26.027294158935547,13.41418743133545,39.267723083496094,14.72197437286377,28.993013381958008,,12.963440895080566,45.39765548706055,26.972997665405273
2014-02-05,16.99457359313965,,25.77246856689453,13.401248931884766,39.251670837402344,14.734880447387695,29.014698028564453,,12.906288146972656,45.143619537353516,27.007850646972656
2014-02-06,17.248868942260742,,26.15629768371582,13.608314514160156,39.797176361083984,14.898364067077637,29.32567596435547,,13.0004243850708,45.39765548706055,27.5784912109375
2014-02-07,17.48751449584961,,26.439437866210938,13.776558876037598,40.487064361572266,15.100561141967773,29.60049819946289,,13.071027755737305,46.17612838745117,27.918272018432617
2014-02-10,17.573579788208008,,26.310449600219727,13.789501190185547,40.23036193847656,15.130678176879883,29.71620750427246,,13.168514251708984,46.56126403808594,27.900850296020508
2014-02-11,17.777015686035156,,26.653369903564453,13.93186092376709,40.67959213256836,15.31566333770752,30.063343048095703,,13.2929105758667,47.19224548339844,28.1055850982666
2014-02-12,17.7457218170166,,26.59044075012207,13.93186092376709,40.9122314453125,15.375898361206055,29.93316078186035,,13.30971622467041,47.19224548339844,28.131725311279297
2014-02-13,17.898292541503906,,26.716291427612305,13.983628273010254,40.94431686401367,15.487751960754395,30.08502769470215,,13.454272270202637,47.528221130371094,28.218843460083008
2014-02-14,18.043052673339844,,27.06550407409668,14.003040313720703,41.209041595458984,15.51787281036377,30.25861358642578,,13.541685104370117,47.70030975341797,28.38874053955078
2014-02-18,18.05478286743164,,27.188201904296875,14.028925895690918,41.17696762084961,15.526481628417969,30.08502769470215,,13.588753700256348,48.14282989501953,28.423585891723633
2014-02-19,17.929590225219727,,27.222803115844727,13.834793090820312,40.79188919067383,15.474851608276367,30.019948959350586,,13.511431694030762,47.84779357910156,28.192705154418945
2014-02-20,18.117382049560547,,27.402128219604492,13.873625755310059,41.17696762084961,15.526481628417969,30.150123596191406,,13.61565113067627,48.28211212158203,28.34517478942871
2014-02-21,18.07042694091797,,27.185047149658203,13.899506568908691,41.22508239746094,15.466245651245117,30.08502769470215,,13.632460594177246,48.19196701049805,28.401811599731445
2014-02-24,18.007831573486328,,27.594039916992188,14.003040313720703,41.537960052490234,15.526481628417969,30.19351577758789,,13.598843574523926,48.55252456665039,28.519418716430664
2014-02-25,18.074342727661133,,27.581459045410156,13.91892147064209,41.40158462524414,15.4834566116333,30.309223175048828,,13.58202838897705,48.42961502075195,28.71980094909668
2014-02-26,18.211265563964844,,27.408418655395508,13.899506568908691,41.441688537597656,15.496365547180176,30.280292510986328,,13.53832721710205,48.42961502075195,28.880971908569336
2014-02-27,18.356016159057617,,27.436738967895508,13.970691680908203,41.68235397338867,15.621124267578125,30.41771125793457,,13.504706382751465,48.7082405090332,28.99859046936035
2014-02-28,18.418615341186523,,27.57516860961914,14.041863441467285,41.7625617980957,15.63833236694336,30.627429962158203,,13.598843574523926,48.7082405090332,29.116207122802734
2014-03-03,18.375579833984375,,27.398983001708984,13.93186092376709,41.481788635253906,15.470549583435059,30.46109962463379,,13.464361190795898,48.3476676940918,28.84177017211914
2014-03-04,18.665082931518555,,27.697853088378906,14.216583251953125,42.08344650268555,15.672749519348145,30.87331771850586,,13.561856269836426,49.26545715332031,29.203319549560547
2014-03-05,18.708120346069336,,27.439882278442383,14.365408897399902,42.13959884643555,15.69426155090332,30.772069931030273,,13.471088409423828,49.142547607421875,29.325292587280273
2014-03-06,18.778535842895508,,27.63807487487793,14.410707473754883,42.38026809692383,15.715768814086914,30.764842987060547,,13.403846740722656,48.8393440246582,29.399337768554688
2014-03-07,18.69638442993164,,27.691564559936523,14.475414276123047,42.516639709472656,15.668444633483887,30.85162925720215,,13.444193840026855,48.716426849365234,29.355791091918945
2014-03-10,18.680734634399414,,27.735607147216797,14.481887817382812,42.33213424682617,15.642637252807617,30.880556106567383,,13.410574913024902,48.92129135131836,29.27737808227539
2014-03-11,18.489038467407227,,27.421001434326172,14.38482666015625,42.02729415893555,15.608213424682617,30.8660888671875,,13.3735933303833,48.82295227050781,29.107486724853516
2014-03-12,18.481210708618164,,27.42414093017578,14.358941078186035,41.94707107543945,15.634029388427734,30.931177139282227,,13.541685104370117,48.81475830078125,29.063936233520508
2014-03-13,18.348196029663086,,27.15043830871582,14.197166442871094,41.353450775146484,15.423222541809082,30.779314041137695,,13.682890892028809,48.1510009765625,28.711084365844727
2014-03-14,18.348196029663086,,27.175615310668945,14.106574058532715,41.19300079345703,15.328574180603027,30.793771743774414,,13.746757507324219,47.88877487182617,28.68494987487793
2014-03-17,18.496858596801758,,27.32032585144043,14.255404472351074,41.69839096069336,15.50926399230957,30.974565505981445,,13.837533950805664,48.35585403442383,28.87661361694336
2014-03-18,18.60248565673828,,27.549999237060547,14.326584815979004,41.92300033569336,15.711464881896973,31.039648056030273,,13.81735897064209,48.87211990356445,29.002946853637695
2014-03-19,18.438173294067383,,27.342355728149414,14.320116996765137,41.48982620239258,15.64693546295166,30.801006317138672,,13.598843574523926,48.72462463378906,28.81127166748047
2014-03-20,18.68464469909668,,27.449323654174805,14.546595573425293,41.61015701293945,15.76739501953125,30.90948486328125,,13.629097938537598,48.72462463378906,28.885334014892578
2014-03-21,18.606090545654297,,27.52424430847168,14.548540115356445,41.61418533325195,15.688331604003906,30.892038345336914,,13.732491493225098,47.84065628051758,28.700923919677734
2014-03-24,18.460756301879883,,27.467334747314453,14.5420503616333,41.47719955444336,15.675366401672363,30.862960815429688,,13.769779205322266,47.306182861328125,28.412508010864258
2014-03-25,18.562885284423828,,27.713939666748047,14.529057502746582,41.85589599609375,15.770426750183105,31.088289260864258,,13.827406883239746,47.725528717041016,28.242088317871094
2014-03-26,18.295791625976562,,27.584321975708008,14.379676818847656,41.42886734008789,15.580316543579102,31.015602111816406,,13.769779205322266,47.74198532104492,28.014863967895508
2014-03-27,18.244722366333008,,27.808773040771484,14.301736831665039,41.372459411621094,15.52414321899414,30.993804931640625,,13.88164234161377,47.63507080078125,27.8794002532959
2014-03-28,18.370418548583984,,28.15654945373535,14.360198974609375,41.67863082885742,15.584633827209473,31.07375717163086,,13.901982307434082,47.45419692993164,28.08915138244629
2014-03-31,18.57073974609375,,28.15654945373535,14.50957202911377,42.16205978393555,15.705608367919922,31.299097061157227,,14.054533958435059,48.09557342529297,28.281421661376953
2014-04-01,18.672863006591797,,28.32411003112793,14.535554885864258,42.46015930175781,15.89139461517334,31.24820327758789,,13.956222534179688,48.39982223510742,28.674707412719727
2014-04-02,18.810335159301758,,28.425277709960938,14.568028450012207,42.75825500488281,15.900045394897461,31.2845458984375,,13.93588924407959,48.613616943359375,28.866989135742188
2014-04-03,18.83390235900879,,28.608642578125,14.5420503616333,42.82271194458008,15.822266578674316,31.320884704589844,,13.979954719543457,48.5067138671875,28.72713851928711
2014-04-04,18.59430503845215,,28.504322052001953,14.399165153503418,42.33125305175781,15.519824028015137,31.2191162109375,,14.054533958435059,47.700870513916016,28.25083351135254
2014-04-07,18.323287963867188,,28.02692985534668,14.178338050842285,41.726985931396484,15.398847579956055,31.24820327758789,,14.030803680419922,47.22394943237305,27.700233459472656
2014-04-08,18.39398193359375,,28.308307647705078,14.197820663452148,41.726985931396484,15.537107467651367,31.408113479614258,,14.230805397033691,46.837467193603516,27.979907989501953
2014-04-09,18.672863006591797,,28.437925338745117,14.321221351623535,42.25874328613281,15.744495391845703,31.546222686767578,,14.200297355651855,47.84065628051758,28.281421661376953
2014-04-10,18.299720764160156,,28.04273796081543,13.989982604980469,41.42082214355469,15.381551742553711,31.233659744262695,,14.146058082580566,46.24544143676758,27.577882766723633
2014-04-11,18.079757690429688,,27.963701248168945,13.821117401123047,41.00990676879883,15.208734512329102,31.07375717163086,,14.132493019104004,45.80960464477539,27.19771385192871
2014-04-14,18.225093841552734,,28.346250534057617,13.931532859802246,41.24354934692383,15.359959602355957,31.320884704589844,,14.217239379882812,46.06452560424805,27.411827087402344
2014-04-15,18.335073471069336,,28.725624084472656,14.061429023742676,41.53361511230469,15.437731742858887,31.400833129882812,,14.413856506347656,46.55788803100586,27.446788787841797
2014-04-16,18.606090545654297,,29.070232391357422,14.171839714050293,42.170108795166016,15.588951110839844,31.70615005493164,,14.518948554992676,46.78813171386719,27.831323623657227
2014-04-17,18.665008544921875,,29.335800170898438,14.197820663452148,42.50042724609375,15.56734848022461,31.713394165039062,,14.339278221130371,46.7799072265625,27.866291046142578
2014-04-21,18.668933868408203,,29.53496551513672,14.184833526611328,42.621307373046875,15.627838134765625,31.727943420410156,,14.322334289550781,47.33906555175781,27.940574645996094
2014-04-22,18.73569679260254,,29.4875545501709,14.28226089477539,42.64548110961914,15.692647933959961,31.713394165039062,,14.342671394348145,47.857120513916016,28.180917739868164
2014-04-23,18.73963737487793,,29.642467498779297,14.314727783203125,42.806617736816406,15.52414321899414,31.662519454956055,,14.349452018737793,47.61863708496094,28.049823760986328
2014-04-24,18.657146453857422,,29.651947021484375,14.308232307434082,42.72602844238281,15.645115852355957,31.78608512878418,,14.447755813598633,47.54463577270508,28.202756881713867
2014-04-25,18.523605346679688,,29.474912643432617,14.191326141357422,42.30708694458008,15.44637393951416,31.829702377319336,,14.613862037658691,47.19105911254883,27.722078323364258
2014-04-28,18.445051193237305,,29.52549171447754,14.106890678405762,42.33125305175781,15.593279838562012,32.19313049316406,,14.68504524230957,47.470638275146484,27.65216636657715
2014-04-29,18.574663162231445,,29.661439895629883,14.243285179138184,42.44404602050781,15.701292037963867,32.055030822753906,,14.624034881591797,47.75020980834961,27.778888702392578
2014-04-30,18.723926544189453,,29.63614845275879,14.262768745422363,42.72602844238281,15.748814582824707,32.15678787231445,,14.647761344909668,47.791324615478516,27.896883010864258
2014-05-01,18.606090545654297,,29.569751739501953,14.288749694824219,42.621307373046875,15.766101837158203,32.12771224975586,,14.708783149719238,47.89822769165039,28.00612449645996
2014-05-02,18.676790237426758,,29.62981605529785,14.28226089477539,42.55685043334961,15.722900390625,32.12771224975586,,14.40707778930664,47.48708724975586,28.07604217529297
2014-05-05,18.77890968322754,,29.7689266204834,14.223806381225586,42.64548110961914,15.80499267578125,32.055030822753906,,14.535896301269531,47.7995491027832,28.102258682250977
2014-05-06,18.684646606445312,,29.813180923461914,14.022464752197266,42.323184967041016,15.627838134765625,31.851520538330078,,14.46471118927002,47.38017654418945,27.700233459472656
2014-05-07,18.82997703552246,,30.072429656982422,14.210808753967285,42.685752868652344,15.636478424072266,32.15678787231445,,14.698607444763184,47.511749267578125,27.665281295776367
2014-05-08,18.75534439086914,,29.642467498779297,14.249778747558594,42.677711486816406,15.6796875,32.200401306152344,,14.539285659790039,47.256839752197266,27.743932723999023
2014-05-09,18.75534439086914,,29.61402702331543,14.243285179138184,42.70991897583008,15.696977615356445,32.353057861328125,,14.325723648071289,47.54463577270508,27.896883010864258
2014-05-12,18.994945526123047,,29.82267951965332,14.3861665725708,43.34641647338867,15.908682823181152,32.382118225097656,,14.193514823913574,48.02979278564453,28.246458053588867
2014-05-13,19.01065444946289,,29.933332443237305,14.373185157775879,43.4189453125,15.917326927185059,32.447547912597656,,14.227416038513184,48.10378646850586,28.167804718017578
2014-05-14,19.01458168029785,,29.945985794067383,14.269267082214355,43.09666442871094,15.843871116638184,32.27309036254883,,14.298604965209961,48.13669204711914,27.853178024291992
2014-05-15,18.747495651245117,,29.604537963867188,14.106890678405762,42.71798324584961,15.748814582824707,31.98961067199707,,14.240973472595215,47.65153884887695,27.65216636657715
2014-05-16,18.81425666809082,,29.528654098510742,14.126379013061523,42.77438735961914,15.84819507598877,32.18587875366211,,14.285041809082031,47.81599807739258,27.857547760009766
2014-05-19,18.892818450927734,,29.62034034729004,14.197820663452148,42.94356918334961,15.951887130737305,32.12044906616211,,14.06470012664795,48.11201477050781,27.984272003173828
2014-05-20,18.79069709777832,,29.53496551513672,14.113389015197754,42.371524810791016,15.861150741577148,32.004146575927734,,14.06470012664795,47.807769775390625,27.730823516845703
2014-05-21,18.877113342285156,,29.854290008544922,14.204316139221191,42.790489196777344,15.969169616699219,32.18587875366211,,14.074871063232422,48.210693359375,28.06730079650879
2014-05-22,18.92032241821289,,29.825843811035156,14.269267082214355,42.871070861816406,15.999417304992676,32.13498306274414,,14.190129280090332,48.49848175048828,28.21587371826172
2014-05-23,19.08135223388672,,29.76577377319336,14.314727783203125,43.14500427246094,16.13335418701172,32.18587875366211,,14.156227111816406,48.52315902709961,28.43874168395996
2014-05-27,19.08135223388672,,29.847957611083984,14.43813419342041,43.370601654052734,16.27161407470703,32.27309036254883,,14.268094062805176,48.786293029785156,28.587305068969727
2014-05-28,19.089204788208008,,29.8985652923584,14.412153244018555,43.40281677246094,16.22840690612793,32.2294807434082,,14.352842330932617,48.6464958190918,28.55671501159668
2014-05-29,19.28166961669922,,30.154638290405273,14.444626808166504,43.58007049560547,16.323467254638672,32.48387908935547,,14.393515586853027,49.0329704284668,28.674707412719727
2014-05-30,19.277742385864258,,30.13250160217285,14.477106094360352,43.54784393310547,16.340755462646484,32.73830032348633,,14.488442420959473,49.164554595947266,28.700923919677734
2014-06-02,19.356298446655273,,30.094568252563477,14.516072273254395,43.7331657409668,16.3148250579834,32.65833282470703,,14.485044479370117,49.230323791503906,28.79706382751465
2014-06-03,19.313095092773438,,30.198909759521484,14.535554885864258,43.6848258972168,16.288902282714844,32.54203414916992,,14.539285659790039,49.32078552246094,28.744625091552734
2014-06-04,19.344520568847656,,30.183094024658203,14.574528694152832,43.676761627197266,16.319143295288086,32.65833282470703,,14.532505989074707,49.46055603027344,28.884456634521484
2014-06-05,19.434864044189453,,30.356969833374023,14.710922241210938,44.119895935058594,16.42716407775879,32.78916931152344,,14.654541969299316,49.518131256103516,29.072357177734375
2014-06-06,19.529125213623047,,30.606735229492188,14.808341979980469,44.56301498413086,16.5006160736084,32.87638854980469,,14.603696823120117,49.468780517578125,29.242773056030273
2014-06-09,19.47806167602539,,30.654163360595703,14.873289108276367,44.78862380981445,16.552459716796875,32.82551574707031,,14.505390167236328,49.21388626098633,29.25152015686035
2014-06-10,19.505563735961914,,30.60357666015625,14.866798400878906,44.68388748168945,16.56110191345215,32.82551574707031,,14.471485137939453,49.37834548950195,29.194713592529297
2014-06-11,19.39558219909668,,30.72054672241211,14.769369125366211,44.35354995727539,16.522207260131836,32.73830032348633,,14.288435935974121,49.32078552246094,29.107311248779297
2014-06-12,19.230613708496094,,30.82172393798828,14.678446769714355,43.75732421875,16.37963104248047,32.50569534301758,,14.332503318786621,49.07408142089844,28.735881805419922
2014-06-13,19.305240631103516,,31.11573600769043,14.684944152832031,43.910404205322266,16.474681854248047,32.49843215942383,,14.424031257629395,49.0329704284668,28.748994827270508
2014-06-16,19.262033462524414,,31.302268981933594,14.613492012023926,43.86206817626953,16.474681854248047,32.62199783325195,,14.522335052490234,49.13165283203125,28.81454086303711
2014-06-17,19.301307678222656,,31.280139923095703,14.762876510620117,43.98292541503906,16.513574600219727,32.62199783325195,,14.501993179321289,49.106998443603516,28.928150177001953
2014-06-18,19.509483337402344,,31.517250061035156,14.847311019897461,44.23269271850586,16.599985122680664,33.007232666015625,,14.830819129943848,49.50167465209961,29.14664077758789
2014-06-19,19.4702091217041,,31.74172592163086,14.827826499938965,44.34550094604492,16.56974220275879,33.19620132446289,,14.952855110168457,49.666141510009766,29.07672691345215
2014-06-20,19.588993072509766,,32.057430267333984,14.886513710021973,44.53163528442383,16.533281326293945,33.09449005126953,,14.86191463470459,50.083778381347656,28.96800994873047
2014-06-23,19.616609573364258,,32.17177963256836,14.919116020202637,44.27264404296875,16.581026077270508,32.91151428222656,,14.810623168945312,49.89393997192383,29.003080368041992
2014-06-24,19.431142807006836,,31.495254516601562,14.821301460266113,43.82749938964844,16.494218826293945,32.794429779052734,,14.855072021484375,49.92695236206055,28.93292808532715
2014-06-25,19.58504295349121,,31.73347282409668,14.834351539611816,43.867950439453125,16.559324264526367,32.74321365356445,,14.90977668762207,50.47171401977539,29.178424835205078
2014-06-26,19.581098556518555,,31.768400192260742,14.782182693481445,43.83558654785156,16.541963577270508,32.62610626220703,,14.9542236328125,50.53772735595703,29.200353622436523
2014-06-27,19.521907806396484,,31.768400192260742,14.84086799621582,43.9407958984375,16.641801834106445,32.68463897705078,,15.012340545654297,50.40567398071289,29.270479202270508
2014-06-30,19.588993072509766,,31.79380989074707,14.827823638916016,43.75464630126953,16.64613914489746,32.6553840637207,,15.132010459899902,50.20759201049805,29.257335662841797
2014-07-01,19.636341094970703,,31.812875747680664,14.919116020202637,44.0217399597168,16.8154239654541,32.72855758666992,,14.981573104858398,50.84313201904297,29.568578720092773
2014-07-02,19.66002082824707,,31.765226364135742,14.906075477600098,43.948890686035156,16.832780838012695,32.81638717651367,,14.690964698791504,51.23104476928711,29.61241912841797
2014-07-03,19.786304473876953,,31.885923385620117,15.023446083068848,44.3131103515625,16.906574249267578,32.999359130859375,,14.530278205871582,51.43738555908203,29.840377807617188
2014-07-07,19.62055778503418,,31.641355514526367,14.958236694335938,43.99745559692383,16.923934936523438,33.05057907104492,,14.598649024963379,51.049461364746094,29.656259536743164
2014-07-08,19.569259643554688,,31.590539932250977,14.827823638916016,43.697994232177734,16.77201271057129,32.984703063964844,,14.697805404663086,50.57075500488281,29.366939544677734
2014-07-09,19.636341094970703,,31.800167083740234,14.86694622039795,43.77083969116211,16.854490280151367,33.13108444213867,,14.656780242919922,50.78534698486328,29.72201919555664
2014-07-10,19.549528121948242,,31.495254516601562,14.769142150878906,43.51183319091797,16.806737899780273,33.07986068725586,,14.755927085876465,50.752342224121094,29.445837020874023
2014-07-11,19.58504295349121,,31.253862380981445,14.795220375061035,43.76274108886719,16.89354705810547,33.12375259399414,,14.643104553222656,50.8596305847168,29.54228401184082
2014-07-14,19.573198318481445,,31.523832321166992,14.886513710021973,44.01365661621094,17.015085220336914,33.24086380004883,,14.47557544708252,51.02470016479492,29.62557029724121
2014-07-15,19.53373908996582,,31.387256622314453,14.990845680236816,44.037933349609375,16.984708786010742,32.948123931884766,,14.550796508789062,50.58725357055664,29.524751663208008
2014-07-16,19.667917251586914,,31.863677978515625,14.964760780334473,44.224082946777344,17.140966415405273,32.955440521240234,,14.598649024963379,50.42219543457031,29.599271774291992
2014-07-17,19.58504295349121,,31.34914779663086,14.769142150878906,43.5361213684082,16.91958999633789,32.75051498413086,,14.465317726135254,49.86917495727539,29.31871223449707
2014-07-18,19.70737648010254,,31.441251754760742,14.938677787780762,43.90034103393555,17.12360382080078,33.07986068725586,,14.612333297729492,50.68632125854492,29.590503692626953
2014-07-21,19.652130126953125,,31.488901138305664,14.899551391601562,43.876060485839844,17.10190773010254,32.926177978515625,,14.598649024963379,50.47995376586914,29.45461654663086
2014-07-22,19.67975616455078,,31.71440887451172,14.945197105407715,44.037933349609375,17.245136260986328,32.86761474609375,,14.567885398864746,50.917423248291016,29.57735252380371
2014-07-23,19.762624740600586,,31.91768455505371,14.977800369262695,43.859859466552734,17.275524139404297,32.823699951171875,,14.581562042236328,51.330081939697266,29.555429458618164
2014-07-24,19.738943099975586,,31.946279525756836,15.010405540466309,43.649444580078125,17.26250648498535,32.91151428222656,,14.626001358032227,51.222801208496094,29.621192932128906
2014-07-25,19.774465560913086,,31.71123504638672,14.925638198852539,43.5361213684082,17.240802764892578,32.779788970947266,,14.509766578674316,51.03296661376953,29.29240608215332
2014-07-28,19.82576560974121,,31.635005950927734,14.93215274810791,43.31759262084961,17.27118682861328,32.611454010009766,,14.711482048034668,51.082481384277344,29.349395751953125
2014-07-29,19.683704376220703,,31.555593490600586,14.853902816772461,42.77530288696289,17.23645782470703,32.46509552001953,,14.574728012084961,51.12375259399414,29.266115188598633
2014-07-30,19.581098556518555,,31.368213653564453,14.919116020202637,42.81578826904297,17.253820419311523,32.12112045288086,,14.328566551208496,51.330081939697266,29.428306579589844
2014-07-31,19.198312759399414,,30.69167137145996,14.612642288208008,41.949745178222656,16.928281784057617,31.572240829467773,,14.102913856506348,50.27360916137695,28.88471794128418
2014-08-01,19.21409797668457,,30.44393539428711,14.488754272460938,41.909278869628906,16.837125778198242,31.81374740600586,,14.157615661621094,50.314903259277344,28.779499053955078
2014-08-04,19.442977905273438,,30.95528221130371,14.606120109558105,42.05496597290039,16.958663940429688,31.916200637817383,,14.082405090332031,50.52949142456055,29.060062408447266
2014-08-05,19.24172019958496,,30.27876853942871,14.456153869628906,41.80406951904297,16.798051834106445,31.777143478393555,,13.911456108093262,50.042518615722656,28.85841178894043
2014-08-06,19.38378143310547,,30.36769676208496,14.514836311340332,41.59360885620117,16.7459716796875,32.04793167114258,,13.733678817749023,50.01773452758789,28.797039031982422
2014-08-07,19.21409797668457,,30.1771183013916,14.44963264465332,41.634090423583984,16.6765193939209,31.78447914123535,,13.890950202941895,49.37394714355469,28.647985458374023
2014-08-08,19.415359497070312,,30.682146072387695,14.593084335327148,42.22492599487305,16.7850341796875,32.106468200683594,,14.167872428894043,49.95998001098633,29.090757369995117
2014-08-11,19.395627975463867,,30.685312271118164,14.606120109558105,42.3948860168457,16.867511749267578,32.33336639404297,,14.116591453552246,49.93520736694336,29.222265243530273
2014-08-12,19.458763122558594,,30.459800720214844,14.6387300491333,42.29777908325195,16.858829498291016,32.3114013671875,,14.10633659362793,49.89393997192383,29.14773941040039
2014-08-13,19.565311431884766,,30.558273315429688,14.703940391540527,42.7105598449707,17.02376365661621,32.406551361083984,,14.171293258666992,50.496463775634766,29.252954483032227
2014-08-14,19.565311431884766,,30.383577346801758,14.795220375061035,42.89670181274414,17.054155349731445,32.53828430175781,,14.294380187988281,51.09074020385742,29.480913162231445
2014-08-15,19.62451171875,,30.609086990356445,14.723499298095703,42.80768585205078,17.054155349731445,32.58218002319336,,14.349081039428711,51.140254974365234,29.423927307128906
2014-08-18,19.817873001098633,,30.69167137145996,14.886513710021973,43.45517349243164,17.21476173400879,32.772464752197266,,14.311473846435547,51.53643798828125,29.69571304321289
2014-08-19,19.87706184387207,,30.92671012878418,14.912593841552734,43.560401916503906,17.323270797729492,32.86029815673828,,14.49266529083252,51.87484359741211,29.919288635253906
2014-08-20,19.904695510864258,,30.993398666381836,14.951719284057617,44.0217399597168,17.323270797729492,32.83833312988281,,14.523444175720215,51.8665771484375,30.059566497802734
2014-08-21,19.87706184387207,,31.018817901611328,15.127771377563477,43.98126983642578,17.40574073791504,32.89689636230469,,14.557633399963379,51.94087600708008,30.033267974853516
2014-08-22,19.79813575744629,,30.812366485595703,15.075611114501953,43.82749938964844,17.410085678100586,32.81638717651367,,14.513181686401367,51.99039077758789,30.090259552001953
2014-08-25,19.87312126159668,,31.085525512695312,15.206019401550293,43.99745559692383,17.427446365356445,32.999359130859375,,14.612333297729492,52.38658905029297,30.177919387817383
2014-08-26,19.892854690551758,,31.24433135986328,15.238624572753906,43.85177993774414,17.436126708984375,32.977378845214844,,14.437966346740723,52.576412200927734,30.18231773376465
2014-08-27,19.892854690551758,,31.18080711364746,15.206019401550293,43.82749938964844,17.431781768798828,32.99202346801758,,14.595235824584961,52.53513717651367,30.212997436523438
2014-08-28,19.908634185791016,,31.18716049194336,15.160368919372559,43.76274108886719,17.40574073791504,33.00666809082031,,14.701224327087402,52.51864242553711,30.173551559448242
2014-08-29,19.940202713012695,,31.361825942993164,15.232098579406738,43.72226333618164,17.48387336730957,33.028621673583984,,14.79694938659668,52.70847702026367,30.169166564941406
2014-09-02,19.87312126159668,,30.964820861816406,15.290786743164062,43.867950439453125,17.488210678100586,33.04325485229492,,14.663618087768555,52.683712005615234,30.226152420043945
2014-09-03,19.904695510864258,,31.047401428222656,15.264701843261719,43.81130599975586,17.39272117614746,33.065223693847656,,14.7354154586792,52.92306900024414,30.147247314453125
2014-09-04,19.904695510864258,,30.628156661987305,15.277750968933105,43.82749938964844,17.384033203125,33.16768264770508,,14.7285737991333,52.65896224975586,30.26123046875
2014-09-05,19.991504669189453,,30.834596633911133,15.297307968139648,43.97317886352539,17.488210678100586,33.35796356201172,,14.91319465637207,52.96434020996094,30.362071990966797
2014-09-08,19.912582397460938,,30.3549861907959,15.303825378417969,43.93270492553711,17.514257431030273,33.109127044677734,,14.824302673339844,52.97258758544922,30.234922409057617
2014-09-09,19.75078010559082,,30.221582412719727,15.147337913513184,43.79511260986328,17.388381958007812,33.028621673583984,,14.653360366821289,52.8322868347168,29.932437896728516
2014-09-10,19.75078010559082,,30.14853858947754,15.225580215454102,43.82749938964844,17.4925537109375,33.18963623046875,,14.58840560913086,53.20369338989258,30.03763771057129
2014-09-11,19.723159790039062,,30.167593002319336,15.264701843261719,43.84367370605469,17.531620025634766,33.204261779785156,,14.711482048034668,53.05513381958008,30.050806045532227
2014-09-12,19.63239288330078,,29.716575622558594,15.251670837402344,43.697994232177734,17.45783233642578,32.97007369995117,,14.448225021362305,52.667205810546875,29.963134765625
2014-09-15,19.66002082824707,,29.926198959350586,15.245146751403809,43.681793212890625,17.35365867614746,33.13108444213867,,14.49266529083252,52.526885986328125,29.840377807617188
2014-09-16,19.75078010559082,,30.288288116455078,15.310352325439453,43.92462158203125,17.48387336730957,33.37992477416992,,14.67729663848877,53.244972229003906,29.993816375732422
2014-09-17,19.869169235229492,,30.12312126159668,15.375555038452148,44.09457015991211,17.51859474182129,33.30672836303711,,14.649935722351074,53.286224365234375,29.980661392211914
2014-09-18,20.003341674804688,,29.96749496459961,15.525529861450195,44.305030822753906,17.622770309448242,33.37260437011719,,14.543954849243164,53.682411193847656,30.112173080444336
2014-09-19,19.996999740600586,,29.94291114807129,15.484933853149414,44.26191329956055,17.58527946472168,33.45875930786133,,14.675044059753418,53.7412223815918,30.12493133544922
2014-09-22,19.989065170288086,,29.502336502075195,15.380172729492188,43.7658805847168,17.46757698059082,33.399845123291016,,14.564653396606445,53.45130920410156,29.702674865722656
2014-09-23,19.885990142822266,,29.416135787963867,15.275409698486328,43.40807342529297,17.428346633911133,33.105255126953125,,14.5232515335083,53.13656234741211,29.447566986083984
2014-09-24,20.092147827148438,,29.441692352294922,15.360530853271484,43.63576889038086,17.54168701171875,33.532413482666016,,14.471508026123047,54.064266204833984,29.78184700012207
2014-09-25,19.786882400512695,,28.991527557373047,15.105170249938965,42.95269012451172,17.158077239990234,33.090518951416016,,14.385266304016113,53.17795181274414,29.346406936645508
2014-09-26,19.981143951416016,,29.36505889892578,15.249227523803711,43.351131439208984,17.345518112182617,33.21572494506836,,14.405965805053711,53.34364318847656,29.6498966217041
2014-09-29,19.897890090942383,,29.298019409179688,15.196845054626465,43.28610610961914,17.341157913208008,33.20834732055664,,14.499107360839844,53.227684020996094,29.495956420898438
2014-09-30,19.660017013549805,,28.930871963500977,15.170647621154785,43.22102737426758,17.393478393554688,33.223087310791016,,14.519804954528809,52.93775177001953,29.333209991455078
2014-10-01,19.196165084838867,,28.34025764465332,14.987323760986328,42.407859802246094,17.123193740844727,33.01686477661133,,14.602596282958984,52.38277816772461,28.94175910949707
2014-10-02,19.148595809936523,,28.193395614624023,15.026606559753418,42.35905456542969,17.11448097229004,33.075782775878906,,14.58189868927002,52.275115966796875,29.073701858520508
2014-10-03,19.2040958404541,,28.148700714111328,15.242680549621582,42.936431884765625,17.25397300720215,33.46613693237305,,14.675044059753418,53.35191345214844,29.447566986083984
2014-10-06,19.20013427734375,,28.180627822875977,15.196845054626465,42.80630874633789,17.258337020874023,33.48086166381836,,14.675044059753418,53.103424072265625,29.28923225402832
2014-10-07,18.86315155029297,,27.813488006591797,14.941488265991211,41.76543426513672,16.988061904907227,33.282005310058594,,14.65434455871582,52.258541107177734,28.853769302368164
2014-10-08,19.10894775390625,,28.084848403930664,15.223033905029297,42.5135612487793,17.310644149780273,33.768096923828125,,14.985515594482422,53.592132568359375,29.306825637817383
2014-10-09,18.641138076782227,,27.053653717041016,14.902205467224121,41.52960205078125,17.022933959960938,33.42930221557617,,14.740592002868652,52.482177734375,28.64266014099121
2014-10-10,18.355690002441406,,26.67374610900879,14.78435230255127,40.91973114013672,16.586997985839844,33.591339111328125,,14.809582710266113,52.159149169921875,28.391944885253906
2014-10-13,17.883914947509766,,25.850067138671875,14.653396606445312,40.28541946411133,16.403919219970703,33.12733459472656,,14.795784950256348,50.92494583129883,27.815750122070312
2014-10-14,17.939414978027344,,25.5244197845459,14.712321281433105,40.846527099609375,16.43006706237793,33.11259460449219,,14.93032169342041,50.54391860961914,28.01807403564453
2014-10-15,18.062318801879883,,25.719167709350586,14.430778503417969,40.748931884765625,16.316730499267578,32.714900970458984,,14.733688354492188,50.1297721862793,27.784961700439453
2014-10-16,18.240718841552734,,26.178892135620117,14.430778503417969,41.04981231689453,16.22083282470703,32.47187423706055,,14.747486114501953,49.87299728393555,27.815750122070312
2014-10-17,18.482553482055664,,26.402379989624023,14.61410903930664,41.86300277709961,16.41263771057129,32.86955642700195,,14.833733558654785,50.668174743652344,28.123638153076172
2014-10-20,18.764034271240234,,26.632230758666992,14.699225425720215,41.98500442504883,16.53033447265625,33.3409309387207,,15.040705680847168,51.2811164855957,28.515106201171875
2014-10-21,19.168407440185547,,27.443143844604492,14.974220275878906,42.92014694213867,16.852924346923828,33.48086166381836,,15.09245491027832,52.63956832885742,29.06930923461914
2014-10-22,19.013805389404297,,26.922760009765625,14.836727142333984,42.35905456542969,16.774459838867188,33.55451583862305,,15.185600280761719,52.37450408935547,28.81859588623047
2014-10-23,18.997943878173828,,27.423994064331055,14.980772018432617,43.29422378540039,16.9619083404541,33.532413482666016,,15.213189125061035,53.269081115722656,29.21006202697754
2014-10-24,19.140661239624023,,27.328214645385742,15.124820709228516,43.67642593383789,17.11011505126953,33.812278747558594,,15.361534118652344,54.014564514160156,29.18366241455078
2014-10-27,18.740243911743164,,26.7535457611084,15.144466400146484,43.660152435302734,17.127559661865234,33.89329528808594,,15.327037811279297,54.072547912597656,29.240846633911133
2014-10-28,18.92658233642578,,27.36333465576172,15.308152198791504,44.43268585205078,17.362957000732422,34.025856018066406,,15.433982849121094,54.47014236450195,29.55752182006836
2014-10-29,18.692678451538086,,27.452728271484375,15.347437858581543,44.27818298339844,17.345518112182617,33.96694564819336,,15.344286918640137,54.4950065612793,29.46957015991211
2014-10-30,18.83539390563965,,27.353748321533203,15.432551383972168,44.45708084106445,17.402193069458008,34.18052291870117,,15.682360649108887,55.497257232666016,29.66309356689453
2014-10-31,19.188241958618164,,27.90925407409668,15.609341621398926,44.896209716796875,17.672468185424805,34.40147399902344,,15.68580436706543,55.72090148925781,29.953388214111328
2014-11-03,19.05344581604004,,27.468692779541016,15.668261528015137,44.83927917480469,17.74657440185547,34.53403091430664,,15.789299964904785,55.787174224853516,29.953388214111328
2014-11-04,18.855228424072266,,26.903608322143555,15.674816131591797,44.81489562988281,17.742212295532227,34.71816635131836,,15.706503868103027,55.79546356201172,29.592721939086914
2014-11-05,19.0375919342041,,27.3760986328125,15.779576301574707,45.091365814208984,17.7901668548584,34.961204528808594,,16.061826705932617,55.73748016357422,29.711469650268555
2014-11-06,19.192209243774414,,27.720897674560547,15.805768013000488,45.56303024291992,17.781452178955078,35.03485870361328,,15.789299964904785,56.07707595825195,29.962196350097656
2014-11-07,19.283384323120117,,28.027381896972656,15.812312126159668,45.628082275390625,17.803251266479492,35.16004943847656,,15.954883575439453,55.52210998535156,29.91381072998047
2014-11-10,19.334924697875977,,27.775171279907227,15.897432327270508,45.85576248168945,17.851194381713867,35.314727783203125,,16.03421974182129,56.08536148071289,29.896211624145508
2014-11-11,19.43007469177246,,27.85817527770996,15.845046997070312,45.798866271972656,17.859912872314453,35.2484245300293,,15.975580215454102,56.292442321777344,30.023773193359375
2014-11-12,19.477643966674805,,27.612346649169922,15.812312126159668,45.86390686035156,17.916593551635742,35.2484245300293,,15.696155548095703,56.2096061706543,30.16451644897461
2014-11-13,19.481611251831055,,27.245208740234375,15.805768013000488,45.73379135131836,18.012483596801758,35.373634338378906,,15.568519592285156,56.16819763183594,30.353647232055664
2014-11-14,19.541080474853516,,27.522964477539062,15.753386497497559,45.79071807861328,18.138906478881836,35.1747932434082,,15.502972602844238,55.7043342590332,30.472412109375
2014-11-17,19.53711700439453,,27.37929344177246,15.753386497497559,45.72567367553711,18.10403060913086,35.41047286987305,,15.706503868103027,55.97768783569336,30.43721580505371
2014-11-18,19.771018981933594,,27.401636123657227,15.805768013000488,46.06719970703125,18.16506004333496,35.54303741455078,,15.751355171203613,56.88053512573242,30.4943904876709
2014-11-19,19.74327278137207,,27.54529571533203,15.773027420043945,45.928958892822266,18.04736328125,35.690338134765625,,15.737550735473633,56.56580352783203,30.6219482421875
2014-11-20,19.846345901489258,,27.890100479125977,15.773027420043945,46.05091857910156,18.138906478881836,35.53567123413086,,15.703059196472168,56.3255729675293,30.753904342651367
2014-11-21,20.088176727294922,,28.25405502319336,15.851592063903809,46.49819564819336,18.16506004333496,35.68296432495117,,15.765149116516113,56.59062957763672,30.82868194580078
2014-11-24,19.996999740600586,,28.036964416503906,15.95635986328125,46.620174407958984,18.260971069335938,35.66086959838867,,15.63405704498291,56.88053512573242,31.114587783813477
2014-11-25,19.925636291503906,,27.580421447753906,15.943259239196777,46.758419036865234,18.269681930541992,35.690338134765625,,15.63405704498291,56.95509719848633,31.211345672607422
2014-11-26,19.94149398803711,,27.232437133789062,15.962910652160645,46.66896438598633,18.43533706665039,35.852352142333984,,15.703059196472168,57.30298614501953,31.20693016052246
2014-11-28,19.48954200744629,,25.48291778564453,15.97599983215332,46.27862548828125,18.522518157958984,36.308982849121094,,15.868642807006836,57.65917205810547,31.585201263427734
2014-12-01,19.287351608276367,,25.57230567932129,15.864686965942383,45.68500900268555,18.313278198242188,36.07330322265625,,15.899682998657227,57.51836395263672,31.237730026245117
2014-12-02,19.402324676513672,,25.850067138671875,16.015287399291992,46.07532501220703,18.317642211914062,36.198509216308594,,16.00662612915039,58.156166076660156,31.356491088867188
2014-12-03,19.687763214111328,,26.166133880615234,16.087318420410156,46.69335174560547,18.38302230834961,35.940738677978516,,15.961780548095703,58.247283935546875,31.40927505493164
2014-12-04,19.747241973876953,,25.939455032348633,16.106948852539062,46.4575309753418,18.38302230834961,35.91128158569336,,15.94798755645752,58.1727409362793,31.391681671142578
2014-12-05,19.73137664794922,,25.629777908325195,16.25099754333496,46.56325149536133,18.361225128173828,35.977561950683594,,15.823796272277832,58.63656997680664,31.462064743041992
2014-12-08,19.41818618774414,,24.592206954956055,16.32956886291504,46.05091857910156,18.17377471923828,35.90391540527344,,15.951428413391113,58.843666076660156,31.20693016052246
2014-12-09,19.469724655151367,,24.860374450683594,16.29027557373047,46.0590705871582,18.16941261291504,35.78607177734375,,16.030778884887695,58.595176696777344,31.149770736694336
2014-12-10,19.06930160522461,,24.094158172607422,16.08075714111328,45.18083953857422,17.894794464111328,35.44729232788086,,15.83069133758545,57.69230651855469,30.73630714416504
2014-12-11,19.085166931152344,,24.078201293945312,16.12004852294922,45.40038299560547,17.973249435424805,35.74187469482422,,15.98938274383545,57.85793685913086,30.987014770507812
2014-12-12,18.553918838500977,,23.63123893737793,15.805768013000488,44.57906723022461,17.707338333129883,35.28525924682617,,15.837594032287598,56.971649169921875,30.789091110229492
2014-12-15,18.45479965209961,,23.420534133911133,15.661715507507324,44.43268585205078,17.598358154296875,35.0495719909668,,15.703059196472168,56.44981384277344,30.6043701171875
2014-12-16,18.312082290649414,,23.6280517578125,15.511123657226562,44.47334671020508,17.362957000732422,34.9170036315918,,15.689257621765137,55.79546356201172,30.133726119995117
2014-12-17,18.811613082885742,,24.60816764831543,15.864686965942383,44.888084411621094,17.689903259277344,35.42520523071289,,15.9686861038208,56.83914566040039,30.709932327270508
2014-12-18,19.239776611328125,,25.080650329589844,16.23135757446289,46.01841735839844,18.19556999206543,36.10276794433594,,16.28260612487793,58.39637756347656,31.215757369995117
2014-12-19,19.476757049560547,,25.882158279418945,16.241878509521484,46.276824951171875,18.215730667114258,36.065673828125,,16.309412002563477,58.537696838378906,31.30097770690918
2014-12-22,19.488719940185547,,25.618738174438477,16.353763580322266,46.718406677246094,18.434829711914062,36.414306640625,,16.351165771484375,57.98066711425781,31.605730056762695
2014-12-23,19.640323638916016,,25.930330276489258,16.445898056030273,46.890140533447266,18.4830322265625,36.666526794433594,,16.392934799194336,56.650455474853516,31.782405853271484
2014-12-24,19.572498321533203,,25.740800857543945,16.419570922851562,46.939212799072266,18.465503692626953,36.62944030761719,,16.695741653442383,57.066165924072266,31.72941017150879
2014-12-26,19.640323638916016,,25.734376907348633,16.419570922851562,46.939212799072266,18.54437828063965,36.68877410888672,,16.897598266601562,57.473514556884766,31.901655197143555
2014-12-29,19.640323638916016,,25.827537536621094,16.478797912597656,47.01279067993164,18.452354431152344,36.577510833740234,,17.092510223388672,57.67306900024414,32.144569396972656
2014-12-30,19.572498321533203,,25.621952056884766,16.459056854248047,46.73476028442383,18.320898056030273,36.414306640625,,16.737499237060547,57.423675537109375,31.994417190551758
2014-12-31,19.381011962890625,,25.42920684814453,16.274789810180664,46.268638610839844,18.11933135986328,35.969242095947266,,16.434701919555664,56.8499870300293,31.86632537841797
2015-01-02,19.40892791748047,,25.54806137084961,16.274789810180664,46.21139144897461,18.084278106689453,35.86539077758789,,16.511274337768555,57.05784225463867,31.63665008544922
2015-01-05,18.914236068725586,,24.491182327270508,15.93257999420166,45.1319580078125,17.808216094970703,35.61319351196289,,16.309412002563477,56.76687240600586,31.031564712524414
2015-01-06,18.746675491333008,,24.13140106201172,15.689077377319336,44.57589340209961,17.593496322631836,35.56868362426758,,16.31984519958496,56.57563781738281,30.722396850585938
2015-01-07,18.958120346069336,,24.182802200317383,15.853606224060059,44.911170959472656,17.742490768432617,36.17692947387695,,16.479944229125977,57.90584182739258,31.20822525024414
2015-01-08,19.40892791748047,,24.725690841674805,16.090517044067383,45.81071090698242,18.132476806640625,36.72586441040039,,16.594799041748047,58.89519119262695,31.676403045654297
2015-01-09,19.309200286865234,,24.529739379882812,15.873353004455566,45.32004928588867,18.075511932373047,36.42915725708008,,16.490394592285156,58.371437072753906,31.30982780456543
2015-01-12,19.265310287475586,,23.823013305664062,15.741728782653809,45.009300231933594,17.865175247192383,36.31789016723633,,16.452106475830078,58.39636993408203,31.141986846923828
2015-01-13,19.049877166748047,,23.633480072021484,15.689077377319336,44.919342041015625,17.85202407836914,36.31047821044922,,16.49734878540039,58.138648986816406,31.141986846923828
2015-01-14,18.82646369934082,,23.70737075805664,15.465327262878418,44.67402648925781,17.751251220703125,36.19919204711914,,16.640045166015625,58.047183990478516,30.766582489013672
2015-01-15,18.790559768676758,,23.40540313720703,15.274477005004883,44.46140670776367,17.523387908935547,36.2585334777832,,16.77230453491211,57.423675537109375,30.369068145751953
2015-01-16,19.08977508544922,,24.166744232177734,15.458746910095215,44.75578308105469,17.694284439086914,36.54783248901367,,16.921968460083008,58.50444412231445,30.77097511291504
2015-01-20,19.121685028076172,,24.195646286010742,15.39293384552002,45.07471466064453,17.8432674407959,36.69618225097656,,16.963735580444336,58.50444412231445,30.594314575195312
2015-01-21,19.309200286865234,,24.68714141845703,15.432419776916504,45.44271469116211,17.873943328857422,36.874229431152344,,17.127315521240234,58.62085723876953,30.793060302734375
2015-01-22,19.55255699157715,,24.80278968811035,15.81412410736084,46.17051315307617,18.16753387451172,37.2451171875,,17.054218292236328,59.319190979003906,31.371652603149414
2015-01-23,19.249353408813477,,24.626113891601562,15.64301586151123,45.78618240356445,18.16315269470215,36.8297119140625,,17.10294532775879,58.97832107543945,31.32748794555664
2015-01-26,19.333131790161133,,24.97946548461914,15.721989631652832,45.84342575073242,18.088653564453125,36.8297119140625,,17.092510223388672,59.28596496582031,31.490907669067383
2015-01-27,19.201475143432617,,24.96340560913086,15.55087947845459,45.238277435302734,17.56720542907715,36.406898498535156,,17.116872787475586,58.861934661865234,31.239152908325195
2015-01-28,18.854389190673828,,23.980426788330078,15.267900466918945,44.84574508666992,17.536529541015625,35.98406219482422,,16.970687866210938,58.01392364501953,30.832822799682617
2015-01-29,19.10173988342285,,24.060728073120117,15.39293384552002,45.360939025878906,17.70305061340332,36.273380279541016,,17.19692039489746,58.50444412231445,31.25240135192871
2015-01-30,19.025941848754883,,24.2695369720459,15.142857551574707,44.624961853027344,17.483959197998047,35.62059783935547,,16.817550659179688,57.589908599853516,30.912330627441406
2015-02-02,19.197490692138672,,25.011594772338867,15.386354446411133,45.28733444213867,17.66361427307129,36.04343032836914,,16.89063835144043,57.914188385009766,31.190568923950195
2015-02-03,19.620372772216797,,25.695831298828125,15.64301586151123,46.023319244384766,17.865175247192383,36.362388610839844,,16.953283309936523,58.304935455322266,31.853086471557617
2015-02-04,19.49271583557129,,25.27179718017578,15.603527069091797,45.67168045043945,17.90022850036621,36.377227783203125,,16.747941970825195,57.57329177856445,32.06508255004883
2015-02-05,19.963478088378906,,25.63479995727539,15.761473655700684,46.064212799072266,18.066743850708008,36.56266784667969,,16.901081085205078,58.546016693115234,32.263816833496094
2015-02-06,19.91560173034668,,25.641218185424805,15.88651180267334,45.95790481567383,18.00978660583496,36.39946746826172,,16.20499038696289,58.01392364501953,32.21524429321289
2015-02-09,19.891660690307617,,25.666915893554688,15.807538986206055,45.835243225097656,17.98348617553711,36.12500762939453,,16.062288284301758,57.33219528198242,32.0915641784668
2015-02-10,20.039276123046875,,25.65406608581543,15.93257999420166,46.08873748779297,18.25079345703125,36.54783248901367,,16.392934799194336,58.296607971191406,32.48466491699219
2015-02-11,20.007360458374023,,25.474170684814453,15.93257999420166,46.105098724365234,18.320898056030273,36.718448638916016,,16.037931442260742,58.354793548583984,32.49348831176758
2015-02-12,20.350454330444336,,25.808269500732422,16.090517044067383,46.53850173950195,18.5706729888916,36.88905715942383,,15.96484375,58.56264877319336,32.87773895263672
2015-02-13,20.522003173828125,,26.3543701171875,16.077360153198242,46.75111770629883,18.68897819519043,36.718448638916016,,15.721210479736328,58.79544448852539,33.07649230957031
2015-02-17,20.545940399169922,,26.434675216674805,16.1300048828125,46.81653594970703,18.697744369506836,36.72586441040039,,15.707286834716797,59.21942901611328,33.00141525268555
2015-02-18,20.60179328918457,,26.119861602783203,16.031288146972656,47.07822036743164,18.715272903442383,36.92613983154297,,16.079696655273438,59.28596496582031,32.98373794555664
2015-02-19,20.65764808654785,,25.9977970123291,15.965487480163574,47.159996032714844,18.781002044677734,36.68877410888672,,15.898713111877441,59.385719299316406,33.085323333740234
2015-02-20,20.71748161315918,,25.872514724731445,16.08394432067871,47.560699462890625,18.877408981323242,36.792625427246094,,15.902193069458008,60.009246826171875,33.31940841674805
2015-02-23,20.693553924560547,,25.766496658325195,16.04445457458496,47.35625457763672,18.89055824279785,36.896480560302734,,16.01008415222168,60.283599853515625,33.28849411010742
2015-02-24,20.781320571899414,,25.837175369262695,16.123422622680664,47.544334411621094,18.9475154876709,37.02256774902344,,16.128419876098633,60.20878601074219,33.44749450683594
2015-02-25,20.721479415893555,,25.978517532348633,16.123422622680664,47.44621658325195,18.829208374023438,36.896480560302734,,15.863903045654297,60.18384552001953,33.703651428222656
2015-02-26,20.58983039855957,,25.496662139892578,16.08394432067871,47.23360061645508,18.9475154876709,36.948394775390625,,15.759495735168457,60.35011291503906,33.59766387939453
2015-02-27,20.541950225830078,,25.384233474731445,16.02471351623535,47.01279067993164,18.88178825378418,37.09675598144531,,15.74208927154541,60.05912399291992,33.553489685058594
2015-03-02,20.677602767944336,,25.207551956176758,16.14317512512207,47.44621658325195,19.030776977539062,37.163516998291016,,15.439288139343262,60.59953689575195,33.95539855957031
2015-03-03,20.565885543823242,,25.30071258544922,16.097103118896484,47.14366149902344,18.903703689575195,37.02256774902344,,15.533265113830566,60.05083084106445,33.86265182495117
2015-03-04,20.494075775146484,,25.265371322631836,15.998388290405273,46.77566146850586,18.829208374023438,36.76295852661133,,15.446246147155762,60.34181594848633,33.68599319458008
2015-03-05,20.406307220458984,,25.114389419555664,16.064193725585938,46.8083610534668,18.807289123535156,36.88905715942383,,15.568066596984863,60.557960510253906,33.708065032958984
2015-03-06,20.131038665771484,,24.66464614868164,15.945737838745117,46.17051315307617,18.575056076049805,36.16952133178711,,15.101686477661133,59.369075775146484,33.3061637878418
2015-03-09,20.158954620361328,,24.48798179626465,16.01813316345215,46.60391616821289,18.662689208984375,36.36980438232422,,15.129530906677246,59.734901428222656,33.49606704711914
2015-03-10,19.85176658630371,,24.147472381591797,15.675917625427246,45.745277404785156,18.281471252441406,35.85055160522461,,15.101686477661133,59.06976318359375,32.97490692138672
2015-03-11,19.82783317565918,,24.2181396484375,15.774633407592773,45.696205139160156,18.16315269470215,35.57609558105469,,15.004234313964844,59.03652572631836,32.79381561279297
2015-03-12,20.07518768310547,,24.063945770263672,16.116846084594727,46.28498458862305,18.281471252441406,36.09535217285156,,15.289636611938477,59.81801986694336,33.46073532104492
2015-03-13,19.883682250976562,,23.9739990234375,16.004961013793945,45.85976028442383,18.180683135986328,35.8134765625,,15.133008003234863,59.701637268066406,33.19573974609375
2015-03-16,19.85176658630371,,24.298450469970703,16.202396392822266,46.62028121948242,18.39539337158203,36.25112533569336,,15.39404296875,61.0235481262207,33.58441162109375
2015-03-17,19.632339477539062,,24.205291748046875,16.16290855407715,46.43218994140625,18.39977264404297,35.991485595703125,,15.369680404663086,60.84894943237305,33.398921966552734
2015-03-18,19.931556701660156,,24.908802032470703,16.25504493713379,46.98008728027344,18.649545669555664,36.23629379272461,,15.783856391906738,61.638755798339844,33.69480895996094
2015-03-19,19.588459014892578,,24.513673782348633,16.103683471679688,46.66117477416992,18.59696388244629,36.073097229003906,,15.637672424316406,61.996273040771484,33.6462516784668
2015-03-20,19.7146053314209,,24.87428855895996,16.32232666015625,46.92486572265625,18.717079162597656,36.52536392211914,,15.778339385986328,62.44478988647461,34.02070999145508
2015-03-23,19.7146053314209,,24.78696632385254,16.229846954345703,46.530548095703125,18.717079162597656,36.58507537841797,,15.788865089416504,62.269718170166016,33.96308898925781
2015-03-24,19.650537490844727,,24.62201499938965,16.097742080688477,46.37446975708008,18.655485153198242,36.3760986328125,,15.613471984863281,61.72779846191406,33.785831451416016
2015-03-25,19.43027687072754,,24.942211151123047,15.84011459350586,45.5858039855957,18.1758975982666,36.28654098510742,,15.431060791015625,60.60231399536133,33.236324310302734
2015-03-26,19.474332809448242,,24.913103103637695,15.826906204223633,45.46259307861328,18.189096450805664,36.12981033325195,,15.301270484924316,60.460575103759766,33.028045654296875
2015-03-27,19.466318130493164,,24.709348678588867,15.807087898254395,45.63509750366211,18.202289581298828,36.353694915771484,,15.39247989654541,60.89409255981445,33.19643020629883
2015-03-30,19.730623245239258,,25.239763259887695,16.038288116455078,46.27587890625,18.422285079956055,36.71940612792969,,15.581897735595703,61.51102828979492,33.53766632080078
2015-03-31,19.53439712524414,,25.090984344482422,15.925999641418457,45.81582260131836,18.23310089111328,36.3760986328125,,15.585405349731445,60.44389724731445,33.39142990112305
2015-04-01,19.590463638305664,,25.084514617919922,15.912778854370117,45.511871337890625,18.20669174194336,36.42087936401367,,15.599444389343262,59.83525466918945,33.245201110839844
2015-04-02,19.610485076904297,,25.136262893676758,15.992051124572754,45.53651809692383,18.202289581298828,36.66716766357422,,15.62750244140625,60.018680572509766,33.54209899902344
2015-04-06,19.76666831970215,,25.589048385620117,16.018470764160156,45.88154602050781,18.3782901763916,36.9582405090332,,15.844993591308594,60.11040115356445,33.70164489746094
2015-04-07,19.734628677368164,,25.605226516723633,15.932602882385254,45.774749755859375,18.338687896728516,36.78657913208008,,15.662580490112305,60.252140045166016,33.51552200317383
2015-04-08,19.79068946838379,,25.398235321044922,15.992051124572754,45.93083953857422,18.395893096923828,36.84629821777344,,15.616971969604492,60.76069641113281,33.830135345458984
2015-04-09,19.846752166748047,,25.805742263793945,16.018470764160156,46.152645111083984,18.44428253173828,36.950775146484375,,15.550329208374023,61.219242095947266,33.86117935180664
2015-04-10,19.90282440185547,,25.91893768310547,16.01186752319336,46.80164337158203,18.514690399169922,37.0179443359375,,15.666088104248047,61.74445343017578,33.97637939453125
2015-04-13,19.822725296020508,,25.66019630432129,16.071313858032227,46.35802459716797,18.46188735961914,36.84629821777344,,15.511741638183594,61.4109992980957,33.790260314941406
2015-04-14,19.906824111938477,,26.12268829345703,16.071313858032227,46.41553497314453,18.404693603515625,36.92839431762695,,15.588919639587402,61.51102828979492,33.772544860839844
2015-04-15,20.09904670715332,,26.746902465820312,16.130767822265625,46.49767303466797,18.567487716674805,36.823883056640625,,15.62750244140625,61.66941833496094,33.772544860839844
2015-04-16,20.054996490478516,,26.68545150756836,16.157188415527344,46.39909362792969,18.50148582458496,36.9582405090332,,15.525773048400879,61.63611602783203,33.83900451660156
2015-04-17,19.87078094482422,,26.49139976501465,15.93920612335205,45.84047317504883,18.246294021606445,36.614933013916016,,15.469649314880371,61.1025390625,33.3382453918457
2015-04-20,20.014949798583984,,26.591646194458008,16.005260467529297,46.37446975708008,18.558683395385742,36.741798400878906,,15.701171875,61.4776725769043,33.70606231689453
2015-04-21,19.866777420043945,,26.31027603149414,15.925999641418457,46.316959381103516,18.549884796142578,36.80897521972656,,15.560855865478516,61.88621139526367,33.74150085449219
2015-04-22,19.906824111938477,,26.484928131103516,16.038288116455078,46.51411819458008,18.739078521728516,36.83135986328125,,15.592424392700195,61.98628234863281,33.772544860839844
2015-04-23,19.95888328552246,,26.666044235229492,16.06471061706543,46.46483612060547,18.813875198364258,36.704490661621094,,15.680123329162598,62.21969223022461,33.94092559814453
2015-04-24,20.1270751953125,,26.5140438079834,16.038288116455078,46.26766586303711,18.97667121887207,36.71195602416992,,15.837972640991211,62.01960754394531,34.401798248291016
2015-04-27,20.30327796936035,,26.484928131103516,15.978836059570312,46.25122833251953,19.02947998046875,36.510440826416016,,15.648551940917969,60.89409255981445,34.10048294067383
2015-04-28,20.331315994262695,,26.617525100708008,16.071313858032227,46.33338928222656,19.09107208251953,36.54774475097656,,15.7608003616333,61.19422912597656,33.98080825805664
2015-04-29,20.319303512573242,,26.824520111083984,16.06471061706543,46.10335922241211,18.99867820739746,36.21936798095703,,15.694154739379883,60.63563919067383,33.75038528442383
2015-04-30,20.19114875793457,,26.74042320251465,15.93920612335205,45.70081329345703,18.734678268432617,36.09995651245117,,15.511741638183594,59.785274505615234,33.37370300292969
2015-05-01,20.523530960083008,,26.801881790161133,16.07792091369629,46.27587890625,18.963468551635742,36.428348541259766,,15.599444389343262,60.59397888183594,33.83457565307617
2015-05-04,20.467466354370117,,26.73396110534668,16.2364559173584,46.34980392456055,18.9810791015625,36.4805793762207,,15.71519660949707,60.977474212646484,33.905487060546875
2015-05-05,20.235200881958008,,26.404075622558594,16.091129302978516,45.725467681884766,18.6862850189209,36.189517974853516,,15.36441707611084,60.210472106933594,33.55097579956055
2015-05-06,20.23920249938965,,26.300575256347656,16.01186752319336,45.70081329345703,18.52788543701172,36.30147171020508,,15.280230522155762,59.977020263671875,33.41360092163086
2015-05-07,20.327306747436523,,26.015962600708008,16.12415885925293,45.939064025878906,18.664281845092773,36.391021728515625,,15.336350440979004,60.260459899902344,33.5864143371582
2015-05-08,20.651681900024414,,26.442882537841797,16.35536003112793,46.48124313354492,18.93267059326172,36.697021484375,,15.44509506225586,61.23591613769531,33.945369720458984
2015-05-11,20.55557632446289,,25.944812774658203,16.295902252197266,46.44017791748047,18.835878372192383,36.54774475097656,,15.339864730834961,61.269248962402344,33.79469680786133
2015-05-12,20.33932113647461,,26.064485549926758,16.2364559173584,46.390892028808594,18.734678268432617,36.46566390991211,,15.322321891784668,60.87740707397461,33.73264694213867
2015-05-13,20.315292358398438,,25.99656867980957,16.243061065673828,46.489471435546875,18.813875198364258,36.45073318481445,,15.17148494720459,60.94408416748047,33.51993179321289
2015-05-14,20.527536392211914,,25.986858367919922,16.388383865356445,46.95772171020508,19.117469787597656,37.010494232177734,,15.346875190734863,61.78615188598633,33.67061233520508
2015-05-15,20.627653121948242,,26.090349197387695,16.31572151184082,46.91665267944336,19.055866241455078,37.1298942565918,,15.54682445526123,61.91121292114258,33.94092559814453
2015-05-18,20.535547256469727,,26.11299705505371,16.4081974029541,47.00701904296875,19.14826774597168,37.010494232177734,,15.60645580291748,62.27802276611328,34.06944274902344
2015-05-19,20.4354305267334,,25.74105453491211,16.500675201416016,46.87558364868164,19.099870681762695,36.913455963134766,,15.641541481018066,62.569862365722656,34.06058883666992
2015-05-20,20.423419952392578,,25.789566040039062,16.454437255859375,46.703067779541016,19.113067626953125,36.83135986328125,,15.666088104248047,62.6532096862793,34.02070999145508
2015-05-21,20.495502471923828,,26.032140731811523,16.414810180664062,46.95772171020508,19.19666862487793,36.913455963134766,,15.659074783325195,62.661556243896484,34.15365219116211
2015-05-22,20.471467971801758,,25.938350677490234,16.42140769958496,46.74414825439453,19.183469772338867,36.75673294067383,,15.634514808654785,62.51148986816406,34.096046447753906
2015-05-26,20.215179443359375,,25.527599334716797,16.2364559173584,46.234798431396484,18.906274795532227,36.46566390991211,,15.536300659179688,61.87785720825195,33.85231399536133
2015-05-27,20.347332000732422,,25.482316970825195,16.414810180664062,46.530548095703125,19.262657165527344,36.697021484375,,15.599444389343262,62.59488296508789,34.10490798950195
2015-05-28,20.39939308166504,,25.38205909729004,16.394989013671875,46.308746337890625,19.223060607910156,36.6447868347168,,15.634514808654785,62.636558532714844,34.04729461669922
2015-05-29,20.267240524291992,,25.35296058654785,16.249666213989258,45.848663330078125,19.08226776123047,36.413421630859375,,15.609964370727539,62.4781379699707,33.81242752075195
2015-06-01,20.27524757385254,,25.28826904296875,16.26287078857422,46.054073333740234,19.135072708129883,36.413421630859375,,15.631012916564941,62.72825622558594,33.909908294677734
2015-06-02,20.33932113647461,,25.46291160583496,16.289302825927734,46.14442825317383,19.095468521118164,36.31639862060547,,15.424049377441406,62.31973648071289,33.98524475097656
2015-06-03,20.359344482421875,,25.28826904296875,16.42801856994629,46.37446975708008,19.135072708129883,36.29400634765625,,15.196033477783203,62.43647384643555,34.25114822387695
2015-06-04,20.119070053100586,,24.945444107055664,16.282691955566406,45.856903076171875,18.95906639099121,36.03280258178711,,15.174985885620117,62.002952575683594,34.00741195678711
2015-06-05,20.026962280273438,,25.12009048461914,16.375171661376953,45.88976287841797,18.897470474243164,35.517822265625,,14.985567092895508,61.97793960571289,33.909908294677734
2015-06-08,19.95488166809082,,24.977781295776367,16.27608871459961,45.55293655395508,18.6862850189209,35.50289535522461,,14.897871017456055,61.66941833496094,33.67061233520508
2015-06-09,19.966888427734375,,24.97454071044922,16.31572151184082,45.54472351074219,18.64228057861328,35.67454528808594,,14.862793922424316,61.65273666381836,33.635154724121094
2015-06-10,20.175132751464844,,25.281795501708984,16.546913146972656,45.9965705871582,18.93267059326172,36.025325775146484,,14.936455726623535,62.41143798828125,33.98080825805664
2015-06-11,20.22319221496582,,25.168603897094727,16.612966537475586,46.25944137573242,18.941476821899414,36.010398864746094,,15.055720329284668,62.83662796020508,34.096046447753906
2015-06-12,20.10305404663086,,24.887224197387695,16.540311813354492,45.988346099853516,18.774280548095703,35.86860656738281,,14.92242431640625,62.06132125854492,33.94092559814453
2015-06-15,19.978906631469727,,24.82900619506836,16.46764373779297,45.60222625732422,18.659879684448242,35.60739517211914,,14.897871017456055,62.136322021484375,33.781402587890625
2015-06-16,20.083030700683594,,25.023056030273438,16.56012725830078,45.6433219909668,18.783082962036133,35.99547576904297,,14.968025207519531,62.44478988647461,33.98524475097656
2015-06-17,20.1671199798584,,24.961610794067383,16.540311813354492,45.76654052734375,18.7918701171875,36.189517974853516,,15.094308853149414,62.50315475463867,34.140357971191406
2015-06-18,20.335309982299805,,24.945444107055664,16.69223976135254,46.226585388183594,18.95906639099121,36.592533111572266,,15.294255256652832,63.386898040771484,34.5524787902832
2015-06-19,20.198942184448242,,24.713966369628906,16.413591384887695,46.00202941894531,18.80129051208496,36.54147720336914,,15.146648406982422,63.337528228759766,34.43111801147461
2015-06-22,20.275375366210938,,25.016740798950195,16.665693283081055,46.28273391723633,18.955974578857422,36.68415832519531,,15.125411987304688,63.83112716674805,34.62228012084961
2015-06-23,20.219053268432617,,25.0981388092041,16.698867797851562,46.16714096069336,18.9692325592041,36.52645492553711,,14.920105934143066,63.95660400390625,34.760093688964844
2015-06-24,19.96158790588379,,24.941864013671875,16.559547424316406,45.73783874511719,18.88084602355957,36.361244201660156,,14.803291320800781,63.312408447265625,34.52003479003906
2015-06-25,19.945499420166016,,24.68791961669922,16.460037231445312,45.3828239440918,18.83664894104004,36.29365539550781,,14.704183578491211,63.66377258300781,34.49336242675781
2015-06-26,19.869068145751953,,24.76930809020996,16.513113021850586,45.46538543701172,18.67753791809082,36.36875915527344,,14.792675018310547,63.5717658996582,34.631168365478516
2015-06-29,19.406435012817383,,24.300495147705078,16.11503791809082,44.60676956176758,18.27976417541504,35.8055419921875,,14.714797019958496,62.01572036743164,33.84874725341797
2015-06-30,19.46677589416504,,24.469783782958984,16.17475128173828,44.63154602050781,18.297449111938477,35.74545669555664,,14.675863265991211,62.233238220214844,33.99989700317383
2015-07-01,19.575395584106445,,24.157236099243164,16.420228958129883,44.85445785522461,18.42119598388672,36.20354080200195,,14.764355659484863,62.90251922607422,34.38666915893555
2015-07-02,19.51504898071289,,24.264677047729492,16.347246170043945,44.77189636230469,18.44771957397461,36.17351531982422,,14.948418617248535,62.609683990478516,34.31997299194336
2015-07-06,19.3541316986084,,23.94561767578125,16.280912399291992,44.59851837158203,18.372581481933594,36.14346694946289,,15.008599281311035,62.5845947265625,34.253299713134766
2015-07-07,19.289762496948242,,24.163755416870117,16.314069747924805,44.961769104003906,18.399099349975586,36.88690948486328,,15.380273818969727,62.885772705078125,34.5511474609375
2015-07-08,18.867361068725586,,23.675397872924805,16.028791427612305,44.15269088745117,18.098560333251953,36.47388458251953,,15.298858642578125,61.80657196044922,33.89320373535156
2015-07-09,18.923683166503906,,23.79585838317871,16.154848098754883,44.2600212097168,18.027851104736328,36.503929138183594,,15.128949165344238,62.14120864868164,34.03546142578125
2015-07-10,19.18919563293457,,23.92608642578125,16.347246170043945,44.72235107421875,18.315126419067383,36.93197250366211,,15.21036434173584,62.97779083251953,34.528926849365234
2015-07-13,19.398387908935547,,24.09537696838379,16.54627799987793,45.217716217041016,18.593564987182617,37.27741622924805,,15.217442512512207,63.513214111328125,35.02682113647461
2015-07-14,19.507001876831055,,24.2679386138916,16.586088180541992,45.341548919677734,18.664281845092773,37.33748245239258,,15.196203231811523,64.14900207519531,35.07129669189453
2015-07-15,19.3541316986084,,23.841440200805664,16.72540855407715,45.15166091918945,18.668703079223633,37.239871978759766,,15.270541191101074,64.23268127441406,35.03571701049805
2015-07-16,19.305856704711914,,23.873994827270508,16.89127540588379,45.35806655883789,18.90736198425293,37.62284851074219,,15.497089385986328,64.5338363647461,35.24909973144531
2015-07-17,19.173099517822266,,23.584239959716797,16.84482765197754,45.341548919677734,19.199064254760742,37.60032272338867,,15.344877243041992,64.39161682128906,35.18686294555664
2015-07-20,19.012187957763672,,23.27168846130371,16.864734649658203,45.34980392456055,19.300716400146484,37.66790008544922,,15.267003059387207,64.60076904296875,35.20466232299805
2015-07-21,18.89552879333496,,23.281463623046875,16.84482765197754,44.86270523071289,19.17254066467285,37.577796936035156,,15.128949165344238,64.31631469726562,35.093505859375
2015-07-22,18.815073013305664,,23.092626571655273,16.97088050842285,44.6645622253418,18.86316680908203,37.660396575927734,,15.196203231811523,64.45853424072266,35.26244354248047
2015-07-23,18.54151153564453,,23.073095321655273,16.824928283691406,44.251773834228516,18.823387145996094,37.51771926879883,,14.969663619995117,64.22428131103516,35.053489685058594
2015-07-24,18.135204315185547,,22.630311965942383,16.665693283081055,43.67386245727539,18.721731185913086,37.30744171142578,,14.983819961547852,62.61808395385742,35.053489685058594
2015-07-27,17.93405532836914,,22.304752349853516,16.54627799987793,43.459190368652344,18.553789138793945,37.284912109375,,15.174966812133789,62.55949783325195,34.791202545166016
2015-07-28,18.308177947998047,,22.94286346435547,16.612627029418945,44.30130386352539,18.721731185913086,37.70545196533203,,15.245763778686523,63.68888473510742,35.06239318847656
2015-07-29,18.440940856933594,,23.255414962768555,16.778486251831055,44.84620666503906,18.845487594604492,37.83311080932617,,15.30240249633789,63.79764938354492,35.4224853515625
2015-07-30,18.533466339111328,,23.092626571655273,16.778486251831055,44.80491638183594,18.88084602355957,37.70545196533203,,15.415670394897461,63.70562744140625,35.55140686035156
2015-07-31,18.48518943786621,,22.58799171447754,16.72540855407715,44.76363754272461,18.818967819213867,37.780540466308594,,15.571418762207031,64.07369995117188,35.66254425048828
2015-08-03,18.34035873413086,,22.1126708984375,16.705507278442383,44.54898452758789,18.717313766479492,37.83311080932617,,15.652832984924316,64.02351379394531,35.542518615722656
2015-08-04,18.42082405090332,,22.03778648376465,16.678974151611328,44.52421569824219,18.606826782226562,37.83311080932617,,15.40151596069336,63.99007034301758,35.69367980957031
2015-08-05,18.51334571838379,,21.871740341186523,16.745317459106445,44.77189636230469,18.788028717041016,38.163536071777344,,15.440446853637695,64.52549743652344,35.30690002441406
2015-08-06,18.44898223876953,,22.220102310180664,16.68560218811035,44.54071807861328,18.602407455444336,37.878170013427734,,15.521859169006348,63.12002944946289,34.82677459716797
2015-08-07,18.19152069091797,,21.822908401489258,16.718772888183594,44.326072692871094,18.61566162109375,37.66790008544922,,15.713011741638184,63.011260986328125,34.800106048583984
2015-08-10,18.638065338134766,,22.51962661743164,16.878000259399414,45.19295120239258,18.90736198425293,37.810585021972656,,15.649295806884766,63.52157211303711,35.080177307128906
2015-08-11,18.292091369628906,,22.561952590942383,16.72540855407715,44.63978576660156,18.62449836730957,37.67539978027344,,15.727167129516602,62.98617172241211,34.76454162597656
2015-08-12,18.360477447509766,,22.972156524658203,16.572816848754883,44.648040771484375,18.70848274230957,37.69793701171875,,16.006811141967773,63.02799606323242,34.61338424682617
2015-08-13,18.308177947998047,,22.623802185058594,16.63253402709961,44.615028381347656,18.65544319152832,37.54775619506836,,16.01034927368164,62.885772705078125,34.81344223022461
2015-08-14,18.39266586303711,,22.574968338012695,16.751953125,44.89573287963867,18.748252868652344,37.66790008544922,,16.13070297241211,63.06145095825195,34.835662841796875
2015-08-17,18.497255325317383,,22.623802185058594,16.785120010375977,45.11863708496094,18.854331970214844,37.70545196533203,,16.208576202392578,63.6972770690918,35.169097900390625
2015-08-18,18.376571655273438,,22.539159774780273,16.771848678588867,45.03607177734375,18.75709342956543,37.51771926879883,,16.169635772705078,63.605228424072266,35.20020294189453
2015-08-19,18.151288986206055,,21.917320251464844,16.619264602661133,44.615028381347656,18.63334083557129,37.17227554321289,,16.236900329589844,63.34592056274414,35.13797378540039
2015-08-20,17.80934715270996,,21.42246437072754,16.26763343811035,43.690364837646484,18.178117752075195,36.834354400634766,,16.141328811645508,61.87351989746094,34.15105056762695
2015-08-21,17.374874114990234,,20.67364501953125,15.68380355834961,42.48500442504883,17.484222412109375,35.82807540893555,,15.946635246276855,59.982845306396484,33.05743408203125
2015-08-24,16.646718978881836,,19.563451766967773,15.013725280761719,40.97416687011719,16.794755935668945,34.581478118896484,,15.348417282104492,57.4312744140625,31.737091064453125
2015-08-25,16.385238647460938,,19.280210494995117,14.814689636230469,40.437530517578125,16.66216468811035,34.31865692138672,,14.877628326416016,56.85403060913086,31.60816764831543
2015-08-26,16.827756881713867,,19.94437599182129,15.371984481811523,41.7006721496582,17.501901626586914,35.332427978515625,,15.143111228942871,59.255008697509766,32.80848693847656
2015-08-27,17.439237594604492,,20.930849075317383,15.750151634216309,42.70790100097656,17.908517837524414,35.85060501098633,,15.320097923278809,60.40950393676758,33.57756805419922
2015-08-28,17.53980827331543,,21.40618133544922,15.67717170715332,42.724403381347656,17.94386863708496,35.775489807128906,,15.274085998535156,60.06649398803711,33.590904235839844
2015-08-31,17.44325828552246,,21.627565383911133,15.544480323791504,42.34464645385742,17.780344009399414,35.527679443359375,,15.029837608337402,58.970577239990234,33.333045959472656
2015-09-01,16.91223907470703,,20.86573028564453,15.040266036987305,41.22184371948242,17.210206985473633,34.79925537109375,,14.622766494750977,57.42291259765625,32.4884033203125
2015-09-02,17.153606414794922,,21.057817459106445,15.245931625366211,42.13824462890625,17.625659942626953,35.27235794067383,,14.633383750915527,58.60248565673828,33.17301940917969
2015-09-03,17.258209228515625,,21.116418838500977,15.332176208496094,42.16300964355469,17.6389102935791,35.51266098022461,,14.700638771057129,58.18418502807617,33.18635559082031
2015-09-04,16.916263580322266,,20.7680606842041,15.026998519897461,41.57684326171875,17.369314193725586,34.93442916870117,,14.498872756958008,57.456363677978516,32.83069610595703
2015-09-08,17.33866310119629,,21.093629837036133,15.411788940429688,42.724403381347656,17.855484008789062,35.66286087036133,,14.806832313537598,59.06259536743164,33.590904235839844
2015-09-09,17.205907821655273,,20.696435928344727,15.199495315551758,42.270347595214844,17.62124252319336,35.07710647583008,,14.622766494750977,58.150733947753906,33.23080062866211
2015-09-10,17.246139526367188,,20.816896438598633,15.272468566894531,42.29511642456055,17.79802894592285,35.13719177246094,,14.597989082336426,58.71123504638672,33.324161529541016
2015-09-11,17.22199821472168,,20.631330490112305,15.3388090133667,42.526283264160156,17.881996154785156,35.36997604370117,,14.707718849182129,59.08769607543945,33.5731086730957
2015-09-14,17.01683235168457,,20.452259063720703,15.305649757385254,42.31161117553711,17.837804794311523,35.25734329223633,,14.743120193481445,58.903648376464844,33.39529037475586
2015-09-15,17.14154815673828,,20.680158615112305,15.524580001831055,43.04640579223633,18.067630767822266,35.677879333496094,,14.82099437713623,59.74860763549805,33.74649429321289
2015-09-16,17.38694190979004,,21.26618194580078,15.624093055725098,43.36012268066406,18.142757415771484,36.08338928222656,,14.969663619995117,59.91591262817383,34.12881088256836
2015-09-17,17.30648422241211,,21.253162384033203,15.405157089233398,43.17023849487305,18.019004821777344,36.08338928222656,,15.174966812133789,60.459693908691406,34.21773147583008
2015-09-18,16.94159698486328,,20.694957733154297,15.107151985168457,42.216514587402344,17.7850399017334,35.66618728637695,,15.089569091796875,59.53696060180664,33.67286682128906
2015-09-21,16.998231887817383,,20.81302261352539,15.280484199523926,42.42402267456055,17.962623596191406,35.93070983886719,,15.150315284729004,58.74772644042969,33.96738815307617
2015-09-22,16.68270492553711,,20.593276977539062,15.087150573730469,41.809783935546875,17.66073226928711,35.537696838378906,,14.960932731628418,58.386688232421875,33.516685485839844
2015-09-23,16.326719284057617,,20.327625274658203,15.0938138961792,41.51926040649414,17.705129623413086,35.59815979003906,,15.000242233276367,58.32790756225586,33.42744445800781
2015-09-24,16.282224655151367,,20.416179656982422,14.987144470214844,41.261940002441406,17.705129623413086,35.65863037109375,,15.121726989746094,57.73177719116211,33.33820724487305
2015-09-25,16.26198959350586,,20.45553207397461,15.20715618133545,41.344947814941406,17.674053192138672,35.885372161865234,,15.268226623535156,56.153316497802734,33.333744049072266
2015-09-28,15.756330490112305,,19.638893127441406,14.853806495666504,40.53151321411133,17.27004623413086,35.35630798339844,,15.193196296691895,53.97871780395508,32.374332427978516
2015-09-29,15.817010879516602,,19.609373092651367,14.880478858947754,40.79711151123047,17.1945743560791,35.341190338134766,,15.196760177612305,54.47407913208008,32.26723098754883
2015-09-30,16.148719787597656,,20.07181167602539,15.107151985168457,41.41136169433594,17.53641700744629,35.66618728637695,,15.468321800231934,55.60757827758789,33.13739013671875
2015-10-01,16.33075523376465,,20.11116600036621,15.113818168640137,41.32005310058594,17.54530143737793,35.66618728637695,,15.286096572875977,56.17010498046875,33.3828239440918
2015-10-02,16.731239318847656,,20.940927505493164,15.13381290435791,41.842987060546875,17.793920516967773,36.157466888427734,,15.489766120910645,57.33718490600586,33.86030960083008
2015-10-05,17.16813087463379,,21.573917388916016,15.453827857971191,43.02995681762695,18.1446475982666,36.777217864990234,,15.689865112304688,57.48827362060547,34.36008071899414
2015-10-06,17.3906192779541,,22.052757263183594,15.380496978759766,42.98847198486328,18.166837692260742,36.527801513671875,,15.582672119140625,56.13652420043945,34.105735778808594
2015-10-07,17.621200561523438,,22.331527709960938,15.50049114227295,43.552894592285156,18.251203536987305,36.86033630371094,,15.529072761535645,57.0349006652832,34.22174072265625
2015-10-08,17.867969512939453,,22.75789451599121,15.593829154968262,44.15883255004883,18.335552215576172,37.29871368408203,21.04412078857422,15.722023010253906,57.20281982421875,34.64120864868164
2015-10-09,17.8598690032959,,22.610309600830078,15.493830680847168,44.308250427246094,18.415462493896484,37.3818473815918,21.009296417236328,15.646985054016113,57.46310806274414,34.681373596191406
2015-10-12,17.70615577697754,,22.31841278076172,15.50716495513916,44.31654739379883,18.43766212463379,37.48011779785156,21.141651153564453,15.786330223083496,57.61425018310547,34.84646224975586
2015-10-13,17.63738250732422,,22.085554122924805,15.387160301208496,43.843421936035156,18.397705078125,37.253360748291016,21.009296417236328,15.750608444213867,56.892181396484375,34.6590576171875
2015-10-14,17.77896499633789,,22.275779724121094,15.260492324829102,43.37028884887695,18.362184524536133,36.82257080078125,21.009296417236328,15.747035026550293,56.78303909301758,34.306522369384766
2015-10-15,17.827510833740234,,22.675901412963867,15.607169151306152,43.843421936035156,18.597484588623047,37.15510559082031,20.946603775024414,15.979288101196289,58.050838470458984,34.752769470214844
2015-10-16,17.835601806640625,,22.70541763305664,15.70050048828125,43.61929702758789,18.63300323486328,37.51034927368164,21.34505271911621,16.000730514526367,58.57139587402344,34.93572998046875
2015-10-19,17.710195541381836,,22.25609588623047,15.687166213989258,43.67741394042969,18.70404052734375,37.67662811279297,21.594432830810547,16.011455535888672,58.78133010864258,35.100833892822266
2015-10-20,17.738513946533203,,22.31841278076172,15.780499458312988,43.967918395996094,18.65519905090332,37.653953552246094,21.615339279174805,16.065052032470703,57.85771942138672,35.05620193481445
2015-10-21,17.58075523376465,,22.042911529541016,15.667171478271484,43.9762077331543,18.513132095336914,37.661495208740234,21.632747650146484,16.032886505126953,57.33718490600586,34.9000244140625
2015-10-22,18.0621395111084,,22.439754486083984,15.920504570007324,45.20469665527344,18.93045425415039,38.40973663330078,21.906513214111328,16.218698501586914,56.99292755126953,35.35964584350586
2015-10-23,18.21181869506836,,22.387285232543945,16.09385108947754,45.37071990966797,19.458765029907227,38.34928512573242,21.64319610595703,15.932842254638672,58.210365295410156,35.53367614746094
2015-10-26,18.0621395111084,,21.839570999145508,16.027177810668945,45.2711067199707,19.3832950592041,38.273704528808594,21.671056747436523,15.875667572021484,58.43706130981445,35.783565521240234
2015-10-27,17.98527717590332,,21.577198028564453,15.933838844299316,44.7730598449707,19.272302627563477,38.32661437988281,21.676631927490234,15.818496704101562,59.511756896972656,35.614009857177734
2015-10-28,18.25631332397461,,22.05603790283203,16.30718421936035,45.12998962402344,19.560880661010742,38.107425689697266,21.597919464111328,15.650558471679688,60.00714111328125,35.95314407348633
2015-10-29,18.292722702026367,,22.167545318603516,16.287185668945312,45.105098724365234,19.507600784301758,38.12253189086914,21.696134567260742,15.561233520507812,60.27582931518555,36.055763244628906
2015-10-30,18.31698989868164,,22.311853408813477,16.053844451904297,45.046993255615234,19.378860473632812,37.69929122924805,21.559608459472656,15.632692337036133,59.89799880981445,36.131629943847656
2015-11-02,18.43025779724121,,22.83332633972168,16.27385139465332,45.56991958618164,19.552001953125,37.926025390625,21.559608459472656,15.650558471679688,61.1742057800293,36.29673385620117
2015-11-03,18.503068923950195,,23.417112350463867,16.300519943237305,45.60313034057617,19.654111862182617,37.74462890625,21.838241577148438,15.697011947631836,60.95590591430664,36.43506622314453
2015-11-04,18.381711959838867,,23.20721435546875,16.253854751586914,45.47861862182617,19.67630958557129,37.585914611816406,21.747684478759766,15.779194831848145,60.68722152709961,36.19856262207031
2015-11-05,18.28867530822754,,23.01042366027832,16.320520401000977,45.536720275878906,19.618600845336914,37.5783576965332,21.66409683227539,15.643416404724121,60.49412155151367,36.327980041503906
2015-11-06,18.337217330932617,,22.892362594604492,16.4871883392334,45.536720275878906,19.685192108154297,37.170230865478516,20.86301040649414,15.096713066101074,60.24223709106445,36.332435607910156
2015-11-09,18.21181869506836,,22.66606330871582,16.30718421936035,45.18809509277344,19.49428939819336,36.92082214355469,20.695829391479492,15.136017799377441,59.78042984008789,35.83265686035156
2015-11-10,18.07831573486328,,22.715255737304688,16.380523681640625,45.17979431152344,19.36553955078125,37.01907730102539,20.918737411499023,15.271804809570312,60.18344497680664,36.17179489135742
2015-11-11,18.098543167114258,,22.233142852783203,16.327184677124023,45.23790740966797,19.35665512084961,36.96616744995117,20.99118423461914,15.404017448425293,59.587345123291016,35.957611083984375
2015-11-12,17.734472274780273,,21.72806167602539,16.08051300048828,44.6236572265625,19.187957763671875,36.46733474731445,20.86301040649414,15.25750732421875,58.55460739135742,35.6229248046875
2015-11-13,17.96100616455078,,21.639516830444336,15.947176933288574,44.42445373535156,18.810588836669922,36.14990997314453,20.591341018676758,15.200336456298828,58.4118766784668,34.685829162597656
2015-11-16,18.191587448120117,,22.361051559448242,16.1405086517334,44.997196197509766,19.09916114807129,36.769657135009766,20.570436477661133,15.457606315612793,59.142333984375,35.105289459228516
2015-11-17,18.17136001586914,,22.11507225036621,16.107181549072266,44.905879974365234,19.103601455688477,36.75454330444336,20.890871047973633,15.178898811340332,59.394229888916016,35.17222213745117
2015-11-18,18.494979858398438,,22.47911834716797,16.393850326538086,45.52842330932617,19.392175674438477,37.26092529296875,21.138168334960938,15.275373458862305,60.552886962890625,35.7746467590332
2015-11-19,18.47475242614746,,22.177383422851562,16.4205265045166,45.72764205932617,19.48097038269043,37.35919189453125,21.253110885620117,15.439743995666504,59.53696060180664,35.81926345825195
2015-11-20,18.418127059936523,,21.941242218017578,16.447189331054688,45.96006774902344,19.62303352355957,37.09465026855469,21.427255630493164,15.504060745239258,60.04912567138672,36.247642517089844
2015-11-23,18.442394256591797,,22.09866714477539,16.380523681640625,45.72764205932617,19.507600784301758,37.41964340209961,21.538705825805664,15.36113452911377,59.89799880981445,36.38152313232422
2015-11-24,18.596118927001953,,22.57094383239746,16.33385467529297,45.65292739868164,19.512046813964844,37.51789855957031,21.2113094329834,15.33969497680664,60.08270263671875,36.3056640625
2015-11-25,18.47880744934082,,22.387285232543945,16.347187042236328,45.65292739868164,19.449901580810547,37.616146087646484,21.2113094329834,15.246789932250977,60.410133361816406,36.488616943359375
2015-11-27,18.45452880859375,,22.226573944091797,16.387191772460938,45.73592758178711,19.49428939819336,37.75975799560547,21.371522903442383,15.275373458862305,60.52770233154297,36.354759216308594
2015-11-30,18.499021530151367,,22.308570861816406,16.373857498168945,45.4371223449707,19.5164852142334,37.351619720458984,21.420286178588867,15.30038833618164,59.70488739013672,36.04684829711914
2015-12-01,18.628475189208984,,22.485673904418945,16.553861618041992,45.65292739868164,19.689626693725586,37.66905212402344,21.774850845336914,15.421874046325684,60.71242141723633,36.41722869873047
2015-12-02,18.377666473388672,,21.790380477905273,16.36052131652832,45.18809509277344,19.56532096862793,37.48011779785156,21.329729080200195,15.078849792480469,60.20022964477539,36.10039520263672
2015-12-03,18.21586036682129,,21.354175567626953,16.09385108947754,44.6236572265625,19.312267303466797,37.28361129760742,20.904802322387695,14.96450424194336,58.88205337524414,35.55598831176758
2015-12-04,18.535436630249023,,21.219701766967773,16.520526885986328,45.287715911865234,19.78730010986328,38.12253189086914,21.329729080200195,15.175328254699707,60.26741409301758,36.243194580078125
2015-12-07,18.203723907470703,,20.41290283203125,16.3671875,45.063594818115234,19.689626693725586,38.22834777832031,21.329729080200195,15.243218421936035,59.931583404541016,36.091461181640625
2015-12-08,17.8598690032959,,20.20299530029297,16.16051483154297,44.34144592285156,19.640796661376953,38.130104064941406,21.399391174316406,15.22177505493164,60.06591796875,35.984378814697266
2015-12-09,18.397897720336914,,20.46865463256836,15.973846435546875,44.20863723754883,19.352216720581055,37.767303466796875,21.280969619750977,15.225351333618164,59.46137619018555,35.524757385253906
2015-12-10,18.260356903076172,,20.599842071533203,15.987174034118652,44.416141510009766,19.405494689941406,37.812660217285156,21.10681915283203,14.975226402282715,59.90638732910156,35.645233154296875
2015-12-11,17.774919509887695,,19.829113006591797,15.633825302124023,43.66910934448242,19.001493453979492,37.396976470947266,20.993967056274414,14.932347297668457,59.02479553222656,34.83308792114258
2015-12-14,17.540298461914062,,19.934064865112305,15.667171478271484,43.82681655883789,19.147994995117188,37.767303466796875,21.05875587463379,15.007383346557617,59.41102600097656,35.01158142089844
2015-12-15,17.63738250732422,,20.43585777282715,16.03384780883789,43.835113525390625,19.23235321044922,38.009159088134766,21.301864624023438,15.1253023147583,60.18344497680664,35.20347213745117
2015-12-16,17.819421768188477,,20.301393508911133,16.293855667114258,44.6153564453125,19.49428939819336,38.74229049682617,21.684993743896484,15.507635116577148,60.96429443359375,35.79249954223633
2015-12-17,17.463436126708984,,19.802871704101562,16.06050682067871,43.87663269042969,19.187957763671875,38.24345779418945,21.657135009765625,15.539790153503418,60.30937957763672,35.20347213745117
2015-12-18,17.227462768554688,,19.4560489654541,15.63115406036377,43.207706451416016,18.815832138061523,37.56584167480469,21.37541389465332,15.346647262573242,59.435035705566406,34.650089263916016
2015-12-21,17.382328033447266,,19.475902557373047,15.785457611083984,43.5417366027832,19.007692337036133,37.99220657348633,21.410629272460938,15.335819244384766,59.97465896606445,34.82483673095703
2015-12-22,17.6024169921875,,19.70425033569336,15.9330472946167,44.14301300048828,19.146007537841797,38.48710632324219,21.607826232910156,15.465782165527344,60.379398345947266,35.08024978637695
2015-12-23,18.018123626708984,,20.56139373779297,16.120891571044922,44.660762786865234,19.306638717651367,38.76881408691406,21.819122314453125,15.704049110412598,61.02861785888672,35.25946807861328
2015-12-24,17.977371215820312,,20.376062393188477,16.10747718811035,44.64406967163086,19.29772186279297,38.73073959350586,21.840246200561523,15.693222999572754,61.0876579284668,35.16538619995117
2015-12-28,17.85102653503418,,20.005409240722656,16.094053268432617,44.54386520385742,19.284332275390625,38.67742919921875,21.78179168701172,15.722101211547852,60.80097579956055,35.25498580932617
2015-12-29,18.018123626708984,,20.1444091796875,16.261770248413086,44.96975326538086,19.54759407043457,39.01244354248047,22.143095016479492,15.808745384216309,61.54295349121094,35.66273880004883
2015-12-30,17.85102653503418,,19.87303352355957,16.147722244262695,44.593963623046875,19.382492065429688,38.875396728515625,22.143095016479492,15.794303894042969,61.281551361083984,35.3759651184082
2015-12-31,17.69615364074707,,19.96238899230957,15.986720085144043,44.268280029296875,19.110319137573242,38.44142532348633,21.962797164916992,15.624628067016602,60.733524322509766,35.0219841003418
2016-01-04,17.419010162353516,,19.955766677856445,15.678112030029297,43.67535400390625,18.860445022583008,37.95415496826172,21.452882766723633,15.59213924407959,59.637413024902344,34.42156982421875
2016-01-05,17.410865783691406,,20.031885147094727,15.738492012023926,43.792274475097656,18.81136703491211,38.1977653503418,22.102951049804688,15.704049110412598,59.92406463623047,34.37675476074219
2016-01-06,16.954395294189453,,19.26079559326172,15.496993064880371,43.115848541259766,18.57935333251953,38.0683479309082,21.88954734802246,15.675164222717285,59.435035705566406,34.04068374633789
2016-01-07,16.49386215209961,,18.790855407714844,15.060925483703613,41.94672775268555,18.030534744262695,37.61152648925781,21.488100051879883,15.570478439331055,58.229305267333984,33.341697692871094
2016-01-08,16.326766967773438,,18.54926872253418,14.826120376586914,41.52081298828125,17.88775634765625,37.322208404541016,21.206382751464844,15.563261032104492,57.35239028930664,32.983219146728516
2016-01-11,16.049623489379883,,18.152141571044922,14.846248626708984,41.545867919921875,18.003767013549805,37.67243576049805,21.333154678344727,15.646285057067871,56.669437408447266,33.24311828613281
2016-01-12,16.074077606201172,,18.195158004760742,14.960290908813477,41.87990951538086,18.217939376831055,37.877994537353516,21.100732803344727,15.584916114807129,57.394554138183594,33.610538482666016
2016-01-13,15.70319652557373,,17.758319854736328,14.57119083404541,40.86943817138672,17.727128982543945,37.18516159057617,20.882400512695312,15.57769775390625,55.691349029541016,32.47690200805664
2016-01-14,15.91512680053711,,18.522790908813477,14.698655128479004,41.35380172729492,18.06177520751953,37.36027526855469,20.952836990356445,15.812352180480957,57.183753967285156,32.709896087646484
2016-01-15,15.589081764221191,,17.98666763305664,14.369933128356934,40.62726974487305,17.553115844726562,36.774017333984375,20.600688934326172,15.671563148498535,56.38276672363281,32.037776947021484
2016-01-19,15.3975248336792,,17.59946632385254,14.363221168518066,40.61891174316406,17.570959091186523,37.21562576293945,20.741539001464844,15.906213760375977,56.37434005737305,32.158748626708984
2016-01-20,15.283409118652344,,17.132837295532227,14.081462860107422,40.09281539916992,17.432640075683594,36.75119400024414,20.185150146484375,15.548813819885254,56.48393630981445,31.87645721435547
2016-01-21,15.417909622192383,,17.6656494140625,14.021082878112793,40.26818084716797,17.530805587768555,36.89584732055664,20.340089797973633,15.534371376037598,56.31531524658203,32.284217834472656
2016-01-22,15.695047378540039,,18.446680068969727,14.276007652282715,40.61891174316406,18.01715087890625,37.527774810791016,20.762670516967773,15.812352180480957,57.20906066894531,32.848785400390625
2016-01-25,15.193753242492676,,17.586227416992188,13.987537384033203,40.11787796020508,17.807437896728516,37.19278335571289,20.762670516967773,15.678777694702148,56.67787551879883,32.472415924072266
2016-01-26,15.454586029052734,,18.251419067382812,14.22234058380127,40.8778076171875,17.98145866394043,37.53539276123047,20.947200775146484,15.787081718444824,57.107872009277344,32.94738006591797
2016-01-27,15.332316398620605,,18.16537857055664,14.168673515319824,40.41850662231445,17.611122131347656,37.497318267822266,20.762670516967773,15.823186874389648,56.45864486694336,32.43207931518555
2016-01-28,15.356773376464844,,18.718046188354492,14.175379753112793,40.65231704711914,17.83867645263672,37.877994537353516,20.537296295166016,16.075895309448242,55.14329528808594,32.848785400390625
2016-01-29,15.80101490020752,,19.26409912109375,14.57119083404541,41.74629211425781,18.4008731842041,38.64698791503906,20.558427810668945,16.397197723388672,56.04547882080078,33.207271575927734
2016-02-01,15.86622428894043,,18.943086624145508,14.51081371307373,41.646080017089844,18.46780014038086,38.776424407958984,20.995084762573242,16.552433013916016,56.129791259765625,33.408897399902344
2016-02-02,15.76025104522705,,18.310991287231445,14.108293533325195,40.810997009277344,18.137619018554688,38.28153991699219,20.72745704650879,16.624635696411133,55.32035446166992,32.759185791015625
2016-02-03,16.290075302124023,,18.962942123413086,14.121710777282715,41.47071838378906,18.11531639099121,38.1977653503418,20.74858856201172,16.830411911010742,55.682926177978516,32.674049377441406
2016-02-04,16.742473602294922,,18.95301628112793,14.242467880249023,42.188899993896484,18.13315773010254,37.847557067871094,20.87324333190918,16.758203506469727,55.37939453125,32.48585510253906
2016-02-05,16.550914764404297,,18.512859344482422,14.054628372192383,41.788047790527344,17.62449836730957,37.78664016723633,20.49363136291504,16.812358856201172,54.30012893676758,31.43735122680664
2016-02-08,16.11483383178711,,18.416889190673828,13.699068069458008,41.43730545043945,17.370180130004883,37.68767547607422,19.407602310180664,16.754596710205078,53.558135986328125,30.827966690063477
2016-02-09,16.314529418945312,,17.973430633544922,13.678938865661621,41.68783950805664,17.28986358642578,37.93891906738281,19.255474090576172,16.812358856201172,53.954429626464844,30.778657913208008
2016-02-10,16.1596622467041,,17.900615692138672,13.605143547058105,41.47071838378906,17.31662940979004,37.89324188232422,19.663970947265625,16.794309616088867,54.43502426147461,30.724891662597656
2016-02-11,15.809160232543945,,17.824508666992188,13.18920612335205,40.66067123413086,17.28093910217285,37.58868408203125,19.170963287353516,16.498281478881836,53.558135986328125,30.706972122192383
2016-02-12,16.277851104736328,,18.294445037841797,13.746031761169434,41.47906494140625,17.521881103515625,38.12164306640625,19.361125946044922,16.447734832763672,54.27484130859375,31.271549224853516
2016-02-16,16.526464462280273,,18.47646141052246,13.967411994934082,42.31415939331055,17.834213256835938,38.426204681396484,19.361125946044922,16.552433013916016,55.29505920410156,32.02881622314453
2016-02-17,16.85250473022461,,19.08208465576172,14.155255317687988,42.96553421020508,18.20009422302246,38.822105407714844,19.966814041137695,16.51993751525879,55.99489212036133,32.718833923339844
2016-02-18,16.80360221862793,,18.84380340576172,14.074756622314453,42.94047546386719,18.128704071044922,38.64698791503906,20.213321685791016,16.790695190429688,55.64921188354492,32.5037727355957
2016-02-19,16.60797691345215,,18.80078125,14.074756622314453,42.85695266723633,18.1420841217041,38.7078971862793,20.185150146484375,16.678781509399414,55.590171813964844,32.59339141845703
2016-02-22,16.925865173339844,,19.28064727783203,14.296136856079102,43.58349609375,18.383028030395508,38.89825439453125,20.495037078857422,16.873733520507812,56.38276672363281,33.225181579589844
2016-02-23,16.510156631469727,,18.622072219848633,14.041207313537598,43.14924240112305,18.092998504638672,38.890628814697266,20.389392852783203,16.888172149658203,55.96116638183594,33.04145812988281
2016-02-24,16.681337356567383,,18.81071662902832,14.00766658782959,43.17429733276367,18.231325149536133,39.01244354248047,20.406301498413086,16.96759605407715,56.14666748046875,33.23414611816406
2016-02-25,16.89734649658203,,18.827260971069336,14.202213287353516,43.742164611816406,18.45888328552246,39.45404052734375,20.537296295166016,17.14088249206543,56.84650421142578,33.56571960449219
2016-02-26,17.141874313354492,,18.939777374267578,14.302847862243652,43.80062484741211,18.409805297851562,38.89825439453125,20.685199737548828,16.667949676513672,56.74531936645508,33.52988052368164
2016-02-29,17.035911560058594,,18.724668502807617,14.148550033569336,43.52504348754883,18.28040313720703,38.76881408691406,20.657028198242188,16.714887619018555,55.84312438964844,33.35512924194336
2016-03-01,17.471994400024414,,19.214460372924805,14.62486457824707,44.37683868408203,18.82474708557129,39.141868591308594,21.15003776550293,16.631851196289062,57.040435791015625,34.23785400390625
2016-03-02,17.40271759033203,,19.684396743774414,14.785871505737305,44.410240173339844,18.878305435180664,39.25608825683594,21.382450103759766,16.718496322631836,57.133174896240234,34.20648193359375
2016-03-03,17.508682250976562,,19.98223876953125,14.886495590209961,44.72758483886719,18.878305435180664,39.45404052734375,21.412033081054688,16.819580078125,56.972957611083984,34.40812683105469
2016-03-04,17.71246337890625,,20.174192428588867,14.94687557220459,44.911293029785156,18.927377700805664,39.62152862548828,21.474014282226562,17.007307052612305,56.83805847167969,34.37675476074219
2016-03-07,17.916231155395508,,20.647436141967773,14.94017219543457,45.044918060302734,18.81136703491211,39.377906799316406,21.45992660522461,17.10116958618164,57.293373107910156,34.22888946533203
2016-03-08,17.565736770629883,,19.780366897583008,14.698655128479004,44.410240173339844,18.695358276367188,39.492103576660156,21.427534103393555,17.270845413208008,56.59354782104492,33.960044860839844
2016-03-09,17.675777435302734,,20.101381301879883,14.71878433227539,44.55221176147461,18.855989456176758,39.78904342651367,21.362035751342773,17.350271224975586,56.69474411010742,34.02724075317383
2016-03-10,17.769512176513672,,20.117931365966797,14.705367088317871,44.48540115356445,18.8381404876709,39.80427551269531,21.261314392089844,17.364707946777344,56.728458404541016,34.11237335205078
2016-03-11,18.095558166503906,,20.637510299682617,15.087756156921387,45.12843322753906,19.128162384033203,39.93369674682617,21.755733489990234,17.38275909423828,57.83300018310547,34.636634826660156
2016-03-14,17.973297119140625,,20.50182342529297,15.040800094604492,45.170188903808594,19.150474548339844,39.910858154296875,21.826168060302734,17.4044189453125,57.58849334716797,34.76659393310547
2016-03-15,18.014049530029297,,20.462108612060547,15.034088134765625,45.14512252807617,19.221866607666016,40.00984191894531,21.970544815063477,17.436906814575195,56.69474411010742,34.757625579833984
2016-03-16,18.164844512939453,,20.81622314453125,15.0005464553833,45.30377960205078,19.444965362548828,40.10118865966797,21.80503273010254,17.70406150817871,56.559818267822266,35.039913177490234
2016-03-17,18.499034881591797,,21.100826263427734,15.181682586669922,46.29753875732422,19.5163516998291,40.344844818115234,22.534683227539062,17.801530838012695,55.902156829833984,35.08919906616211
2016-03-18,18.57552146911621,,21.161487579345703,15.316447257995605,46.694576263427734,19.547744750976562,40.29202651977539,22.376123428344727,17.688051223754883,56.55963134765625,35.13462829589844
2016-03-21,18.66140365600586,,21.088163375854492,15.289488792419434,46.971561431884766,19.615005493164062,40.31498718261719,22.262357711791992,17.669864654541016,56.889671325683594,35.152645111083984
2016-03-22,18.448740005493164,,20.971500396728516,15.242326736450195,46.70298385620117,19.619495391845703,40.07776641845703,22.223251342773438,17.61166763305664,57.45661163330078,35.094146728515625
2016-03-23,18.219711303710938,,20.511539459228516,15.127774238586426,46.40079879760742,19.50737953186035,40.08539962768555,22.141490936279297,17.74260711669922,57.0504264831543,34.84668731689453
2016-03-24,18.219711303710938,,20.61153793334961,15.033438682556152,46.26649475097656,19.561199188232422,40.039493560791016,22.177034378051758,17.789894104003906,57.025054931640625,34.89167404174805
2016-03-28,18.297422409057617,,20.501544952392578,15.080601692199707,46.283267974853516,19.51186180114746,40.25375747680664,22.319244384765625,17.72441864013672,56.864280700683594,35.049171447753906
2016-03-29,18.399667739868164,,20.59819984436035,15.107558250427246,46.58544921875,19.816814422607422,40.55223083496094,22.802743911743164,17.986305236816406,57.52430725097656,35.40459060668945
2016-03-30,18.481456756591797,,20.638202667236328,15.195154190063477,46.669395446777344,19.93340301513672,40.82008361816406,22.752971649169922,17.942659378051758,57.53276443481445,35.62955856323242
2016-03-31,18.326047897338867,,20.62820053100586,15.161465644836426,46.56028366088867,19.89304542541504,40.60579299926758,22.866737365722656,18.048137664794922,57.355064392089844,35.58906555175781
2016-04-01,18.501909255981445,,20.35155487060547,15.296229362487793,46.778507232666016,20.045516967773438,41.034358978271484,22.914371490478516,18.117250442504883,58.00663757324219,35.737548828125
2016-04-04,18.260616302490234,,20.20157241821289,15.222111701965332,46.249717712402344,19.969276428222656,41.049659729003906,22.880962371826172,18.040868759155273,58.70051193237305,35.458587646484375
2016-04-05,18.14609718322754,,20.06492042541504,15.00648307800293,45.96431350708008,19.776447296142578,40.77415084838867,22.676179885864258,17.702594757080078,57.93894577026367,35.15713119506836
2016-04-06,18.35468292236328,,20.498207092285156,15.087340354919434,46.19094467163086,19.969276428222656,41.0955810546875,22.738746643066406,17.68077850341797,59.49592590332031,35.49009323120117
2016-04-07,18.08884048461914,,20.378223419189453,14.804335594177246,45.74606704711914,19.68227767944336,40.65171432495117,22.553876876831055,17.67350196838379,58.844364166259766,35.08965301513672
2016-04-08,18.207441329956055,,20.788183212280273,14.858235359191895,45.9223518371582,19.68227767944336,40.87364959716797,22.76719093322754,17.7680721282959,58.68357849121094,35.035667419433594
2016-04-11,18.28923988342285,,20.70153045654297,14.918879508972168,45.93913650512695,19.628467559814453,40.58284378051758,22.752971649169922,17.691688537597656,58.2351188659668,34.905181884765625
2016-04-12,18.542804718017578,,21.318143844604492,15.107558250427246,46.207740783691406,19.762996673583984,40.83539581298828,22.852514266967773,17.815353393554688,58.708984375,35.17064666748047
2016-04-13,18.726839065551758,,21.418128967285156,15.45121955871582,46.896018981933594,19.964792251586914,40.5216178894043,22.765050888061523,17.706241607666016,59.259010314941406,35.66556167602539
2016-04-14,18.73910903930664,,21.46812629699707,15.48491096496582,46.97995376586914,19.96031379699707,40.337947845458984,22.674760818481445,17.684417724609375,59.29286193847656,35.66556167602539
2016-04-15,18.824996948242188,,21.17815589904785,15.430999755859375,47.0471076965332,19.884078979492188,40.59049606323242,22.8311824798584,17.782617568969727,59.250545501708984,35.76454162597656
2016-04-18,18.91087532043457,,21.528121948242188,15.545559883117676,47.08908462524414,19.969276428222656,40.82008361816406,22.916505813598633,17.851722717285156,59.80055236816406,36.10199737548828
2016-04-19,19.315759658813477,,21.958084106445312,15.740968704223633,47.42485046386719,19.857168197631836,40.797115325927734,22.838293075561523,17.880823135375977,60.012115478515625,35.904014587402344
2016-04-20,19.258501052856445,,22.154733657836914,15.862260818481445,47.34929656982422,19.89752960205078,40.337947845458984,22.61076545715332,17.433446884155273,60.33365249633789,35.949005126953125
2016-04-21,19.172618865966797,,22.02474021911621,15.720749855041504,47.23178482055664,19.825777053833008,39.618587493896484,22.08745002746582,17.069713592529297,60.689056396484375,35.82304382324219
2016-04-22,19.307580947875977,,22.34471893310547,15.868999481201172,47.34929656982422,19.480472564697266,39.76399612426758,22.36901092529297,17.22247314453125,60.81603240966797,35.751033782958984
2016-04-25,19.242151260375977,,22.094736099243164,15.835310935974121,47.12265396118164,19.484960556030273,40.039493560791016,22.52615737915039,17.255210876464844,60.57906723022461,35.791534423828125
2016-04-26,19.39755630493164,,22.448043823242188,15.93637466430664,47.54234313964844,19.390783309936523,39.878780364990234,22.589435577392578,17.280672073364258,60.35059356689453,35.87702941894531
2016-04-27,19.561141967773438,,22.874670028686523,15.963335990905762,47.87810134887695,19.301095962524414,40.07009506225586,22.504106521606445,17.531652450561523,60.28289031982422,35.84102249145508
2016-04-28,19.37710952758789,,22.534704208374023,15.794877052307129,47.41643524169922,19.058937072753906,40.10836410522461,22.52686309814453,17.506183624267578,59.995208740234375,35.454097747802734
2016-04-29,19.26259422302246,,22.49803352355957,15.707280158996582,47.139442443847656,18.893014907836914,40.024173736572266,22.3121395111084,17.61166763305664,59.055908203125,35.634056091308594
2016-05-02,19.332120895385742,,22.474706649780273,15.84878158569336,47.38286590576172,19.03202247619629,40.48335647583008,22.546768188476562,17.753522872924805,59.39440155029297,36.13347625732422
2016-05-03,19.013120651245117,,21.944753646850586,15.646626472473145,46.99674987792969,18.85713768005371,40.40683364868164,22.660531997680664,17.738977432250977,59.208221435546875,35.800537109375
2016-05-04,18.820903778076172,,21.628108978271484,15.525339126586914,46.41758346557617,18.798837661743164,40.52927780151367,22.98761558532715,17.94629669189453,58.64129638671875,35.6385612487793
2016-05-05,18.726839065551758,,21.804763793945312,15.51860237121582,46.39239501953125,18.807802200317383,40.536930084228516,23.00894546508789,17.877187728881836,58.88667297363281,35.40909194946289
2016-05-06,18.878158569335938,,21.75476837158203,15.585987091064453,46.70298385620117,18.946823120117188,40.743553161621094,23.12981414794922,17.760799407958984,58.53975296020508,35.6700439453125
2016-05-09,18.649133682250977,,21.438127517700195,15.545559883117676,46.493125915527344,18.946823120117188,40.96546936035156,23.3630313873291,17.862638473510742,59.208221435546875,35.76903533935547
2016-05-10,18.95995330810547,,21.814760208129883,15.767926216125488,47.29052734375,19.193471908569336,41.37108612060547,23.449777603149414,17.880823135375977,59.707462310791016,36.22796630859375
2016-05-11,18.894521713256836,,21.88142204284668,15.599462509155273,46.896018981933594,19.05445098876953,41.04201126098633,23.023160934448242,17.94629669189453,58.98822021484375,35.49907684326172
2016-05-12,18.97631072998047,,21.941415786743164,15.606200218200684,46.79530715942383,19.000635147094727,41.26394271850586,23.101377487182617,18.051780700683594,58.64129638671875,35.56657409667969
2016-05-13,18.792278289794922,,21.66144561767578,15.417524337768555,46.207740783691406,18.928892135620117,40.743553161621094,22.76790428161621,17.96448516845703,58.5058708190918,35.143646240234375
2016-05-16,19.115367889404297,,22.028078079223633,15.498384475708008,46.778507232666016,19.193471908569336,41.003746032714844,23.07862091064453,17.986305236816406,59.301307678222656,35.36410140991211
2016-05-17,19.017210006713867,,22.13140296936035,15.410788536071777,46.551876068115234,19.000635147094727,40.2001953125,22.696086883544922,17.68077850341797,58.68357849121094,34.96366500854492
2016-05-18,18.726839065551758,,21.9180850982666,15.680326461791992,46.39239501953125,19.03651237487793,39.7333869934082,22.136507034301758,17.349782943725586,58.928993225097656,34.76121139526367
2016-05-19,18.792278289794922,,21.92142105102539,15.532078742980957,45.95591735839844,18.93337631225586,40.12367248535156,22.091705322265625,17.52436637878418,58.42974090576172,34.72970962524414
2016-05-20,18.927234649658203,,22.051406860351562,15.639890670776367,46.19094467163086,19.162076950073242,39.917049407958984,22.24245262145996,17.564382553100586,58.97129440307617,34.95915985107422
2016-05-23,19.148080825805664,,21.9947509765625,15.626419067382812,46.10701370239258,19.126205444335938,39.955326080322266,22.3121395111084,17.40797996520996,58.73438262939453,34.83769989013672
2016-05-24,19.274864196777344,,22.104734420776367,15.862260818481445,46.58544921875,19.484960556030273,40.29202651977539,22.461448669433594,17.582569122314453,59.58056640625,35.25612258911133
2016-05-25,19.512069702148438,,22.454708099365234,16.03072166442871,46.9044303894043,19.619495391845703,40.353248596191406,22.613605499267578,17.531652450561523,59.952880859375,35.4495964050293
2016-05-26,19.30349349975586,,22.361385345458984,15.93637466430664,46.77011489868164,19.68227767944336,40.51395797729492,22.596546173095703,17.731693267822266,59.961360931396484,35.52157974243164
2016-05-27,19.29530906677246,,22.37471580505371,16.044193267822266,46.946388244628906,19.776447296142578,40.55989456176758,22.685420989990234,17.760799407958984,60.232139587402344,35.68806076049805
2016-05-31,19.197154998779297,,22.288057327270508,16.003767013549805,46.9379997253418,19.816814422607422,40.2996826171875,22.696086883544922,17.877187728881836,60.3759765625,35.652069091796875
2016-06-01,19.221694946289062,,22.29472541809082,16.037464141845703,46.97995376586914,19.767478942871094,40.712947845458984,22.61076545715332,17.924474716186523,60.595985412597656,35.62955856323242
2016-06-02,19.328027725219727,,22.264724731445312,16.071151733398438,47.03872299194336,19.749542236328125,40.728248596191406,22.681869506835938,17.93174934387207,61.374481201171875,35.827537536621094
2016-06-03,19.491619110107422,,22.178068161010742,15.842044830322266,46.99674987792969,19.704692840576172,40.98844528198242,22.78425407409668,18.215456008911133,61.17141342163086,35.593570709228516
2016-06-06,19.692018508911133,,22.66801643371582,15.93637466430664,47.44163131713867,19.74057388305664,41.034358978271484,22.79563331604004,18.18999671936035,61.501399993896484,35.68354797363281
2016-06-07,19.700191497802734,,23.18131446838379,15.902690887451172,47.66824722290039,19.821292877197266,40.98844528198242,22.81412124633789,18.175447463989258,61.12065505981445,35.72854232788086
2016-06-08,19.814701080322266,,23.127988815307617,15.916163444519043,47.970428466796875,19.861658096313477,41.23332977294922,22.92362403869629,18.284564971923828,61.33218002319336,35.76903533935547
2016-06-09,19.671560287475586,,22.951330184936523,15.801608085632324,47.96204376220703,19.866140365600586,41.394039154052734,22.97196388244629,18.44096565246582,61.23063659667969,35.68806076049805
2016-06-10,19.524341583251953,,22.454708099365234,15.606200218200684,47.399662017822266,19.713666915893555,41.42465591430664,22.859628677368164,18.3936824798584,60.7398567199707,35.31462478637695
2016-06-13,19.307580947875977,,22.38804817199707,15.498384475708008,46.88764190673828,19.49393081665039,41.08026885986328,22.852514266967773,18.371854782104492,60.25752258300781,35.12114334106445
2016-06-14,19.16443634033203,,22.37471580505371,15.269281387329102,46.896018981933594,19.538772583007812,41.2409782409668,22.745861053466797,18.470062255859375,60.35059356689453,35.031158447265625
2016-06-15,19.250324249267578,,22.321388244628906,15.289488792419434,46.9128303527832,19.489439010620117,41.11853790283203,22.980499267578125,18.35367202758789,59.935943603515625,35.130130767822266
2016-06-16,19.315759658813477,,22.21472930908203,15.329924583435059,46.99674987792969,19.529802322387695,41.33281326293945,23.09853172302246,18.470062255859375,60.147518157958984,35.24262237548828
2016-06-17,19.400022506713867,,22.4415283203125,15.317058563232422,47.03642272949219,19.39957046508789,41.16575622558594,23.062685012817383,18.536808013916016,59.523048400878906,35.18708801269531
2016-06-20,19.5109920501709,,22.6361141204834,15.405125617980957,47.466861724853516,19.480684280395508,41.296634674072266,23.084190368652344,18.467132568359375,59.8968620300293,35.50315475463867
2016-06-21,19.457565307617188,,22.904516220092773,15.493192672729492,47.4330940246582,19.61587142944336,41.404422760009766,23.270587921142578,18.492801666259766,59.6929931640625,35.421871185302734
2016-06-22,19.478116989135742,,22.777023315429688,15.479639053344727,47.29806137084961,19.548280715942383,41.42751693725586,23.24907684326172,18.40479278564453,59.862884521484375,35.372222900390625
2016-06-23,19.778156280517578,,23.152790069580078,15.804810523986816,47.84667205810547,19.81415557861328,41.68156814575195,23.349445343017578,18.456130981445312,60.64451599121094,35.71989440917969
2016-06-24,18.91501808166504,,22.404624938964844,14.9580078125,45.897010803222656,19.05258560180664,40.88089370727539,23.055519104003906,18.4854679107666,58.88584518432617,34.39241409301758
2016-06-27,18.277942657470703,,21.68665313720703,14.531211853027344,44.816680908203125,18.669553756713867,40.79621505737305,23.019670486450195,18.71282196044922,58.09571075439453,33.760284423828125
2016-06-28,18.43412971496582,,22.29055404663086,14.903809547424316,45.5762825012207,19.039072036743164,41.05027389526367,23.442649841308594,18.782493591308594,59.22568893432617,34.433040618896484
2016-06-29,18.746503829956055,,22.713279724121094,15.242535591125488,46.386539459228516,19.331979751586914,41.52759552001953,23.887123107910156,18.83383560180664,60.35567092895508,34.98842239379883
2016-06-30,19.04654884338379,,22.894451141357422,15.48641300201416,47.272735595703125,19.543771743774414,42.45915985107422,24.080690383911133,19.240875244140625,60.924888610839844,35.24577331542969
2016-07-01,19.05476188659668,,23.015228271484375,15.405125617980957,47.42465591430664,19.588836669921875,42.25899124145508,24.066349029541016,19.24454116821289,61.307212829589844,35.61151885986328
2016-07-05,18.70951271057129,,22.5522403717041,15.174789428710938,46.994224548339844,19.44463348388672,42.497657775878906,24.241987228393555,19.387557983398438,61.24774169921875,35.32255172729492
2016-07-06,18.783496856689453,,22.649538040161133,15.215438842773438,47.23053741455078,19.579824447631836,42.53614807128906,24.209728240966797,19.427892684936523,61.935916900634766,35.625064849853516
2016-07-07,18.83281135559082,,22.41804313659668,15.235757827758789,47.357147216796875,19.579824447631836,42.451473236083984,23.908632278442383,19.06852149963379,61.842445373535156,35.7785758972168
2016-07-08,19.301372528076172,,22.716632843017578,15.527057647705078,48.302433013916016,19.88625717163086,42.87489318847656,24.32300567626953,19.266542434692383,62.60711669921875,36.40167999267578
2016-07-11,19.39591407775879,,22.760244369506836,15.615132331848145,48.60627365112305,20.003416061401367,42.882591247558594,24.510820388793945,19.251873016357422,62.43717575073242,36.61388397216797
2016-07-12,19.749380111694336,,23.32388687133789,15.811586380004883,49.053592681884766,20.165647506713867,42.65163803100586,24.56100845336914,18.987852096557617,62.743045806884766,36.75838088989258
2016-07-13,19.802820205688477,,23.122589111328125,15.811586380004883,49.171749114990234,20.170148849487305,42.890289306640625,24.675716400146484,19.1381893157959,62.71755599975586,36.577781677246094
2016-07-14,19.979555130004883,,23.240013122558594,15.960623741149902,49.54313278198242,20.300830841064453,42.882591247558594,24.538780212402344,19.013521194458008,62.98943328857422,36.726776123046875
2016-07-15,20.049419403076172,,23.226591110229492,15.933526992797852,49.53467559814453,20.282806396484375,42.882591247558594,24.502939224243164,19.06852149963379,62.938438415527344,36.56422805786133
2016-07-18,20.180957794189453,,23.24336814880371,15.987724304199219,49.49248123168945,20.417991638183594,42.83639907836914,24.510820388793945,19.123533248901367,62.96391296386719,36.704193115234375
2016-07-19,20.061765670776367,,23.11252784729004,15.994501113891602,49.51779556274414,20.3729305267334,42.805599212646484,24.581077575683594,19.09052276611328,62.8280029296875,36.636478424072266
2016-07-20,20.069974899291992,,23.0789794921875,16.021587371826172,49.61063766479492,20.63880729675293,42.65163803100586,24.54667091369629,18.980506896972656,63.3972282409668,36.78999710083008
2016-07-21,19.946674346923828,,22.850830078125,15.940303802490234,49.1042366027832,20.530651092529297,42.5284423828125,24.61836051940918,19.094188690185547,63.58414077758789,36.6906623840332
2016-07-22,20.000104904174805,,22.92128562927246,16.041921615600586,49.19707489013672,20.652320861816406,42.728614807128906,24.804750442504883,19.347219467163086,63.71158218383789,36.844173431396484
2016-07-25,19.96722412109375,,22.46500587463379,16.0080509185791,48.93543243408203,20.625280380249023,42.682411193847656,24.768905639648438,19.314210891723633,63.64360046386719,36.90288543701172
2016-07-26,20.119300842285156,,22.595853805541992,16.021587371826172,49.340538024902344,20.670345306396484,42.351375579833984,24.629112243652344,19.145532608032227,63.53316116333008,36.85771560668945
2016-07-27,20.143964767456055,,22.37442398071289,16.01482391357422,49.14643478393555,20.841588973999023,41.720062255859375,24.446304321289062,18.925508499145508,63.82205581665039,36.74484634399414
2016-07-28,20.115190505981445,,22.37778091430664,16.048694610595703,49.129547119140625,20.8551025390625,41.904842376708984,24.596851348876953,18.99884796142578,63.76255798339844,36.81256866455078
2016-07-29,20.01243019104004,,22.60591697692871,16.021587371826172,48.98607635498047,20.931711196899414,42.11271667480469,24.860673904418945,19.112525939941406,63.890010833740234,36.85321044921875
2016-08-01,19.90146255493164,,21.861114501953125,15.980955123901367,48.9269905090332,20.972265243530273,42.15890121459961,24.940961837768555,19.123533248901367,64.29780578613281,36.911895751953125
2016-08-02,19.848026275634766,,22.059059143066406,15.845458030700684,48.47122573852539,20.81454849243164,42.097312927246094,24.56100845336914,18.99884796142578,64.05143737792969,36.36105728149414
2016-08-03,19.89735221862793,,22.485137939453125,16.0080509185791,48.707550048828125,20.886648178100586,41.86634063720703,24.374614715576172,18.885173797607422,63.873023986816406,36.46489334106445
2016-08-04,19.979555130004883,,22.45159149169922,15.967400550842285,48.724422454833984,20.99930191040039,41.958736419677734,24.331602096557617,18.87416648864746,63.77956008911133,36.446834564208984
2016-08-05,20.045318603515625,,22.656248092651367,16.27225112915039,49.21395492553711,21.202085494995117,42.028018951416016,24.331602096557617,18.60281753540039,63.932491302490234,36.830631256103516
2016-08-08,20.08641815185547,,22.958194732666016,16.29257583618164,49.2814826965332,21.19758415222168,41.98182678222656,24.32442855834961,18.595478057861328,63.388755798339844,36.708702087402344
2016-08-09,20.024770736694336,,22.837419509887695,16.306121826171875,49.26460647583008,21.242645263671875,42.11271667480469,24.489322662353516,18.59181022644043,63.54167175292969,36.60034942626953
2016-08-10,20.02887535095215,,22.58914566040039,16.177404403686523,49.239261627197266,21.175050735473633,42.26668167114258,24.43913459777832,18.595478057861328,63.329254150390625,36.6771125793457
2016-08-11,20.115190505981445,,22.92128562927246,16.21127700805664,49.559993743896484,21.251657485961914,42.26668167114258,24.209728240966797,18.639488220214844,63.69460678100586,37.042842864990234
2016-08-12,19.90146255493164,,23.04877471923828,16.163862228393555,49.42496109008789,21.229127883911133,42.4129638671875,24.288578033447266,18.66514778137207,63.53316116333008,37.0247802734375
2016-08-15,20.102859497070312,,23.23330307006836,16.27225112915039,49.754127502441406,21.3327693939209,42.305179595947266,24.259910583496094,18.37912368774414,63.64360046386719,37.09703063964844
2016-08-16,19.995994567871094,,23.27020835876465,16.231609344482422,49.53467559814453,21.175050735473633,42.12040710449219,23.96597671508789,18.162765502929688,63.07438659667969,36.88481140136719
2016-08-17,19.979555130004883,,23.34066390991211,16.285802841186523,49.67814636230469,21.166038513183594,42.23589324951172,24.066349029541016,18.434123992919922,63.20182418823242,36.79902267456055
2016-08-18,20.106966018676758,,23.82042694091797,16.27225112915039,49.8300666809082,21.175050735473633,42.38218307495117,24.016159057617188,18.66147804260254,63.22732925415039,36.77644729614258
2016-08-19,20.1357364654541,,23.62248420715332,16.265483856201172,49.81319808959961,21.188570022583008,42.2820930480957,23.82976722717285,18.434123992919922,63.17631912231445,36.79902267456055
2016-08-22,20.106966018676758,,23.350732803344727,16.265483856201172,49.77101135253906,21.188570022583008,42.34367370605469,23.944477081298828,18.48179817199707,63.30375289916992,36.76289749145508
2016-08-23,20.279590606689453,,23.515125274658203,16.285802841186523,49.81319808959961,21.265174865722656,42.25899124145508,23.93012809753418,18.401126861572266,63.363250732421875,36.948028564453125
2016-08-24,20.045318603515625,,23.421175003051758,16.279029846191406,49.66127395629883,21.148012161254883,42.1896858215332,23.865612030029297,18.393789291381836,62.369224548339844,36.77193069458008
2016-08-25,20.143964767456055,,23.357439041137695,16.312898635864258,49.65284729003906,21.19308090209961,42.028018951416016,23.96597671508789,18.40479278564453,61.842445373535156,36.65000534057617
2016-08-26,20.02887535095215,,23.276920318603516,16.333219528198242,49.509361267089844,21.202085494995117,41.81246566772461,23.72940444946289,18.023420333862305,62.08032989501953,36.546165466308594
2016-08-29,20.209728240966797,,23.434598922729492,16.47548484802246,49.863834381103516,21.283203125,42.05881881713867,23.96597671508789,18.17010498046875,62.2162971496582,36.67259979248047
2016-08-30,20.160396575927734,,23.354080200195312,16.624521255493164,49.728797912597656,21.21110725402832,41.81246566772461,23.894285202026367,17.979413986206055,62.00388717651367,36.46941375732422
2016-08-31,19.959003448486328,,22.98503875732422,16.63807487487793,49.45027160644531,21.175050735473633,41.86634063720703,23.93012809753418,18.052753448486328,61.816978454589844,36.37459182739258
2016-09-01,20.04120635986328,,22.917930603027344,16.570323944091797,49.49248123168945,21.242645263671875,41.88174057006836,23.92296028137207,17.961082458496094,61.65552520751953,36.446834564208984
2016-09-02,20.242603302001953,,23.17626953125,16.64484977722168,49.737239837646484,21.337278366088867,42.20510482788086,24.080690383911133,18.199440002441406,61.723533630371094,36.51907730102539
2016-09-06,20.1973934173584,,23.525190353393555,16.617748260498047,49.5937614440918,21.44542694091797,42.297489166259766,24.281417846679688,18.397451400756836,61.94441223144531,36.58681106567383
2016-09-07,20.168622970581055,,23.659387588500977,16.61097526550293,49.65284729003906,21.499500274658203,41.92794418334961,24.402494430541992,18.401126861572266,61.94441223144531,36.60486602783203
2016-09-08,20.082311630249023,,24.10223960876465,16.597429275512695,49.61063766479492,21.323759078979492,41.69697189331055,24.09259796142578,18.463464736938477,61.995384216308594,36.2888069152832
2016-09-09,19.4986629486084,,23.384281158447266,16.285802841186523,48.20958709716797,20.8010311126709,40.56524658203125,23.177326202392578,17.770401000976562,60.75496292114258,35.412845611572266
2016-09-12,19.68362045288086,,23.615772247314453,16.468708038330078,48.825714111328125,21.148012161254883,41.32741928100586,23.271013259887695,18.085758209228516,61.65552520751953,35.90953063964844
2016-09-13,19.31781578063965,,22.941417694091797,16.177404403686523,48.108306884765625,20.994796752929688,40.819305419921875,22.860219955444336,17.836400985717773,60.831443786621094,35.3993034362793
2016-09-14,19.27260398864746,,22.669662475585938,16.13676643371582,48.06610870361328,21.093936920166016,40.69611740112305,22.903459548950195,17.90607452392578,60.831443786621094,35.40382385253906
2016-09-15,19.39591407775879,,22.951486587524414,16.231609344482422,48.44590377807617,21.440916061401367,41.027191162109375,23.076431274414062,18.041757583618164,61.46014404296875,35.66118621826172
2016-09-16,19.3182430267334,,22.76618194580078,16.07777214050293,48.0402717590332,21.36219024658203,40.89393997192383,22.997150421142578,18.217788696289062,61.50193405151367,35.58414077758789
2016-09-19,19.347158432006836,,22.75267791748047,16.18028450012207,48.25242233276367,21.32146453857422,40.808712005615234,23.23497200012207,18.399015426635742,61.28018569946289,35.55693435668945
2016-09-20,19.289318084716797,,22.587289810180664,16.188661575317383,48.294857025146484,21.307886123657227,40.917171478271484,23.19173812866211,18.365732192993164,61.46780776977539,35.58414077758789
2016-09-21,19.582653045654297,,23.110462188720703,16.289215087890625,48.92284393310547,21.547712326049805,41.141815185546875,23.458391189575195,18.73925018310547,62.0819091796875,35.92860794067383
2016-09-22,19.644609451293945,,23.137462615966797,16.322738647460938,49.270774841308594,21.67893409729004,41.505916595458984,23.91963005065918,18.853900909423828,62.55097961425781,36.19148254394531
2016-09-23,19.54546546936035,,22.830312728881836,16.238937377929688,48.982234954833984,21.48888397216797,41.31999588012695,24.013307571411133,18.839111328125,62.354835510253906,36.10988998413086
2016-09-26,19.454572677612305,,22.729055404663086,15.979188919067383,48.770084381103516,21.36219024658203,40.97140884399414,24.063770294189453,18.791030883789062,61.629878997802734,35.711036682128906
2016-09-27,19.512413024902344,,22.577165603637695,16.10487174987793,49.109527587890625,21.597484588623047,41.141815185546875,23.854766845703125,18.54694175720215,62.06482696533203,36.073631286621094
2016-09-28,19.735502243041992,,23.5526123046875,16.18028450012207,49.49141311645508,21.63821029663086,41.2115478515625,24.020526885986328,18.521055221557617,61.97099304199219,36.1733512878418
2016-09-29,19.582653045654297,,23.512115478515625,15.954054832458496,49.10104751586914,21.506986618041992,40.808712005615234,23.72504425048828,18.243690490722656,60.87933349609375,35.987525939941406
2016-09-30,19.727249145507812,,23.832767486572266,16.171907424926758,49.54232406616211,21.620107650756836,41.219295501708984,23.616947174072266,18.117937088012695,61.50193405151367,36.27759552001953
2016-10-03,19.70245933532715,,23.81589126586914,16.096494674682617,49.58476257324219,21.5567626953125,40.95590591430664,23.16290855407715,17.86275863647461,61.45078659057617,36.25493621826172
2016-10-04,19.433914184570312,,23.572864532470703,16.163530349731445,49.16893005371094,21.479835510253906,40.60730743408203,22.80977439880371,17.489227294921875,61.331356048583984,36.12803268432617
2016-10-05,19.566120147705078,,23.934022903442383,16.423280715942383,49.48292541503906,21.5567626953125,40.56858825683594,22.384559631347656,17.452251434326172,61.570167541503906,36.27759552001953
2016-10-06,19.727249145507812,,23.971147537231445,16.448423385620117,49.48292541503906,21.606538772583008,40.64604949951172,22.427806854248047,17.448551177978516,61.33985900878906,36.30479431152344
2016-10-07,19.35955047607422,,23.832767486572266,16.440046310424805,48.84645462036133,21.547712326049805,40.53759765625,22.37015151977539,17.426359176635742,61.2972526550293,36.141624450683594
2016-10-10,19.47523307800293,,24.20742416381836,16.52383041381836,48.89738082885742,21.69703483581543,40.53759765625,22.456634521484375,17.570589065551758,61.578697204589844,36.200557708740234
2016-10-11,19.210819244384766,,23.93065071105957,16.373014450073242,48.38819885253906,21.452686309814453,40.328433990478516,22.283668518066406,17.37088394165039,60.034942626953125,35.760894775390625
2016-10-12,19.17363929748535,,23.829389572143555,16.35625457763672,48.4815559387207,21.48888397216797,40.5530891418457,22.60076904296875,17.54100799560547,59.75351333618164,35.92860794067383
2016-10-13,19.074485778808594,,23.697755813598633,16.19704818725586,48.464576721191406,21.353139877319336,40.56083297729492,22.672834396362305,17.759206771850586,59.77908706665039,35.797157287597656
2016-10-14,19.13645362854004,,23.559370040893555,16.2724552154541,48.56641387939453,21.434589385986328,40.56858825683594,22.644020080566406,17.659351348876953,59.37822723388672,35.75636672973633
2016-10-17,19.152982711791992,,23.444608688354492,16.19704818725586,48.43912887573242,21.38933753967285,40.37490463256836,22.66562843322754,17.755504608154297,59.18205642700195,35.461761474609375
2016-10-18,19.326507568359375,,23.53911781311035,16.33111572265625,48.540950775146484,21.506986618041992,40.49885177612305,22.78094482421875,17.90713882446289,59.88996124267578,35.69744873046875
2016-10-19,19.466968536376953,,23.873271942138672,16.473560333251953,48.6937141418457,21.547712326049805,40.2664680480957,22.867420196533203,17.866451263427734,59.668216705322266,35.8560905456543
2016-10-20,19.450443267822266,,23.846271514892578,16.473560333251953,48.43062210083008,21.448158264160156,40.24322509765625,22.788156509399414,17.855363845825195,59.94966506958008,35.78810501098633
2016-10-21,19.442182540893555,,23.691009521484375,16.465177536010742,48.362754821777344,21.506986618041992,40.46011734008789,22.77373695373535,17.751808166503906,59.45497131347656,36.073631286621094
2016-10-24,19.487627029418945,,23.620128631591797,16.515457153320312,48.45608901977539,21.71513557434082,40.72351837158203,22.802570343017578,17.81837272644043,59.3441162109375,36.331974029541016
2016-10-25,19.30998420715332,,23.512115478515625,16.498699188232422,48.328792572021484,21.63821029663086,40.870689392089844,22.77373695373535,17.929330825805664,59.17353439331055,35.905941009521484
2016-10-26,19.281057357788086,,23.56612205505371,16.59925079345703,48.49851989746094,21.51603889465332,40.81646728515625,22.478252410888672,17.97370719909668,58.81532669067383,35.7518310546875
2016-10-27,19.256267547607422,,23.478363037109375,16.641145706176758,48.16755676269531,21.48888397216797,40.630550384521484,21.944944381713867,17.866451263427734,59.088253021240234,35.452701568603516
2016-10-28,19.30584716796875,,23.414230346679688,16.565736770629883,48.45608901977539,21.466266632080078,40.800968170166016,22.002601623535156,17.92192840576172,57.808921813964844,35.371097564697266
2016-10-31,19.314105987548828,,23.161088943481445,16.540592193603516,48.54943084716797,21.45720863342285,40.90167999267578,22.3052921295166,18.280668258666992,57.45070266723633,35.3983154296875
2016-11-01,19.202564239501953,,23.16446304321289,16.473560333251953,48.13361740112305,21.271690368652344,40.72351837158203,21.865671157836914,17.947816848754883,57.14365768432617,35.14902877807617
2016-11-02,19.099281311035156,,22.907949447631836,16.36463165283203,47.955406188964844,21.135942459106445,40.622802734375,21.526947021484375,17.72222328186035,56.84515380859375,34.935997009277344
2016-11-03,19.103410720825195,,22.99907875061035,16.38138771057129,47.879032135009766,20.93231773376465,40.34393310546875,21.433258056640625,17.788787841796875,56.307830810546875,34.84534454345703
2016-11-04,19.16951560974121,,22.874187469482422,16.33111572265625,47.921470642089844,20.896114349365234,39.979854583740234,21.57740020751953,17.733320236206055,56.70016098022461,34.777374267578125
2016-11-07,19.462831497192383,,23.366981506347656,16.741697311401367,49.10104751586914,21.348613739013672,40.65379333496094,21.97378158569336,18.04397964477539,58.15005874633789,35.57961654663086
2016-11-08,19.524805068969727,,23.397356033325195,16.750070571899414,49.3980598449707,21.452686309814453,40.82421112060547,22.110702514648438,18.184511184692383,58.312129974365234,35.72464370727539
2016-11-09,19.937946319580078,,23.778762817382812,17.462312698364258,50.63703155517578,21.425540924072266,40.2664680480957,21.613426208496094,17.515121459960938,60.367591857910156,35.797157287597656
2016-11-10,20.16930389404297,,23.880020141601562,18.107519149780273,51.71479415893555,21.081640243530273,39.18968963623047,21.28911590576172,17.09351921081543,61.0328369140625,35.92860794067383
2016-11-11,19.892501831054688,,23.444608688354492,18.15778923034668,51.808135986328125,21.144989013671875,39.15095901489258,21.31074333190918,17.02324867248535,60.120235443115234,36.132564544677734
2016-11-14,19.937946319580078,,23.57624626159668,18.60188865661621,52.02877426147461,20.823720932006836,39.08124923706055,21.728740692138672,17.01215362548828,59.932613372802734,36.137088775634766
2016-11-15,20.02057456970215,,24.24117088317871,18.585128784179688,52.223960876464844,21.117839813232422,39.321380615234375,21.58460235595703,17.28582191467285,60.10319137573242,36.27759552001953
2016-11-16,19.98338508605957,,24.072416305541992,18.31698989868164,51.926937103271484,21.312416076660156,39.329132080078125,21.5701847076416,17.1674747467041,59.84733200073242,36.47703170776367
2016-11-17,19.991649627685547,,23.910398483276367,18.568368911743164,52.03725814819336,21.448158264160156,39.25941467285156,21.36839485168457,17.171184539794922,60.08613586425781,36.91667175292969
2016-11-18,19.962730407714844,,24.008283615112305,18.568368911743164,52.02028274536133,21.43006706237793,39.11997985839844,21.411636352539062,17.119400024414062,59.44644546508789,36.80335998535156
2016-11-21,20.19822120666504,,24.578704833984375,18.635406494140625,52.30034255981445,21.64725685119629,39.383358001708984,21.353986740112305,17.300617218017578,59.6596794128418,37.043582916259766
2016-11-22,20.322162628173828,,24.565196990966797,18.64377784729004,52.53794860839844,21.71513557434082,39.58476257324219,21.72153663635254,17.367185592651367,58.79825973510742,37.48322677612305
2016-11-23,20.413049697875977,,24.666454315185547,18.752714157104492,52.928314208984375,21.6291561126709,39.36786651611328,21.5701847076416,17.193368911743164,59.02855682373047,37.519500732421875
2016-11-25,20.47501564025879,,24.54494857788086,18.77785301208496,53.216835021972656,21.719655990600586,39.6777229309082,21.663877487182617,17.4411563873291,59.25881576538086,37.610137939453125
2016-11-28,20.39239501953125,,24.20404815673828,18.55998992919922,52.8519287109375,21.73775863647461,39.762935638427734,21.743152618408203,17.777694702148438,58.81532669067383,37.31099319458008
2016-11-29,20.413049697875977,,23.907024383544922,18.610261917114258,52.89437484741211,21.751327514648438,39.81715774536133,21.894498825073242,17.851659774780273,59.199127197265625,37.41070556640625
2016-11-30,20.632009506225586,,25.122119903564453,18.86163902282715,52.96225357055664,21.493408203125,39.18195724487305,21.627843856811523,17.289525985717773,58.636234283447266,37.09797668457031
2016-12-01,20.640275955200195,,25.18287467956543,19.188432693481445,53.31019592285156,21.049964904785156,38.92631530761719,21.29633140563965,17.152690887451172,58.20976638793945,37.1160888671875
2016-12-02,20.64853858947754,,25.25713539123535,18.97894859313965,53.301700592041016,21.12688636779785,39.17420959472656,21.498117446899414,17.308013916015625,58.34623718261719,36.91214370727539
2016-12-05,20.80966567993164,,25.47989845275879,19.2051944732666,53.25927734375,21.330514907836914,39.22068405151367,21.67108726501465,17.3302001953125,58.243900299072266,37.315528869628906
2016-12-06,20.834447860717773,,25.432645797729492,19.37277603149414,53.36111068725586,21.393861770629883,39.33687973022461,21.76477813720703,17.296920776367188,58.40595626831055,37.401634216308594
2016-12-07,21.13191032409668,,25.635160446166992,19.674428939819336,54.35398864746094,21.80110740661621,39.90237045288086,22.218812942504883,17.52251625061035,57.902732849121094,38.1268424987793
2016-12-08,21.27237892150879,,25.773550033569336,19.858766555786133,54.048492431640625,21.85540008544922,39.73971176147461,22.334115982055664,17.55210304260254,58.01361083984375,38.1268424987793
2016-12-09,21.276500701904297,,25.85455322265625,19.90066909790039,54.29458999633789,22.013774871826172,40.312931060791016,22.3197021484375,17.73702049255371,58.721500396728516,38.212947845458984
2016-12-12,21.181482315063477,,25.97606086730957,19.707944869995117,54.09940719604492,21.945899963378906,40.47563934326172,22.550323486328125,17.92192840576172,59.00297546386719,37.89567565917969
2016-12-13,21.148427963256836,,26.26970863342285,19.758216857910156,54.02302551269531,22.221927642822266,40.661537170410156,22.607986450195312,18.10684585571289,59.480587005615234,38.23561477661133
2016-12-14,20.896419525146484,,25.7431640625,19.666044235229492,53.47991180419922,22.145002365112305,40.2199821472168,22.211599349975586,17.733320236206055,59.17353439331055,37.977256774902344
2016-12-15,21.032758712768555,,25.800537109375,19.833629608154297,53.53932189941406,22.24454689025879,40.390419006347656,22.03142738342285,17.85906219482422,59.55733108520508,37.88661575317383
2016-12-16,20.967880249023438,,25.960708618164062,19.662763595581055,53.431739807128906,22.083660125732422,40.62141418457031,22.340408325195312,18.076759338378906,59.604461669921875,37.700592041015625
2016-12-19,20.926294326782227,,25.84193992614746,19.671178817749023,53.730567932128906,22.24272918701172,40.69944381713867,22.538562774658203,18.14397430419922,59.35602569580078,37.8009033203125
2016-12-20,20.942928314208984,,25.784263610839844,19.91527557373047,54.037940979003906,22.32454490661621,40.62141418457031,22.55324363708496,18.166379928588867,59.31321716308594,38.101806640625
2016-12-21,20.951242446899414,,25.824975967407227,19.864774703979492,53.83302688598633,22.279083251953125,40.61361312866211,22.267017364501953,18.091697692871094,58.97911071777344,38.08356857299805
2016-12-22,20.863906860351562,,25.93016815185547,19.81427001953125,53.730567932128906,22.233640670776367,40.55116653442383,22.23765754699707,18.15517234802246,59.05620193481445,37.67323303222656
2016-12-23,20.90549659729004,,25.90640640258789,19.847938537597656,53.781803131103516,22.256370544433594,40.62921905517578,22.259674072265625,18.15144157409668,59.50165557861328,37.59117126464844
2016-12-27,21.017780303955078,,25.964094161987305,19.873193740844727,53.892791748046875,22.347259521484375,40.62141418457031,22.31839370727539,18.166379928588867,59.6215934753418,37.73705291748047
2016-12-28,20.805692672729492,,25.68246841430664,19.671178817749023,53.32927322387695,22.14729118347168,40.37167739868164,22.14958953857422,17.994609832763672,59.167564392089844,37.47718048095703
2016-12-29,20.805692672729492,,25.63157844543457,19.52808380126953,53.31220245361328,22.151830673217773,40.558982849121094,22.355083465576172,18.237329483032227,59.2703742980957,37.42704391479492
2016-12-30,20.668455123901367,,25.556928634643555,19.57016944885254,53.12437438964844,21.9791316986084,40.3560676574707,22.567922592163086,18.13649559020996,59.05620193481445,37.112464904785156
2017-01-03,20.7890625,,25.8453369140625,19.789020538330078,53.44027328491211,22.174556732177734,40.50436019897461,22.641319274902344,18.091697692871094,59.827178955078125,37.33129119873047
2017-01-04,21.0926456451416,,25.79104232788086,19.948949813842773,53.756187438964844,22.251821517944336,40.50436019897461,22.927534103393555,18.15890884399414,60.29831314086914,37.82825469970703
2017-01-05,21.030258178710938,,25.726585388183594,19.746929168701172,53.60250473022461,22.288179397583008,40.63701248168945,23.044963836669922,18.17757797241211,60.60672378540039,37.8009033203125
2017-01-06,21.051050186157227,,25.750329971313477,19.81427001953125,53.90986251831055,22.451793670654297,40.67604446411133,23.044963836669922,18.23358917236328,60.778045654296875,37.987831115722656
2017-01-09,21.046892166137695,,25.37708854675293,19.679597854614258,53.49150848388672,22.44725799560547,40.34825897216797,22.898183822631836,17.994609832763672,61.035030364990234,37.95590591430664
2017-01-10,21.05937385559082,,25.146358489990234,19.7216854095459,53.71348571777344,22.451793670654297,40.145355224609375,22.611957550048828,17.938594818115234,61.24917984008789,38.092681884765625
2017-01-11,21.229873657226562,,25.417810440063477,19.847938537597656,53.99525451660156,22.55632209777832,40.22340393066406,22.4871883392334,18.125301361083984,60.63241958618164,38.17475891113281
2017-01-12,21.188289642333984,,25.312620162963867,19.679597854614258,53.773258209228516,22.501787185668945,40.18436050415039,22.57526206970215,18.140239715576172,60.692378997802734,38.13828659057617
2017-01-13,21.155019760131836,,25.23796844482422,19.789020538330078,53.97816467285156,22.569963455200195,40.207786560058594,22.52388572692871,18.114097595214844,60.752342224121094,38.27962875366211
2017-01-17,21.05937385559082,,25.394054412841797,19.31765365600586,53.559810638427734,22.483613967895508,40.77751159667969,22.707366943359375,18.312007904052734,60.443946838378906,38.34345245361328
2017-01-18,21.19244384765625,,25.336368560791016,19.477581024169922,53.76472473144531,22.542695999145508,40.917991638183594,22.75874137878418,18.289600372314453,60.366859436035156,38.275062561035156
2017-01-19,21.05937385559082,,25.197246551513672,19.39340591430664,54.157493591308594,22.510875701904297,40.76970291137695,22.538562774658203,18.12903594970703,59.981388092041016,38.156524658203125
2017-01-20,21.24651336669922,,25.29225730895996,19.486000061035156,54.16602325439453,22.633590698242188,41.03505325317383,22.678009033203125,18.16263771057129,59.827178955078125,38.26594924926758
2017-01-23,21.288097381591797,,25.024206161499023,19.359739303588867,53.86716842651367,22.67449378967285,41.01943588256836,22.817453384399414,18.069292068481445,59.57876205444336,38.29328918457031
2017-01-24,21.837038040161133,,25.299041748046875,19.60384750366211,54.405086517333984,22.815387725830078,41.292579650878906,22.82479476928711,18.0655574798584,59.167564392089844,38.60789108276367
2017-01-25,21.98259162902832,,25.431371688842773,19.932113647460938,54.97713851928711,23.033546447753906,41.28477478027344,22.685352325439453,18.0655574798584,59.724369049072266,38.8449821472168
2017-01-26,22.04080581665039,,25.45173454284668,19.98261260986328,55.10520553588867,22.96991729736328,41.10527038574219,22.670669555664062,18.073028564453125,59.26181411743164,38.90424346923828
2017-01-27,21.961788177490234,,25.187070846557617,19.9068660736084,55.06251907348633,23.060813903808594,40.87894821166992,22.479854583740234,18.069292068481445,59.750091552734375,38.78114318847656
2017-01-30,21.73723030090332,,24.72560691833496,19.746929168701172,54.59291076660156,22.874473571777344,40.84774398803711,22.355083465576172,18.084228515625,59.45882797241211,38.73555374145508
2017-01-31,21.608304977416992,,24.735788345336914,19.620670318603516,54.11479187011719,22.760852813720703,41.04285430908203,22.538562774658203,18.364282608032227,60.40970230102539,38.67627716064453
2017-02-01,21.7164363861084,,24.55255889892578,19.645925521850586,54.0208625793457,22.933551788330078,40.722869873046875,22.28902816772461,18.04688262939453,60.932247161865234,38.60332107543945
2017-02-02,21.620792388916016,,24.69167709350586,19.57016944885254,53.91839599609375,22.888111114501953,41.09748077392578,22.55324363708496,18.237329483032227,60.91510009765625,38.5714111328125
2017-02-03,21.658212661743164,,24.90545082092285,19.965784072875977,54.3197021484375,23.038089752197266,41.36282730102539,22.700023651123047,18.259735107421875,61.18064880371094,38.521270751953125
2017-02-06,21.599990844726562,,24.695070266723633,19.873193740844727,54.39654541015625,23.051727294921875,41.13650131225586,22.560585021972656,18.222387313842773,61.24917984008789,38.407283782958984
2017-02-07,21.429492950439453,,24.345582962036133,19.82268714904785,54.490474700927734,23.142621994018555,41.472084045410156,22.51654624938965,18.267202377319336,61.30915832519531,38.37080383300781
2017-02-08,21.47939109802246,,24.40326499938965,19.688011169433594,54.41361999511719,23.18352508544922,41.64378356933594,22.707366943359375,18.446426391601562,61.214908599853516,38.60789108276367
2017-02-09,21.47107696533203,,24.67810821533203,19.957365036010742,54.83198928833008,23.25624656677246,41.81547164916992,22.802772521972656,18.289600372314453,61.437644958496094,38.849525451660156
2017-02-10,21.666526794433594,,24.86472511291504,20.016286849975586,55.26744079589844,23.324424743652344,41.846683502197266,22.95689582824707,18.405359268188477,61.557579040527344,39.08662033081055
2017-02-13,21.845352172851562,,24.912235260009766,20.24355697631836,55.82240676879883,23.428951263427734,41.846683502197266,23.066984176635742,18.494972229003906,61.934505462646484,39.1322021484375
2017-02-14,21.841196060180664,,24.993667602539062,20.47923469543457,55.84803009033203,23.50621223449707,41.85449981689453,22.94955825805664,18.360546112060547,62.422786712646484,39.35561752319336
2017-02-15,21.812082290649414,,24.895261764526367,20.6391658782959,56.14686965942383,23.58347511291504,42.23689651489258,22.88349723815918,18.315736770629883,63.09951400756836,39.56077575683594
2017-02-16,21.812082290649414,,24.55594825744629,20.588661193847656,56.16393280029297,23.63802146911621,42.291542053222656,22.978910446166992,18.49871253967285,63.01383590698242,39.36017608642578
2017-02-17,21.749704360961914,,24.42023277282715,20.597076416015625,56.257869720458984,23.719823837280273,42.50225830078125,23.044963836669922,18.50991439819336,63.09951400756836,39.487823486328125
2017-02-21,21.820402145385742,,24.586490631103516,20.698087692260742,56.53962326049805,23.842533111572266,42.88466262817383,23.360551834106445,18.704086303710938,63.3822021484375,39.715797424316406
2017-02-22,21.87862205505371,,24.2132511138916,20.714923858642578,56.385948181152344,23.86980628967285,42.8924674987793,23.272480010986328,18.782503128051758,63.28797149658203,39.715797424316406
2017-02-23,21.758020401000977,,24.315044403076172,20.714923858642578,56.01879119873047,23.865257263183594,42.99391555786133,23.426607131958008,18.976665496826172,63.75054168701172,39.446800231933594
2017-02-24,21.80376434326172,,24.08771324157715,20.55499267578125,56.257869720458984,23.919801712036133,43.14220428466797,23.54403305053711,19.264196395874023,64.05892944335938,39.62916564941406
2017-02-27,21.749704360961914,,24.294687271118164,20.664417266845703,56.46278381347656,23.90616226196289,42.94709014892578,23.661453247070312,19.155908584594727,64.36732482910156,39.67475891113281
2017-02-28,21.728912353515625,,24.220035552978516,20.655996322631836,56.23224639892578,23.792539596557617,43.001731872558594,23.588062286376953,19.33141326904297,64.23881530761719,39.37840270996094
2017-03-01,22.153087615966797,,24.705249786376953,21.24520492553711,57.17998504638672,24.128868103027344,43.20463943481445,23.529356002807617,19.15964126586914,64.88130187988281,39.820655822753906
2017-03-02,21.91604995727539,,24.471126556396484,20.916933059692383,56.565223693847656,23.969791412353516,43.19683837890625,23.455963134765625,19.297807693481445,64.67571258544922,39.724918365478516
2017-03-03,21.899415969848633,,24.427021026611328,21.017940521240234,56.6249885559082,24.024328231811523,43.03295135498047,23.382568359375,19.238061904907227,64.93270111083984,39.66563415527344
2017-03-06,21.758020401000977,,24.481311798095703,20.858015060424805,56.488399505615234,23.98797607421875,42.84564208984375,23.287158966064453,19.200712203979492,64.68429565429688,39.53797912597656
2017-03-07,21.63741683959961,,24.264148712158203,20.799091339111328,56.326171875,23.98797607421875,42.79102325439453,23.20642852783203,19.189517974853516,64.23027038574219,39.41032791137695
2017-03-08,21.63741683959961,,23.633028030395508,20.807510375976562,56.129791259765625,24.015243530273438,42.69736099243164,22.861482620239258,18.913196563720703,64.48725891113281,39.57445526123047
2017-03-09,21.57088279724121,,23.789112091064453,20.883264541625977,55.87364959716797,24.01070213317871,42.767601013183594,22.567922592163086,18.87211799621582,64.83849334716797,39.53797912597656
2017-03-10,21.670690536499023,,23.755186080932617,20.866436004638672,56.21516418457031,24.137954711914062,42.96270751953125,22.54590606689453,19.028949737548828,65.0869140625,39.59725570678711
2017-03-13,21.733070373535156,,23.758569717407227,20.916933059692383,56.18102264404297,24.160680770874023,42.99391555786133,22.57526206970215,19.0849666595459,65.03550720214844,39.702110290527344
2017-03-14,21.54592514038086,,23.490516662597656,20.858015060424805,55.65167236328125,24.106138229370117,42.869056701660156,22.54590606689453,19.06629180908203,64.79563903808594,39.6929931640625
2017-03-15,21.891096115112305,,24.0130558013916,20.824338912963867,56.283470153808594,24.269758224487305,43.189022064208984,22.978910446166992,19.37248420715332,65.60945129394531,39.902713775634766
2017-03-16,21.741382598876953,,23.843399047851562,20.858015060424805,56.02732849121094,24.283390045166016,43.25146484375,22.927534103393555,19.15964126586914,64.97553253173828,39.898162841796875
2017-03-17,21.834836959838867,,23.82600212097168,20.653589248657227,56.333526611328125,24.33585548400879,43.13378143310547,22.970378875732422,19.2751522064209,64.617919921875,39.948917388916016
2017-03-20,21.9558162689209,,23.791854858398438,20.484647750854492,56.2306022644043,24.358671188354492,43.2200813293457,22.992542266845703,19.14723014831543,64.52330017089844,39.85289001464844
2017-03-21,21.588703155517578,,23.624601364135742,19.910236358642578,55.37290573120117,24.0028018951416,43.18085861206055,22.955604553222656,19.418121337890625,64.0160903930664,39.3498649597168
2017-03-22,21.651281356811523,,23.59046173095703,19.867990493774414,55.570167541503906,24.153362274169922,43.09457015991211,23.007301330566406,19.512189865112305,64.03326416015625,39.395591735839844
2017-03-23,21.74305534362793,,23.49488639831543,19.910236358642578,55.49298858642578,24.08948516845703,43.00040817260742,23.177183151245117,19.451988220214844,63.835533142089844,39.487060546875
2017-03-24,21.551156997680664,,23.402721405029297,19.884891510009766,55.3471794128418,24.10774040222168,42.91412353515625,23.155029296875,19.523479461669922,63.86990737915039,39.58308410644531
2017-03-27,21.597043991088867,,23.293493270874023,19.808862686157227,55.1499137878418,24.10774040222168,42.87488555908203,22.970378875732422,19.448226928710938,64.04187774658203,39.569366455078125
2017-03-28,21.84734535217285,,23.624601364135742,20.07917594909668,55.733150482177734,24.281112670898438,42.95332717895508,23.10332489013672,19.433177947998047,64.08482360839844,39.871177673339844
2017-03-29,21.864036560058594,,23.948881149291992,19.95246696472168,55.72456741333008,24.322172164916992,43.03179168701172,23.184566497802734,19.38050651550293,64.10204315185547,40.108970642089844
2017-03-30,21.868209838867188,,23.942049026489258,20.214326858520508,56.03334045410156,24.367794036865234,42.945491790771484,23.23626708984375,19.230003356933594,64.11064147949219,40.214149475097656
2017-03-31,21.864036560058594,,23.86012840270996,20.045391082763672,55.801761627197266,24.322172164916992,42.819976806640625,23.339672088623047,19.305253982543945,63.93010711669922,40.218711853027344
2017-04-03,21.78059959411621,,23.819164276123047,20.003150939941406,55.68167495727539,24.299365997314453,42.749366760253906,23.369226455688477,19.301490783691406,63.98167037963867,40.05867385864258
2017-04-04,21.8598690032959,,23.99325180053711,19.977806091308594,55.82749557495117,24.317609786987305,42.87488555908203,23.302749633789062,19.361690521240234,63.9472770690918,39.994651794433594
2017-04-05,21.843172073364258,,23.918155670166016,19.825756072998047,55.647369384765625,24.217235565185547,42.796424865722656,23.339672088623047,19.470800399780273,63.74955368041992,39.898624420166016
2017-04-06,21.95998191833496,,24.109310150146484,19.95246696472168,55.801761627197266,24.221805572509766,42.796424865722656,23.472623825073242,19.42188835144043,63.861324310302734,40.02207565307617
2017-04-07,21.939128875732422,,24.01714515686035,19.867990493774414,55.86179733276367,24.20811653137207,42.91412353515625,23.502166748046875,19.3391170501709,63.97307586669922,39.90319061279297
2017-04-10,21.943296432495117,,24.198062896728516,19.817306518554688,55.9990348815918,24.162487030029297,43.03963851928711,23.66465950012207,19.37298011779785,63.852725982666016,40.04953384399414
2017-04-11,21.88489532470703,,24.20147132873535,19.758176803588867,56.07621383666992,24.071231842041016,43.05533218383789,23.775447845458984,19.365455627441406,63.766746520996094,40.01750946044922
2017-04-12,21.61373519897461,,24.099071502685547,19.597681045532227,55.30429458618164,23.98911476135254,43.2200813293457,23.738513946533203,19.508424758911133,63.766746520996094,39.85746383666992
2017-04-13,21.4051513671875,,23.658733367919922,19.344261169433594,54.90975570678711,23.89330291748047,43.023948669433594,23.68681526184082,19.44446563720703,63.603389739990234,39.57851028442383
2017-04-17,21.55950355529785,,23.709938049316406,19.682153701782227,55.5101432800293,24.1122989654541,43.32991409301758,23.960094451904297,19.531002044677734,63.835533142089844,39.985511779785156
2017-04-18,21.534469604492188,,23.488056182861328,19.49631118774414,55.33001708984375,24.10774040222168,43.52605438232422,24.019187927246094,19.57615089416504,63.1391487121582,39.99007034301758
2017-04-19,21.56367301940918,,23.1433048248291,19.437177658081055,55.3814811706543,24.08948516845703,43.36130142211914,23.967479705810547,19.440698623657227,63.32828903198242,40.02666091918945
2017-04-20,21.801462173461914,,23.255939483642578,19.766626358032227,56.05048751831055,24.308483123779297,43.27500915527344,23.960094451904297,19.365455627441406,63.7237663269043,40.44738006591797
2017-04-21,21.77643394470215,,23.13988494873047,19.563888549804688,56.101951599121094,24.258302688598633,43.14948654174805,23.87885284423828,19.463272094726562,63.3454475402832,40.35591125488281
2017-04-24,22.026731491088867,,23.276424407958984,20.003150939941406,56.89960479736328,24.54572868347168,43.5417366027832,23.642499923706055,19.56485939025879,63.97307586669922,40.6165657043457
2017-04-25,22.381324768066406,,23.474401473999023,20.180543899536133,57.17409133911133,24.673477172851562,43.7143440246582,23.6942081451416,19.538528442382812,64.24821472167969,40.93666458129883
2017-04-26,22.377159118652344,,23.395898818969727,20.163646697998047,57.18264389038086,24.646100997924805,43.36130142211914,23.494783401489258,19.47832679748535,64.60072326660156,41.12872314453125
2017-04-27,22.327096939086914,,23.13988494873047,20.07072639465332,57.16550064086914,24.74648094177246,43.30638885498047,23.509553909301758,19.54605484008789,64.73822784423828,41.34822463989258
2017-04-28,22.139368057250977,,23.15694808959961,19.876445770263672,56.89960479736328,24.81035041809082,43.29069137573242,23.37660789489746,19.451988220214844,64.91020965576172,41.1836051940918
2017-05-01,22.151880264282227,,23.092100143432617,20.003150939941406,56.72807312011719,24.99740982055664,43.12594985961914,23.524322509765625,19.33534812927246,65.05635070800781,41.23847198486328
2017-05-02,22.189428329467773,,22.976036071777344,19.977806091308594,57.00254440307617,25.05215835571289,42.835655212402344,23.53171730041504,19.357925415039062,65.23690032958984,41.284210205078125
2017-05-03,21.972501754760742,,23.0408935546875,20.1383113861084,57.045406341552734,25.006534576416016,42.87488555908203,23.24365997314453,19.290203094482422,64.9188232421875,41.041847229003906
2017-05-04,21.99753189086914,,22.61762809753418,20.17209815979004,57.105472564697266,24.988279342651367,43.20439910888672,23.265817642211914,19.357925415039062,65.34864044189453,40.977821350097656
2017-05-05,22.31041145324707,,22.976036071777344,20.1383113861084,57.39708709716797,25.079530715942383,43.32208251953125,23.45046043395996,19.463272094726562,65.31427764892578,41.23390579223633
2017-05-08,22.131031036376953,,23.13988494873047,20.12141227722168,57.2426872253418,25.18902587890625,43.30638885498047,23.324909210205078,19.455759048461914,64.91020965576172,41.3116455078125
2017-05-09,21.964153289794922,,22.94873046875,20.045391082763672,57.319889068603516,25.220964431762695,43.14948654174805,23.23626708984375,19.312776565551758,64.98757934570312,41.54943084716797
2017-05-10,22.035076141357422,,23.252534866333008,20.112966537475586,57.19981384277344,25.316768646240234,43.18085861206055,23.36183738708496,19.34287452697754,64.79845428466797,41.40768814086914
2017-05-11,22.001699447631836,,23.204740524291992,19.98625946044922,57.18264389038086,25.28483772277832,43.243621826171875,23.251047134399414,19.36921501159668,64.83283996582031,41.16075134277344
2017-05-12,21.947467803955078,,23.126230239868164,19.901782989501953,56.86531066894531,25.348709106445312,43.118099212646484,23.162416458129883,19.463272094726562,64.7210464477539,41.101287841796875
2017-05-15,22.139368057250977,,23.30714225769043,20.053836822509766,57.13117980957031,25.49014663696289,43.25932312011719,23.265817642211914,19.54605484008789,65.14232635498047,41.110435485839844
2017-05-16,22.143543243408203,,23.19108772277832,20.112966537475586,57.07115173339844,25.6087646484375,43.2200813293457,23.147640228271484,19.403078079223633,64.89301300048828,40.96868133544922
2017-05-17,21.676305770874023,,22.962387084960938,19.479419708251953,55.93041229248047,24.910720825195312,43.157318115234375,23.295360565185547,19.451988220214844,64.04187774658203,40.30560302734375
2017-05-18,21.688827514648438,,22.95555877685547,19.555442810058594,56.00761032104492,25.056718826293945,43.18870544433594,23.339672088623047,19.519712448120117,64.3255844116211,40.53882598876953
2017-05-19,21.876554489135742,,23.238874435424805,19.724390029907227,56.74522399902344,25.202714920043945,43.424072265625,23.472623825073242,19.5949649810791,64.506103515625,40.81319046020508
2017-05-22,21.901582717895508,,23.187673568725586,19.775074005126953,57.18264389038086,25.40346336364746,43.66727066040039,23.53171730041504,19.76427459716797,64.67809295654297,41.01898193359375
2017-05-23,21.918275833129883,,23.242286682128906,19.9271240234375,57.30272674560547,25.449085235595703,43.7143440246582,23.561260223388672,19.816953659057617,64.89301300048828,40.86351013183594
2017-05-24,22.064273834228516,,23.11941146850586,19.91868019104004,57.371334075927734,25.55401611328125,43.886940002441406,23.6942081451416,19.92983055114746,65.05635070800781,41.00984191894531
2017-05-25,22.039247512817383,,22.699548721313477,19.95246696472168,57.74872970581055,25.736520767211914,44.16152572631836,23.782838821411133,20.091611862182617,65.3658447265625,41.37109375
2017-05-26,22.080968856811523,,22.737096786499023,19.944021224975586,57.81734848022461,25.722829818725586,44.32628631591797,23.635116577148438,20.091611862182617,65.24549865722656,41.494571685791016
2017-05-30,22.076793670654297,,22.433300018310547,19.808862686157227,57.8001823425293,25.83232307434082,44.31058883666992,23.568641662597656,20.15557098388672,65.15090942382812,41.52657699584961
2017-05-31,22.143543243408203,,22.337718963623047,19.63991928100586,57.911685943603516,25.79126739501953,44.436119079589844,23.53171730041504,20.257160186767578,65.40885162353516,41.63632583618164
2017-06-01,22.41053009033203,,22.47766876220703,19.884891510009766,58.27193069458008,25.855140686035156,44.79701232910156,23.605575561523438,20.40013313293457,66.1310043334961,42.029598236083984
2017-06-02,22.464767456054688,,22.218244552612305,19.808862686157227,58.503509521484375,26.092382431030273,44.93037414550781,23.812374114990234,20.422714233398438,66.5608901977539,42.180503845214844
2017-06-05,22.39384651184082,,22.259212493896484,19.8426456451416,58.29765319824219,26.115198135375977,44.97744369506836,23.7532901763916,20.35874366760254,66.37174987792969,42.06618118286133
2017-06-06,22.406362533569336,,22.52204704284668,19.758176803588867,57.90312576293945,26.065011978149414,44.86760330200195,23.642499923706055,20.3135986328125,66.20840454101562,41.70491027832031
2017-06-07,22.435562133789062,,22.204599380493164,19.910236358642578,57.834495544433594,26.14713478088379,44.85190963745117,23.768064498901367,20.381324768066406,66.38896179199219,41.77809143066406
2017-06-08,22.50231170654297,,22.139745712280273,20.1383113861084,58.02320861816406,26.206443786621094,44.51456069946289,23.65727424621582,20.212007522583008,66.19981384277344,41.508277893066406
2017-06-09,22.7901611328125,,22.6722412109375,20.518436431884766,58.24620819091797,25.55858612060547,44.45964050292969,23.768064498901367,20.19319725036621,66.64685821533203,41.32536315917969
2017-06-12,22.702552795410156,,22.832670211791992,20.5606746673584,58.46061706542969,25.40802574157715,44.451805114746094,23.923168182373047,20.15557098388672,66.5608901977539,41.3025016784668
2017-06-13,22.98623275756836,,23.003345489501953,20.670486450195312,58.70077896118164,25.59051513671875,44.52241134643555,23.982255935668945,20.20448112487793,66.6984634399414,41.55859375
2017-06-14,22.74427032470703,,22.586898803710938,20.70427131652832,58.64072036743164,25.467334747314453,44.80485153198242,24.056119918823242,20.3135986328125,67.01654815673828,41.535728454589844
2017-06-15,22.544029235839844,,22.416229248046875,20.61980438232422,58.99238586425781,25.353275299072266,44.702850341796875,24.174291610717773,20.43023681640625,66.94778442382812,41.36194610595703
2017-06-16,22.641267776489258,,22.787080764770508,20.596906661987305,59.18543243408203,25.3088436126709,44.233253479003906,24.160888671875,20.523921966552734,67.05825805664062,41.3504753112793
2017-06-19,22.821491241455078,,22.64272689819336,20.808897018432617,59.54735565185547,25.68446922302246,44.44671630859375,24.17578125,20.455644607543945,67.7574234008789,41.66697311401367
2017-06-20,22.695755004882812,,22.354022979736328,20.63082504272461,58.90966796875,25.478330612182617,44.27278137207031,24.1310977935791,20.467025756835938,67.98184204101562,41.14407730102539
2017-06-21,22.456846237182617,,21.993135452270508,20.461233139038086,58.51326370239258,25.62033462524414,44.14629364013672,24.07895851135254,20.34564971923828,68.84498596191406,41.20828628540039
2017-06-22,22.481998443603516,,21.97939109802246,20.334035873413086,58.392608642578125,25.629497528076172,43.85376739501953,24.093852996826172,20.250816345214844,69.5614013671875,41.11196517944336
2017-06-23,22.570016860961914,,22.12717628479004,20.257728576660156,58.6080436706543,25.789817810058594,43.86957550048828,24.19812774658203,20.18254852294922,69.45783233642578,41.0615119934082
2017-06-26,22.637073516845703,,22.079065322875977,20.367961883544922,58.62526321411133,25.652400970458984,44.04351043701172,24.309844970703125,20.31909942626953,69.38876342773438,41.20828628540039
2017-06-27,22.498764038085938,,22.044689178466797,20.469709396362305,58.1857795715332,25.2309627532959,43.66402053833008,24.2130126953125,20.091520309448242,68.75865173339844,40.88262176513672
2017-06-28,22.704133987426758,,22.164987564086914,20.791940689086914,58.711456298828125,25.547040939331055,43.8221435546875,24.242813110351562,19.89807891845703,69.1211929321289,41.29543685913086
2017-06-29,22.43170166015625,,22.213106155395508,20.936084747314453,58.211639404296875,25.08896255493164,43.35569763183594,23.997034072875977,19.738771438598633,68.49107360839844,40.89638900756836
2017-06-30,22.553247451782227,,22.312780380249023,20.919130325317383,58.694210052490234,25.066059112548828,43.43475341796875,23.982141494750977,19.708423614501953,68.3961410522461,41.11196517944336
2017-07-03,22.750240325927734,,22.742399215698242,21.224393844604492,59.056148529052734,24.891986846923828,43.39521789550781,24.205577850341797,19.617395401000977,68.51697540283203,41.07068634033203
2017-07-05,22.674795150756836,,22.28184700012207,21.258316040039062,59.22850799560547,25.13935661315918,43.36359786987305,23.91510581970215,19.522567749023438,68.92267608642578,40.96977615356445
2017-07-06,22.57420539855957,,22.034385681152344,21.09720230102539,58.711456298828125,24.910310745239258,43.11851501464844,23.48313331604004,19.514986038208008,68.03361511230469,40.552371978759766
2017-07-07,22.691560745239258,,22.00001335144043,21.241350173950195,59.1682014465332,25.198902130126953,43.09479904174805,23.617191314697266,19.530155181884766,68.37889099121094,40.914730072021484
2017-07-10,22.834064483642578,,22.072189331054688,21.21591567993164,59.34056091308594,25.382129669189453,42.79438400268555,23.43099021911621,19.514986038208008,68.2494125366211,41.00188064575195
2017-07-11,22.800537109375,,22.192481994628906,21.02936363220215,59.28883361816406,25.437101364135742,42.675804138183594,23.393756866455078,19.50360107421875,68.17173767089844,40.9193229675293
2017-07-12,23.064586639404297,,22.254348754882812,21.09720230102539,59.6163215637207,25.766921997070312,42.9129753112793,23.699115753173828,19.670494079589844,68.6378173828125,41.23121643066406
2017-07-13,23.0394344329834,,22.34370994567871,21.224393844604492,59.57322311401367,25.817310333251953,42.920867919921875,23.743804931640625,19.602218627929688,68.69824981689453,41.23580551147461
2017-07-14,23.156789779663086,,22.47775650024414,21.131118774414062,59.83173370361328,26.04634666442871,43.260826110839844,23.982141494750977,19.693252563476562,69.16434478759766,41.36881637573242
2017-07-17,23.202898025512695,,22.45025634765625,21.06328582763672,59.797271728515625,26.05092430114746,43.30826187133789,24.034273147583008,19.78428840637207,68.9140396118164,41.4697380065918
2017-07-18,23.10649299621582,,22.34370994567871,21.02936363220215,59.659393310546875,26.17002296447754,43.30826187133789,24.004480361938477,19.841184616088867,68.9658432006836,41.657798767089844
2017-07-19,23.32863426208496,,22.67022132873535,21.037845611572266,59.71969223022461,26.30286979675293,43.46637725830078,24.1832275390625,19.924623489379883,69.52688598632812,41.859619140625
2017-07-20,23.156789779663086,,22.601486206054688,21.02936363220215,59.38364028930664,26.357839584350586,43.47428512573242,24.11620330810547,20.06875991821289,69.98435974121094,41.7724723815918
2017-07-21,23.160985946655273,,22.378084182739258,21.02936363220215,59.2715950012207,26.325777053833008,43.545448303222656,24.160888671875,20.2128963470459,69.90665435791016,41.799983978271484
2017-07-24,23.140031814575195,,22.33683967590332,21.122636795043945,59.142330169677734,26.389904022216797,43.403141021728516,24.1459903717041,20.023244857788086,69.88075256347656,41.657798767089844
2017-07-25,23.38730812072754,,22.618669509887695,21.38551139831543,59.06478500366211,26.33951187133789,43.70357131958008,24.1459903717041,19.909460067749023,69.38013458251953,41.95136260986328
2017-07-26,23.244815826416016,,22.64272689819336,21.241350173950195,59.142330169677734,26.44029426574707,43.69565200805664,24.34708023071289,20.099105834960938,69.14707946777344,41.93301773071289
2017-07-27,23.160985946655273,,22.873004913330078,21.122636795043945,58.806251525878906,26.33951187133789,44.1225700378418,24.324737548828125,20.14841079711914,68.67236328125,42.240333557128906
2017-07-28,23.07716178894043,,22.845508575439453,21.122636795043945,58.944122314453125,26.312036514282227,43.75099182128906,24.309844970703125,20.118070602416992,69.01762390136719,41.919254302978516
2017-07-31,22.901126861572266,,22.897062301635742,21.275278091430664,58.866573333740234,26.18376922607422,43.73517608642578,24.272605895996094,20.186344146728516,68.95718383789062,41.90550231933594
2017-08-01,22.917890548706055,,22.893630981445312,21.42790412902832,58.694210052490234,26.31661605834961,43.68775177001953,24.376873016357422,20.300138473510742,68.80183410644531,41.978878021240234
2017-08-02,22.938846588134766,,22.807703018188477,21.46181869506836,58.9527587890625,26.389904022216797,43.6561279296875,24.257713317871094,20.38736915588379,68.6464614868164,41.86420822143555
2017-08-03,22.767005920410156,,22.488067626953125,21.38551139831543,59.24576187133789,26.330358505249023,43.616580963134766,24.19812774658203,20.489782333374023,68.75865173339844,41.74953842163086
2017-08-04,22.875978469848633,,22.56024169921875,21.529661178588867,59.3577766418457,26.389904022216797,43.498008728027344,24.272605895996094,20.398752212524414,68.60331726074219,41.754127502441406
2017-08-07,22.8885498046875,,22.388389587402344,21.495746612548828,59.3577766418457,26.550228118896484,43.8221435546875,24.257713317871094,20.463233947753906,68.75003814697266,41.85043716430664
2017-08-08,22.708328247070312,,22.33683967590332,21.436389923095703,59.17680358886719,26.51358985900879,43.6561279296875,24.1459903717041,20.54667854309082,68.4306640625,41.873382568359375
2017-08-09,22.729278564453125,,22.357460021972656,21.436389923095703,59.19404602050781,26.499839782714844,43.727272033691406,24.17578125,20.440467834472656,68.50837707519531,41.63028335571289
2017-08-10,22.46942138671875,,22.120309829711914,21.054805755615234,58.44431686401367,25.97763442993164,43.545448303222656,23.959793090820312,20.504955291748047,67.65383911132812,41.0064697265625
2017-08-11,22.41493797302246,,21.975950241088867,20.970012664794922,58.47877883911133,26.15629005432129,43.577064514160156,23.803390502929688,20.38358497619629,67.8437271118164,41.217464447021484
2017-08-14,22.62449836730957,,21.91065216064453,21.258316040039062,59.09062194824219,26.57314109802246,43.79051971435547,24.19812774658203,20.501163482666016,68.30120849609375,41.511016845703125
2017-08-15,22.628692626953125,,21.828163146972656,21.275278091430664,58.96135711669922,26.614364624023438,44.011863708496094,24.153438568115234,20.61495590209961,68.30120849609375,41.13031768798828
2017-08-16,22.850826263427734,,21.618515014648438,21.232873916625977,59.1251106262207,26.692241668701172,44.16209411621094,24.22791290283203,20.698406219482422,68.49107360839844,41.34128952026367
2017-08-17,22.502948760986328,,21.312625885009766,20.868255615234375,58.09961700439453,26.17002296447754,43.758907318115234,24.056612014770508,20.55047035217285,67.63656616210938,40.68080139160156
2017-08-18,22.511335372924805,,21.419166564941406,20.876737594604492,57.8669319152832,26.142549514770508,43.64031219482422,23.87786865234375,20.671844482421875,67.32585144042969,40.47897720336914
2017-08-21,22.53229522705078,,21.309186935424805,20.817373275756836,57.96173095703125,26.133377075195312,43.79842758178711,24.123647689819336,20.74770736694336,67.6279296875,40.552371978759766
2017-08-22,22.825685501098633,,21.450098037719727,21.04631996154785,58.62526321411133,26.522747039794922,43.80631637573242,24.108745574951172,20.793222427368164,68.44791412353516,40.988128662109375
2017-08-23,22.783771514892578,,21.542896270751953,20.97848892211914,58.07376480102539,26.4586181640625,43.679832458496094,24.354537963867188,20.86149787902832,67.9300308227539,40.63951873779297
2017-08-24,22.741857528686523,,21.5566463470459,20.97848892211914,57.892799377441406,26.43570899963379,43.07899475097656,24.309844970703125,20.846323013305664,68.1285629272461,40.552371978759766
2017-08-25,22.813108444213867,,21.65287971496582,21.037845611572266,58.168556213378906,26.431135177612305,43.22130584716797,24.42900848388672,20.914596557617188,68.14581298828125,40.65329360961914
2017-08-28,22.846635818481445,,21.5566463470459,20.90217399597168,58.13406753540039,26.48152732849121,43.09479904174805,24.30239486694336,20.952529907226562,68.50837707519531,40.67620849609375
2017-08-29,22.73766326904297,,21.529151916503906,20.83433723449707,58.55634689331055,26.59604263305664,43.24502182006836,24.287498474121094,20.907012939453125,68.6378173828125,40.63951873779297
2017-08-30,22.905319213867188,,21.53946304321289,20.919130325317383,58.79763412475586,26.788436889648438,43.237117767333984,24.39921760559082,20.846323013305664,68.99173736572266,40.93309020996094
2017-08-31,23.081348419189453,,21.6425724029541,20.944570541381836,58.99583435058594,26.948759078979492,43.2529296875,24.518386840820312,20.850120544433594,70.16561126708984,41.125736236572266
2017-09-01,23.232234954833984,,21.85222053527832,21.003925323486328,59.047542572021484,26.925861358642578,43.45848846435547,24.518386840820312,20.7856388092041,70.11382293701172,41.313785552978516
2017-09-05,22.968189239501953,,21.972517013549805,20.554506301879883,58.45291519165039,26.687654495239258,43.52172088623047,24.49604606628418,20.838735580444336,69.81172943115234,41.14407730102539
2017-09-06,23.0268611907959,,22.329965591430664,20.605382919311523,58.51326370239258,26.710559844970703,43.70357131958008,24.53327751159668,20.743913650512695,70.1483383178711,41.400936126708984
2017-09-07,23.064586639404297,,22.371204376220703,20.24924659729004,58.63389205932617,26.802173614501953,43.76679992675781,24.71947479248047,20.899425506591797,70.92517852783203,41.04316329956055
2017-09-08,23.05620002746582,,22.134056091308594,20.43579864501953,58.832096099853516,26.58230209350586,43.5533447265625,24.726926803588867,20.9980411529541,71.24455261230469,40.900978088378906
2017-09-11,23.35797119140625,,22.34370994567871,20.791940689086914,59.34056091308594,26.957918167114258,43.8221435546875,24.905670166015625,21.176319122314453,71.79696655273438,41.11654281616211
2017-09-12,23.554962158203125,,22.481185913085938,21.037845611572266,59.62491989135742,27.022058486938477,43.91700744628906,24.637542724609375,20.823566436767578,71.95230865478516,41.30002975463867
2017-09-13,23.546585083007812,,22.763023376464844,21.07176399230957,59.53874206542969,26.98540496826172,43.940731048583984,24.53327751159668,20.721153259277344,71.68476867675781,41.598167419433594
2017-09-14,23.6262149810791,,22.873004913330078,21.02936363220215,59.823123931884766,26.893795013427734,43.85376739501953,24.70457649230957,20.8956356048584,71.77971649169922,41.373416900634766
2017-09-15,23.627059936523438,,22.92698097229004,21.091522216796875,60.07071304321289,27.003665924072266,43.93014144897461,24.791587829589844,20.925064086914062,71.55011749267578,41.257415771484375
2017-09-18,23.757694244384766,,23.02448272705078,21.338457107543945,60.408348083496094,27.026649475097656,43.99378204345703,24.649078369140625,20.711036682128906,71.53278350830078,41.114715576171875
2017-09-19,23.8798885345459,,23.118499755859375,21.500246047973633,60.468936920166016,27.146175384521484,43.85854721069336,24.40152931213379,20.668991088867188,70.96967315673828,41.077903747558594
2017-09-20,23.964162826538086,,23.27520179748535,21.627965927124023,60.91044235229492,27.035844802856445,43.43689727783203,24.334016799926758,20.516117095947266,71.03897094726562,41.21598815917969
2017-09-21,23.913599014282227,,23.282169342041016,21.679054260253906,61.09223937988281,26.888736724853516,43.02322006225586,24.2965145111084,20.512296676635742,70.6751480102539,41.14695358276367
2017-09-22,23.82932472229004,,23.400558471679688,21.65351104736328,61.24805450439453,26.902530670166016,42.89592361450195,24.08648109436035,20.344131469726562,70.6751480102539,41.21598815917969
2017-09-25,23.871463775634766,,23.738332748413086,21.627965927124023,61.24805450439453,26.585325241088867,43.2061882019043,24.176494598388672,20.531404495239258,70.46720886230469,41.128536224365234
2017-09-26,23.7661190032959,,23.72789764404297,21.61945152282715,61.24805450439453,26.681865692138672,43.30961990356445,24.19899559020996,20.493181228637695,70.35458374023438,41.13314437866211
2017-09-27,23.7661190032959,,23.828876495361328,21.88341522216797,61.31733322143555,26.953094482421875,42.97548294067383,23.996463775634766,20.218006134033203,70.32859802246094,41.35869216918945
2017-09-28,23.93467140197754,,23.849763870239258,21.917476654052734,61.282676696777344,26.985279083251953,42.97548294067383,24.168996810913086,20.290620803833008,70.38924407958984,41.30805587768555
2017-09-29,23.93467140197754,,23.84629249572754,22.0196533203125,61.4644889831543,27.169164657592773,42.94366455078125,24.183992385864258,20.27532958984375,70.80509948730469,41.46455764770508
2017-10-02,24.1959228515625,,23.839319229125977,22.20698356628418,61.888671875,27.21053695678711,42.86410140991211,24.09398078918457,20.309730529785156,71.52413940429688,41.54280471801758
2017-10-03,24.29706382751465,,23.814945220947266,22.283618927001953,62.15704345703125,27.274898529052734,42.911834716796875,24.08648109436035,20.252405166625977,71.5068130493164,41.71773147583008
2017-10-04,24.305490493774414,,23.797534942626953,22.181432723999023,62.13972473144531,27.256511688232422,43.04708480834961,24.2965145111084,20.45496940612793,71.85333251953125,41.934059143066406
2017-10-05,24.452972412109375,,23.905487060546875,22.411334991455078,62.28691864013672,27.518545150756836,43.238014221191406,24.371530532836914,20.435853958129883,71.90532684326172,42.16883087158203
2017-10-06,24.398191452026367,,23.70351219177246,22.436885833740234,62.27824401855469,27.55992317199707,42.80841064453125,24.30401611328125,20.420562744140625,71.81002044677734,42.2194709777832
2017-10-09,24.393978118896484,,23.752260208129883,22.35173797607422,62.10511016845703,27.62887954711914,42.6890869140625,24.356523513793945,20.447322845458984,71.35953521728516,42.08596420288086
2017-10-10,24.410831451416016,,23.773155212402344,22.45391845703125,62.20030975341797,27.65645980834961,43.0629997253418,24.39402961730957,20.646055221557617,71.52413940429688,42.0445442199707
2017-10-11,24.423473358154297,,23.828876495361328,22.411334991455078,62.165687561035156,27.748409271240234,43.15050506591797,24.5290584564209,20.73396873474121,71.66275024414062,42.06755828857422
2017-10-12,24.46982765197754,,23.74181365966797,22.241046905517578,62.49466323852539,27.679441452026367,43.33348083496094,24.701583862304688,20.840978622436523,71.58477783203125,41.786773681640625
2017-10-13,24.587818145751953,,23.72789764404297,22.249555587768555,62.38211441040039,27.81276512145996,43.41303634643555,24.769086837768555,20.695749282836914,71.4028549194336,41.989315032958984
2017-10-16,24.570964813232422,,23.780122756958008,22.394311904907227,62.451393127441406,27.913896560668945,43.42894744873047,24.649078369140625,20.64988136291504,71.0909652709961,42.0445442199707
2017-10-17,24.507755279541016,,23.794050216674805,22.283618927001953,62.28691864013672,27.913896560668945,43.269832611083984,24.649078369140625,20.772184371948242,72.0439453125,42.06755828857422
2017-10-18,24.44875144958496,,23.626903533935547,22.402828216552734,62.312889099121094,27.98284912109375,43.214141845703125,24.604063034057617,20.73396873474121,72.14788818359375,41.95248031616211
2017-10-19,24.541465759277344,,23.553773880004883,22.419862747192383,62.486019134521484,27.900108337402344,42.98344039916992,24.589061737060547,20.951814651489258,72.58972930908203,41.95248031616211
2017-10-20,24.752151489257812,,23.599044799804688,22.683820724487305,63.16123962402344,28.088586807250977,42.880027770996094,24.55155372619629,20.96710777282715,72.66767120361328,42.05375671386719
2017-10-23,24.70580291748047,,23.477169036865234,22.66679573059082,62.76305389404297,27.955276489257812,42.848182678222656,24.461545944213867,20.97857093811035,72.48574829101562,41.76836395263672
2017-10-24,24.844865798950195,,23.522443771362305,22.82857322692871,63.11799621582031,28.03342628479004,42.697044372558594,24.30401611328125,20.997678756713867,72.00062561035156,41.869625091552734
2017-10-25,24.714231491088867,,23.358776092529297,22.692333221435547,62.49466323852539,27.88172149658203,42.57771682739258,24.24400520324707,20.905956268310547,71.89662170410156,41.70852279663086
2017-10-26,25.04291343688965,,23.407529830932617,22.820058822631836,62.581241607666016,27.996646881103516,42.609535217285156,24.10898208618164,20.90977668762207,71.17760467529297,41.85582733154297
2017-10-27,24.91227912902832,,23.449304580688477,22.803028106689453,62.60720443725586,28.750585556030273,42.24357604980469,24.14649200439453,21.039718627929688,71.1602554321289,42.53247833251953
2017-10-30,24.794294357299805,,23.57119369506836,22.70936393737793,62.17437744140625,28.814945220947266,41.88557815551758,24.2965145111084,21.043546676635742,70.39791870117188,42.33914566040039
2017-10-31,24.861717224121094,,23.64780044555664,22.649761199951172,61.923309326171875,28.93906021118164,42.23561096191406,24.379032135009766,21.06647300720215,70.26797485351562,42.343746185302734
2017-11-01,24.983915328979492,,23.915935516357422,22.683820724487305,61.888671875,28.943662643432617,42.37086868286133,24.356523513793945,20.947996139526367,70.44120025634766,42.35755920410156
2017-11-02,24.802719116210938,,23.84629249572754,22.89669418334961,62.24360275268555,28.957454681396484,42.2674446105957,24.566560745239258,21.024429321289062,70.12068176269531,42.039955139160156
2017-11-03,24.79007911682129,,23.915935516357422,22.803028106689453,62.183006286621094,29.187313079833984,42.27540588378906,24.566560745239258,21.100868225097656,70.70113372802734,42.210262298583984
2017-11-06,24.68474006652832,,24.462642669677734,22.777482986450195,62.21765899658203,29.25166893005371,41.82194519042969,24.941621780395508,21.020605087280273,70.48455047607422,42.51865005493164
2017-11-07,24.71001625061035,,24.431299209594727,22.46242904663086,62.312889099121094,29.265460968017578,42.29132080078125,25.174163818359375,21.272859573364258,70.63184356689453,42.26549530029297
2017-11-08,24.735300064086914,,24.312904357910156,22.35173797607422,62.2089729309082,29.426361083984375,42.75273513793945,25.3616886138916,21.288145065307617,70.7964096069336,42.31153106689453
2017-11-09,24.524612426757812,,24.386024475097656,22.27509880065918,61.429866790771484,29.191911697387695,42.744773864746094,25.3616886138916,21.314895629882812,70.80509948730469,42.37596893310547
2017-11-10,24.486684799194336,,24.257192611694336,22.20698356628418,61.51640319824219,29.191911697387695,43.18233108520508,25.3616886138916,21.21552848815918,70.3459243774414,42.51865005493164
2017-11-13,24.61309814453125,,24.117904663085938,22.241046905517578,61.308650970458984,29.182714462280273,43.42894744873047,25.43669891357422,21.467769622802734,70.41523742675781,42.66135787963867
2017-11-14,24.389760971069336,,23.72789764404297,22.232526779174805,61.14418411254883,29.122949600219727,43.58009719848633,25.414199829101562,21.735309600830078,70.12934112548828,42.69819259643555
2017-11-15,24.242280960083008,,23.459768295288086,22.292131423950195,60.797916412353516,28.906892776489258,43.118690490722656,25.226669311523438,21.54804229736328,69.93010711669922,42.51405715942383
2017-11-16,24.537250518798828,,23.36573600769043,22.300643920898438,61.3692626953125,29.31143569946289,43.71534729003906,25.324182510375977,21.47924041748047,70.65780639648438,42.86849594116211
2017-11-17,24.570964813232422,,23.48065185546875,22.27509880065918,61.03163146972656,29.122949600219727,43.56418991088867,25.174163818359375,21.330184936523438,70.38057708740234,43.057220458984375
2017-11-20,24.60466957092285,,23.424930572509766,22.377281188964844,61.308650970458984,29.2332820892334,43.51646041870117,25.114151000976562,21.265216827392578,70.08601379394531,43.140079498291016
2017-11-21,24.735300064086914,,23.477169036865234,22.44540023803711,61.75017547607422,29.541292190551758,43.6596565246582,25.249168395996094,21.322542190551758,70.70113372802734,43.40705490112305
2017-11-22,24.66788101196289,,23.57119369506836,22.334712982177734,61.81943130493164,29.48612403869629,43.603965759277344,25.166654586791992,21.322542190551758,70.6751480102539,43.448490142822266
2017-11-24,24.794294357299805,,23.637353897094727,22.32619285583496,61.81943130493164,29.65162467956543,43.57215118408203,25.256671905517578,21.35694122314453,70.8397445678711,43.558963775634766
2017-11-27,24.646806716918945,,23.397083282470703,22.30916404724121,61.923309326171875,29.65162467956543,43.596004486083984,25.18166732788086,21.44866943359375,70.9003677368164,43.5911750793457
2017-11-28,24.92070770263672,,23.578153610229492,22.888179779052734,62.86691665649414,29.748165130615234,43.95401382446289,25.12164878845215,21.54804229736328,71.42018127441406,44.07450866699219
2017-11-29,24.958635330200195,,23.706995010375977,23.279870986938477,63.420963287353516,29.09076690673828,44.18471908569336,25.061641693115234,21.559507369995117,71.7753677368164,44.26323318481445
2017-11-30,25.097694396972656,,24.062183380126953,23.433135986328125,64.5030746459961,29.348215103149414,44.59046173095703,25.091642379760742,21.63212013244629,72.3125,44.48878860473633
2017-12-01,24.891212463378906,,24.2641544342041,23.484222412109375,63.706634521484375,29.196510314941406,44.70182800292969,25.13665199279785,21.559507369995117,72.16523742675781,44.47037124633789
2017-12-04,25.148256301879883,,24.253705978393555,23.841854095458984,64.24337005615234,28.72760009765625,45.12346267700195,24.806596755981445,21.43720245361328,71.28155517578125,44.98592758178711
2017-12-05,25.02183723449707,,24.149234771728516,23.714126586914062,63.697994232177734,28.73678970336914,45.0518684387207,24.709081649780273,21.165847778320312,71.1602554321289,44.7281379699707
2017-12-06,24.874361038208008,,23.835840225219727,23.62898063659668,63.793212890625,28.920677185058594,45.338260650634766,24.74658966064453,21.2460994720459,71.09964752197266,44.438148498535156
2017-12-07,25.04291343688965,,23.905487060546875,23.705617904663086,64.38188934326172,29.099966049194336,44.90070343017578,24.844106674194336,21.284324645996094,71.11695861816406,44.5532341003418
2017-12-08,25.04291343688965,,24.124862670898438,23.85036277770996,64.6589126586914,29.237878799438477,45.020042419433594,24.90411376953125,21.35311508178711,71.91397857666016,44.764976501464844
2017-12-11,25.076622009277344,,24.29897689819336,23.790767669677734,64.52906036376953,29.49073028564453,45.012088775634766,24.964122772216797,21.483068466186523,72.21717834472656,44.86163330078125
2017-12-12,25.080833435058594,,24.232816696166992,24.0291805267334,64.59832000732422,29.481531143188477,45.020042419433594,25.076642990112305,21.11616325378418,72.50306701660156,44.88003921508789
2017-12-13,25.148256301879883,,24.197988510131836,23.731159210205078,64.84935760498047,29.49073028564453,45.274627685546875,25.06914520263672,21.173486709594727,72.75433349609375,44.91687774658203
2017-12-14,24.870147705078125,,24.110937118530273,23.577892303466797,64.40784454345703,29.453941345214844,45.07573699951172,25.091642379760742,21.146732330322266,72.01793670654297,45.054969787597656
2017-12-15,25.01750373840332,,24.08919906616211,23.7900447845459,64.86221313476562,29.78986358642578,45.58707046508789,25.171281814575195,21.22426986694336,72.81033325195312,45.249874114990234
2017-12-18,25.385910034179688,,24.27499008178711,24.003904342651367,65.32351684570312,30.052881240844727,45.56301498413086,25.25469970703125,20.988962173461914,72.8364028930664,45.65631866455078
2017-12-19,25.356266021728516,,24.310039520263672,23.90125274658203,65.3409194946289,29.868310928344727,45.619117736816406,24.77690887451172,20.607065200805664,72.74942016601562,45.59627914428711
2017-12-20,25.36473274230957,,24.6535701751709,23.858476638793945,65.55854797363281,29.859085083007812,45.53896713256836,24.511470794677734,20.445045471191406,72.51459503173828,45.50852966308594
2017-12-21,25.453655242919922,,25.175880432128906,24.06378746032715,65.61074829101562,29.79909896850586,45.50691223144531,24.42804527282715,20.20201873779297,72.34933471679688,45.80412292480469
2017-12-22,25.551050186157227,,25.228464126586914,23.995349884033203,65.62816619873047,29.780641555786133,45.57904052734375,24.58730697631836,20.23287582397461,72.114501953125,45.716365814208984
2017-12-26,25.529884338378906,,25.449298858642578,23.92691421508789,65.69779205322266,29.58222007751465,45.68323516845703,24.716236114501953,20.11329460144043,72.13185119628906,45.81797790527344
2017-12-27,25.56376075744629,,25.365171432495117,23.95258140563965,65.8544692993164,29.614524841308594,45.67522430419922,24.81483268737793,20.198162078857422,72.25366973876953,45.72560501098633
2017-12-28,25.67808723449707,,25.40372657775879,24.046682357788086,65.98502349853516,29.665281295776367,45.603092193603516,24.95892906188965,20.31003189086914,72.3580093383789,45.85030746459961
2017-12-29,25.631513595581055,,25.330116271972656,23.875591278076172,65.86316680908203,29.50839614868164,45.59508514404297,24.98167610168457,20.32160186767578,71.91441345214844,45.582427978515625
2018-01-02,25.995681762695312,,25.74726104736328,23.884136199951172,66.25482940673828,29.8729190826416,45.31455612182617,24.837583541870117,20.132577896118164,72.72333526611328,46.275245666503906
2018-01-03,26.17775535583496,,26.132863998413086,24.0124568939209,66.61170959472656,30.122093200683594,45.29853820800781,24.84516716003418,19.974422454833984,73.4191665649414,46.48769760131836
2018-01-04,26.406423568725586,,26.290607452392578,24.23487091064453,67.0991439819336,30.27435874938965,45.42677307128906,24.42046356201172,19.80854606628418,73.52355194091797,46.6401252746582
2018-01-05,26.618144989013672,,26.28008270263672,24.303308486938477,67.56044006347656,30.592761993408203,45.627140045166016,24.473548889160156,19.80083465576172,74.1498031616211,47.00961685180664
2018-01-08,26.656261444091797,,26.43783187866211,24.269092559814453,67.83897399902344,30.70810890197754,45.73933410644531,24.64040184020996,19.986000061035156,73.88017272949219,47.065040588378906
2018-01-09,26.61391258239746,,26.3712215423584,24.45729637145996,68.27415466308594,30.629669189453125,45.67522430419922,24.359790802001953,19.78925895690918,74.74994659423828,47.15740966796875
2018-01-10,26.4530086517334,,26.339683532714844,24.6626033782959,68.26545715332031,30.523536682128906,45.45081329345703,23.980592727661133,19.573240280151367,74.6195068359375,47.12508010864258
2018-01-11,26.800233840942383,,26.879514694213867,24.78235626220703,69.13587188720703,30.648130416870117,45.38669967651367,23.82891273498535,19.499942779541016,74.94132995605469,47.89179229736328
2018-01-12,26.84258460998535,,27.138912200927734,25.004776000976562,69.77995300292969,30.82807731628418,45.40272903442383,23.654478073120117,19.38807487487793,75.51536560058594,48.510711669921875
2018-01-16,26.52923011779785,,26.795377731323242,24.93634033203125,69.1532974243164,30.70810890197754,45.61110305786133,23.768239974975586,19.34564208984375,75.88939666748047,48.16429901123047
2018-01-17,26.65203094482422,,27.030242919921875,25.124542236328125,69.53624725341797,31.16953468322754,46.13206100463867,23.904748916625977,19.465227127075195,76.62002563476562,48.39524841308594
2018-01-18,26.635086059570312,,26.809402465820312,25.09032440185547,69.16197967529297,31.22490119934082,45.99581527709961,23.677227020263672,19.341781616210938,76.63739013671875,48.353675842285156
2018-01-19,26.796001434326172,,26.774349212646484,25.26997184753418,69.36217498779297,31.284902572631836,46.50874328613281,23.844078063964844,19.283920288085938,76.9244384765625,48.773983001708984
2018-01-22,26.732479095458984,,27.352739334106445,25.47527313232422,69.36217498779297,31.589448928833008,46.861385345458984,24.071598052978516,19.310928344726562,77.42893981933594,49.31436538696289
2018-01-23,26.728246688842773,,27.31067657470703,25.50093650817871,69.3969955444336,31.727880477905273,46.709102630615234,24.44321632385254,19.4960880279541,77.05490112304688,49.73005676269531
2018-01-24,26.84258460998535,,27.237060546875,25.672027587890625,69.3360595703125,31.483314514160156,46.80527877807617,24.374954223632812,19.376502990722656,77.28104400634766,49.94251251220703
2018-01-25,27.020435333251953,,27.02323341369629,25.620702743530273,69.40568542480469,31.427936553955078,46.829322814941406,24.321866989135742,19.677391052246094,77.94210815429688,49.85477066040039
2018-01-26,27.13899040222168,,27.17046356201172,25.80889892578125,70.20646667480469,31.92628288269043,47.05373764038086,24.390127182006836,19.68896484375,79.62079620361328,50.3443603515625
2018-01-29,26.829879760742188,,26.760326385498047,25.706239700317383,69.73645782470703,31.635581970214844,46.86939239501953,24.109519958496094,19.438220977783203,79.40335083007812,50.205787658691406
2018-01-30,26.635086059570312,,26.220489501953125,25.37262725830078,69.18807220458984,31.349496841430664,46.556827545166016,24.01092529296875,19.472938537597656,77.73333740234375,49.956382751464844
2018-01-31,26.656261444091797,,26.238021850585938,25.44105339050293,69.3969955444336,31.584829330444336,46.34043884277344,24.503887176513672,19.68896484375,76.62870788574219,49.79471969604492
2018-02-01,26.29209327697754,,26.5079402923584,25.680578231811523,69.27513122558594,31.612506866455078,46.140079498291016,24.056427001953125,19.380361557006836,76.65479278564453,49.240455627441406
2018-02-02,25.60186767578125,,25.400224685668945,25.115991592407227,67.88250732421875,30.675811767578125,45.25846862792969,23.783403396606445,19.241491317749023,75.57625579833984,48.76934051513672
2018-02-05,24.623689651489258,,24.334579467773438,23.849924087524414,64.80126190185547,29.39303970336914,43.61546325683594,23.169103622436523,18.925167083740234,72.2275619506836,47.12508010864258
2018-02-06,25.428253173828125,,24.527372360229492,24.286197662353516,65.98502349853516,30.237451553344727,44.096336364746094,23.123605728149414,18.643566131591797,73.02776336669922,48.33058166503906
2018-02-07,25.19959259033203,,24.117246627807617,24.303308486938477,66.10688018798828,29.84986114501953,43.90399932861328,23.017427444458008,18.55484390258789,72.94081115722656,48.18276596069336
2018-02-08,24.314571380615234,,23.388120651245117,23.233999252319336,63.55661392211914,28.613224029541016,42.95827865600586,22.29694175720215,18.34653663635254,70.40969848632812,46.261383056640625
2018-02-09,24.738025665283203,,23.370594024658203,23.678829193115234,64.2442398071289,29.314594268798828,43.04642105102539,22.820236206054688,18.7322940826416,71.40994262695312,46.57083511352539
2018-02-12,25.237699508666992,,23.752683639526367,24.0124568939209,65.2800064086914,29.840625762939453,43.48722839355469,22.880910873413086,18.875017166137695,72.07967376708984,47.20359420776367
2018-02-13,25.17418098449707,,23.65452766418457,24.1151180267334,65.4279556274414,29.914447784423828,43.687599182128906,23.047754287719727,18.959882736206055,72.13185119628906,47.448394775390625
2018-02-14,25.5129451751709,,23.99806022644043,24.688261032104492,66.25482940673828,30.46354866027832,43.663551330566406,22.903667449951172,18.747718811035156,72.94949340820312,48.205875396728516
2018-02-15,25.703495025634766,,23.938467025756836,24.82513427734375,67.25580596923828,31.044960021972656,44.38487243652344,23.116018295288086,19.164339065551758,73.75841522216797,48.63541793823242
2018-02-16,25.610336303710938,,23.878877639770508,24.79091453552246,67.2732162475586,30.998811721801758,44.56119155883789,23.26769256591797,19.334070205688477,74.28897857666016,48.39986038208008
2018-02-20,25.49600601196289,,23.749176025390625,24.713930130004883,66.59429931640625,31.026491165161133,43.55134963989258,23.032588958740234,19.083330154418945,73.47136688232422,48.25206756591797
2018-02-21,25.407079696655273,,23.349557876586914,24.74814796447754,66.61170959472656,30.82807731628418,43.03041076660156,22.607887268066406,18.83258819580078,73.16695404052734,48.18276596069336
2018-02-22,25.57646369934082,,23.605445861816406,24.542831420898438,67.05560302734375,30.8649959564209,43.14260482788086,22.865741729736328,18.929031372070312,73.05387115478516,48.24283218383789
2018-02-23,25.953332901000977,,24.117246627807617,24.910680770874023,67.61266326904297,31.511009216308594,43.55936813354492,23.282865524291992,19.42279052734375,74.2193832397461,48.91716003417969
2018-02-26,26.067663192749023,,24.260969161987305,25.287076950073242,68.54399871826172,32.004737854003906,43.83186721801758,23.366287231445312,19.36492919921875,75.15876007080078,49.328224182128906
2018-02-27,25.707731246948242,,23.945480346679688,25.04754638671875,67.68228912353516,31.681718826293945,43.254817962646484,22.865741729736328,19.05632781982422,74.3759536743164,48.284393310546875
2018-02-28,25.250404357910156,,23.395124435424805,24.696819305419922,66.71614837646484,31.455631256103516,42.805992126464844,22.835405349731445,18.925167083740234,73.18431854248047,48.06731414794922
2018-03-01,24.992101669311523,,23.360074996948242,24.269092559814453,65.41056060791016,30.93421173095703,42.709815979003906,22.72164535522461,18.929031372070312,72.01883697509766,47.550010681152344
2018-03-02,24.966691970825195,,23.46874237060547,24.328969955444336,65.39312744140625,31.229528427124023,43.07048034667969,22.64580535888672,18.878873825073242,72.74942016601562,47.59619903564453
2018-03-05,25.296987533569336,,23.71763038635254,24.671152114868164,66.17649841308594,31.547914505004883,43.44717025756836,22.964330673217773,19.264633178710938,73.41046905517578,48.16429901123047
2018-03-06,25.57646369934082,,23.731653213500977,24.773805618286133,66.47241973876953,31.61712074279785,43.479217529296875,23.05534553527832,19.006179809570312,73.30609130859375,48.49684524536133
2018-03-07,25.48329734802246,,23.55287742614746,24.731033325195312,66.4637451171875,31.7924747467041,43.086509704589844,23.153934478759766,18.863447189331055,73.68011474609375,48.16891860961914
2018-03-08,25.50447654724121,,23.545862197875977,24.808029174804688,66.81190490722656,31.930896759033203,43.479217529296875,23.335956573486328,19.002323150634766,74.1759033203125,48.321346282958984
2018-03-09,25.966033935546875,,23.994558334350586,25.406841278076172,68.28285217285156,32.53538131713867,43.75972366333008,23.48763084411621,19.05632781982422,75.24573516845703,49.069580078125
2018-03-12,25.902517318725586,,23.987546920776367,25.3212947845459,67.4385986328125,32.63688278198242,43.679595947265625,23.601394653320312,19.137332916259766,74.92390441894531,49.231231689453125
2018-03-13,25.79665756225586,,23.815778732299805,25.03899383544922,67.10783386230469,32.263118743896484,43.647525787353516,23.677227020263672,19.17976951599121,75.01960754394531,48.88483428955078
2018-03-14,25.479063034057617,,23.675554275512695,24.75670051574707,66.376708984375,32.23544692993164,43.206722259521484,23.722728729248047,19.376502990722656,74.65431213378906,48.82477951049805
2018-03-15,25.1445369720459,,23.55287742614746,24.76525115966797,66.56818389892578,32.25388717651367,42.90216827392578,23.722728729248047,19.36492919921875,74.53250122070312,48.773983001708984
2018-03-16,25.14283561706543,,23.762928009033203,24.786714553833008,66.92387390136719,32.22057342529297,42.917476654052734,23.847084045410156,19.534809112548828,74.53250122070312,48.723018646240234
2018-03-19,24.781526565551758,,23.39577293395996,24.60641860961914,66.40826416015625,31.581811904907227,42.49838638305664,23.610595703125,19.41429901123047,73.3279800415039,48.116188049316406
2018-03-20,24.756019592285156,,23.593475341796875,24.666519165039062,66.635498046875,31.56791877746582,42.37750244140625,23.602964401245117,19.324886322021484,73.43270111083984,48.40340042114258
2018-03-21,25.036569595336914,,24.211288452148438,24.657930374145508,66.71412658691406,31.378137588500977,41.853614807128906,23.389360427856445,19.258804321289062,73.11849975585938,48.366329193115234
2018-03-22,24.288450241088867,,23.717037200927734,23.74785614013672,64.51187896728516,30.568119049072266,41.507049560546875,23.305450439453125,19.344327926635742,71.01493835449219,47.33795928955078
2018-03-23,23.812374114990234,,23.572294235229492,23.026662826538086,63.568058013916016,29.753456115722656,40.99123001098633,22.93927574157715,19.07219696044922,69.53981018066406,46.40685272216797
2018-03-26,24.301198959350586,,23.99593162536621,23.77361488342285,65.10614013671875,30.882871627807617,41.57958984375,23.252044677734375,19.270462036132812,70.9800033569336,47.77802276611328
2018-03-27,24.054664611816406,,23.769994735717773,23.30998992919922,64.20600891113281,29.89232635498047,41.55541229248047,23.290191650390625,19.546476364135742,70.14209747314453,46.84228515625
2018-03-28,23.748605728149414,,23.307518005371094,23.352914810180664,63.987548828125,29.693288803100586,42.127647399902344,23.71739387512207,19.538700103759766,70.51740264892578,46.27251434326172
2018-03-29,24.203439712524414,,23.79823875427246,23.67058563232422,64.922607421875,30.2811336517334,42.417781829833984,23.70976448059082,19.64366340637207,71.04984283447266,46.92104721069336
2018-04-02,23.676347732543945,,23.321632385253906,23.146860122680664,63.58551788330078,29.559049606323242,41.37809753417969,23.419878005981445,19.492048263549805,69.4350814819336,45.59619140625
2018-04-03,24.012157440185547,,23.819421768188477,23.46452522277832,64.46818542480469,29.850662231445312,41.926143646240234,23.50379180908203,19.558143615722656,70.49122619628906,46.175235748291016
2018-04-04,24.169431686401367,,23.787639617919922,23.71351432800293,64.74783325195312,30.267244338989258,42.5789794921875,23.778432846069336,19.600906372070312,71.49498748779297,47.02295684814453
2018-04-05,24.62000274658203,,24.214820861816406,23.902402877807617,65.40326690673828,30.39222526550293,42.68376159667969,23.801311492919922,19.756406784057617,71.44263458251953,47.65294647216797
2018-04-06,24.02065658569336,,23.777055740356445,23.327165603637695,63.59428405761719,29.646997451782227,42.248538970947266,23.55718994140625,19.600906372070312,69.72310638427734,46.63846969604492
2018-04-09,24.15243148803711,,23.8900203704834,23.45594596862793,63.402034759521484,29.878435134887695,42.2243537902832,23.54956817626953,19.639780044555664,70.41265869140625,46.527278900146484
2018-04-10,24.64976692199707,,24.680830001831055,23.807958602905273,64.37207794189453,30.614404678344727,42.321075439453125,23.389360427856445,19.48816680908203,71.59973907470703,47.09245300292969
2018-04-11,24.466981887817383,,24.93854522705078,23.524629592895508,63.90013122558594,30.43388557434082,42.240474700927734,23.450387954711914,19.460956573486328,71.01493835449219,46.94882583618164
2018-04-12,24.72627067565918,,24.93501091003418,23.936738967895508,64.8177719116211,30.799562454223633,42.17599868774414,23.175764083862305,19.204376220703125,71.49498748779297,47.152652740478516
2018-04-13,24.700769424438477,,25.210386276245117,23.576139450073242,64.66043853759766,30.697717666625977,42.38554763793945,23.29781723022461,19.355985641479492,71.46009826660156,46.888614654541016
2018-04-16,25.03232192993164,,25.468097686767578,23.679166793823242,65.30712890625,30.93379020690918,42.844947814941406,23.404617309570312,19.62034034729004,72.02742004394531,47.24067306518555
2018-04-17,25.31711769104004,,25.566951751708984,23.679166793823242,65.85769653320312,31.50775146484375,42.94165802001953,23.71739387512207,19.818605422973633,72.58606719970703,48.120811462402344
2018-04-18,25.49989891052246,,25.96941566467285,23.567554473876953,66.53933715820312,31.42442512512207,42.61927795410156,23.6563663482666,19.744741439819336,72.64714813232422,48.34780502319336
2018-04-19,25.21510124206543,,26.001192092895508,23.92815399169922,66.3558349609375,31.077287673950195,41.386165618896484,23.259679794311523,19.733076095581055,72.03614807128906,48.1949348449707
2018-04-20,25.079071044921875,,25.87761878967285,23.936738967895508,66.06742095947266,30.646804809570312,40.69303512573242,23.053701400756836,19.55425453186035,71.652099609375,47.70391845703125
2018-04-23,25.006820678710938,,26.036483764648438,23.910980224609375,65.9887924194336,30.53571319580078,40.64468002319336,23.099472045898438,19.56591796875,71.9314193725586,47.80582809448242
2018-04-24,24.330957412719727,,25.757593154907227,23.756441116333008,64.14482116699219,30.00341033935547,40.38676834106445,23.122360229492188,19.698087692260742,71.39026641845703,47.05073928833008
2018-04-25,24.462724685668945,,25.962350845336914,23.73926544189453,64.328369140625,30.008037567138672,40.45930480957031,23.046070098876953,19.701974868774414,71.71321868896484,47.245304107666016
2018-04-26,24.61575698852539,,26.340103149414062,23.74785614013672,64.09239959716797,30.554231643676758,40.70109558105469,23.343589782714844,19.90024185180664,72.6209716796875,48.0096321105957
2018-04-27,24.5519962310791,,26.061199188232422,23.782196044921875,63.96131134033203,30.498687744140625,40.91869354248047,23.6563663482666,20.102394104003906,72.91775512695312,48.22736358642578
2018-04-30,24.233186721801758,,26.05767059326172,23.567554473876953,63.1136474609375,30.299654006958008,40.66080093383789,23.564823150634766,20.04408073425293,71.80049896240234,48.03742218017578
2018-05-01,24.211936950683594,,25.8988037109375,23.576139450073242,62.82523727416992,30.67920684814453,40.30615997314453,23.732656478881836,19.98188018798828,71.76559448242188,48.102291107177734
2018-05-02,24.15668296813965,,26.00472068786621,23.30998992919922,62.27468490600586,30.646804809570312,39.51632308959961,23.625850677490234,19.962438583374023,70.7792739868164,47.773399353027344
2018-05-03,24.267200469970703,,25.94469451904297,23.11252212524414,62.423240661621094,30.71623420715332,39.476016998291016,23.618221282958984,19.935232162475586,70.14209747314453,47.56031036376953
2018-05-04,24.568998336791992,,26.07179832458496,23.413013458251953,63.14860153198242,31.299457550048828,40.048248291015625,23.885223388671875,20.02463722229004,70.7007064819336,48.18567657470703
2018-05-07,24.560503005981445,,26.107097625732422,23.567554473876953,63.568058013916016,31.517011642456055,39.79841232299805,23.930999755859375,19.919675827026367,70.59597778320312,48.34780502319336
2018-05-08,24.50948715209961,,26.311864852905273,23.730682373046875,64.02249908447266,31.586435317993164,39.63721466064453,23.763164520263672,19.422075271606445,70.06353759765625,48.143978118896484
2018-05-09,24.86229705810547,,26.848480224609375,24.082693099975586,64.71288299560547,31.97525405883789,39.69363021850586,23.946252822875977,19.2860107421875,70.46504974365234,48.31073760986328
2018-05-10,25.04081916809082,,27.049705505371094,24.28015899658203,65.14982604980469,32.391845703125,39.927371978759766,24.167482376098633,19.558143615722656,71.40772247314453,48.486778259277344
2018-05-11,25.03232192993164,,27.08854103088379,24.26299285888672,65.28968811035156,32.34553146362305,39.927371978759766,24.05305290222168,19.585351943969727,72.47258758544922,48.58867645263672
2018-05-14,25.130088806152344,,27.27565574645996,24.245817184448242,65.1760482788086,32.340904235839844,39.9112434387207,23.885223388671875,19.51148796081543,72.9526596069336,48.68132781982422
2018-05-15,25.053573608398438,,27.282716751098633,24.202896118164062,64.95757293701172,32.03541946411133,39.75811767578125,23.480905532836914,19.348220825195312,72.010009765625,48.39876174926758
2018-05-16,25.351123809814453,,27.37803077697754,24.245817184448242,65.19351196289062,32.178916931152344,40.04020309448242,23.419878005981445,19.196598052978516,72.41148376464844,48.80176544189453
2018-05-17,25.410629272460938,,27.791086196899414,24.194307327270508,65.44695281982422,32.01228332519531,40.17721176147461,23.29781723022461,19.041095733642578,72.43766021728516,48.639644622802734
2018-05-18,25.44464111328125,,27.575727462768555,23.99683952331543,65.83148193359375,31.87803840637207,39.927371978759766,23.313079833984375,19.04498291015625,72.6209716796875,48.57941818237305
2018-05-21,25.580656051635742,,27.85816192626953,24.168550491333008,66.82772064208984,32.15576934814453,40.09661865234375,23.54956817626953,19.142175674438477,72.69080352783203,48.84809112548828
2018-05-22,25.36812400817871,,27.487472534179688,24.331682205200195,66.00625610351562,32.10947036743164,40.024078369140625,23.580081939697266,19.212146759033203,72.55113220214844,48.63037872314453
2018-05-23,25.30861473083496,,27.483949661254883,24.177135467529297,65.9450912475586,32.34553146362305,40.169158935546875,23.77079200744629,19.387083053588867,72.78681945800781,48.98243713378906
2018-05-24,25.219348907470703,,27.032054901123047,23.98825454711914,66.26846313476562,32.30851364135742,40.13691329956055,23.67924690246582,19.546476364135742,72.49877166748047,49.088985443115234
2018-05-25,25.083322525024414,,26.329504013061523,23.910980224609375,66.1461181640625,32.28538513183594,40.20139694213867,23.793684005737305,19.63200569152832,72.39403533935547,49.1630859375
2018-05-29,24.64976692199707,,26.248306274414062,23.11252212524414,65.08863830566406,32.10947036743164,40.112735748291016,23.854711532592773,19.63200569152832,71.652099609375,48.783241271972656
2018-05-30,24.93880844116211,,27.04264259338379,23.53321647644043,66.00625610351562,32.34553146362305,40.67691421508789,24.167482376098633,19.791391372680664,72.72571563720703,49.22793960571289
2018-05-31,24.73052215576172,,26.837879180908203,23.335744857788086,65.0537109375,32.35479736328125,40.024078369140625,24.09119987487793,19.82249641418457,71.9314193725586,48.991695404052734
2018-06-01,25.108837127685547,,26.96497917175293,23.593313217163086,65.77030944824219,32.90562438964844,40.024078369140625,24.190364837646484,19.51926612854004,72.76061248779297,49.353023529052734
2018-06-04,25.25336265563965,,26.73198127746582,23.67058563232422,65.67418670654297,33.16946029663086,40.354522705078125,24.426856994628906,19.363765716552734,73.03120422363281,49.90427780151367
2018-06-05,25.44464111328125,,26.66843032836914,23.567554473876953,65.75285339355469,33.28517532348633,40.169158935546875,24.304794311523438,19.26268768310547,72.88284301757812,50.196102142333984
2018-06-06,25.916465759277344,,26.795516967773438,23.99683952331543,66.30338287353516,33.502723693847656,40.217506408691406,24.373455047607422,18.803958892822266,73.70330047607422,50.663970947265625
2018-06-07,25.784698486328125,,27.201520919799805,24.07410430908203,66.58304595947266,33.2342643737793,40.46736145019531,24.373455047607422,18.936134338378906,73.79933166503906,50.81220626831055
2018-06-08,25.856956481933594,,27.1485538482666,24.108455657958984,66.801513671875,33.178714752197266,40.96705627441406,24.457374572753906,18.92835807800293,74.22703552246094,50.91874694824219
2018-06-11,25.89521598815918,,27.28977394104004,24.05694007873535,66.93260192871094,33.21574401855469,41.305564880371094,24.449745178222656,18.889482498168945,74.36668395996094,51.12257385253906
2018-06-12,25.929218292236328,,27.081480026245117,23.99683952331543,66.86270141601562,33.37776565551758,41.386165618896484,24.587055206298828,19.10718536376953,74.32302856445312,51.36808776855469
2018-06-13,25.64866828918457,,26.97909927368164,23.910980224609375,66.3296127319336,33.20649337768555,41.25719451904297,24.037797927856445,19.05664825439453,74.34049987792969,51.446834564208984
2018-06-14,25.686927795410156,,26.940265655517578,23.687759399414062,66.07617950439453,33.44255065917969,41.329742431640625,24.266651153564453,19.293790817260742,74.72452545166016,51.98418426513672
2018-06-15,25.507570266723633,,26.361635208129883,23.686891555786133,65.91121673583984,33.314815521240234,41.86092758178711,24.227415084838867,19.431068420410156,74.86995697021484,52.06964874267578
2018-06-18,25.443510055541992,,26.624658584594727,23.643779754638672,65.63922882080078,33.35197067260742,41.25175857543945,24.204330444335938,19.493825912475586,74.15156555175781,51.98139190673828
2018-06-19,24.978031158447266,46.32429504394531,26.564231872558594,23.58342170715332,64.25292205810547,33.18010330200195,41.4710693359375,24.235111236572266,19.686017990112305,74.34432220458984,51.91638946533203
2018-06-20,24.896894454956055,46.89919662475586,26.681514739990234,23.52306365966797,64.29678344726562,33.249786376953125,41.51167678833008,24.496700286865234,19.70170783996582,74.50204467773438,52.16255187988281
2018-06-21,24.63212013244629,46.61176300048828,26.187477111816406,23.454076766967773,63.48957824707031,32.99431228637695,41.592891693115234,24.64287567138672,19.76838493347168,74.07273864746094,51.790985107421875
2018-06-22,24.990835189819336,46.81574630737305,26.709943771362305,23.341983795166016,63.70891571044922,32.8874626159668,41.93401336669922,24.85829734802246,19.90566635131836,74.40563201904297,51.702735900878906
2018-06-25,24.60222625732422,45.85142135620117,26.17326545715332,23.091917037963867,62.90170669555664,32.20463180541992,42.14519119262695,24.796749114990234,20.23514175415039,73.72229766845703,50.57876205444336
2018-06-26,24.69618034362793,45.92745590209961,26.503807067871094,23.014314651489258,63.13860321044922,32.334693908691406,41.96650695800781,24.927549362182617,20.258670806884766,73.49452209472656,50.941043853759766
2018-06-27,24.619308471679688,45.52688980102539,26.85922622680664,22.729761123657227,62.629703521728516,31.89340591430664,41.877159118652344,24.85829734802246,20.35672950744629,72.87249755859375,50.2815055847168
2018-06-28,24.713260650634766,45.98123550415039,26.823688507080078,22.92808723449707,62.71744155883789,32.28359603881836,41.877159118652344,25.104496002197266,20.348886489868164,72.96884155273438,50.676292419433594
2018-06-29,24.798667907714844,45.925594329833984,26.990734100341797,22.92808723449707,62.849063873291016,32.2696647644043,41.85279083251953,25.166044235229492,20.380260467529297,73.11781311035156,50.76454162597656
2018-07-02,24.666288375854492,46.213043212890625,26.592662811279297,23.040178298950195,62.98945236206055,32.55766296386719,41.609130859375,25.01987075805664,20.5253849029541,73.34558868408203,50.834205627441406
2018-07-03,24.623580932617188,45.64742660522461,26.759702682495117,22.833227157592773,62.78763961791992,32.1721076965332,41.706600189208984,25.166044235229492,20.584224700927734,73.52079010009766,50.57876205444336
2018-07-05,24.837106704711914,46.34285354614258,26.731277465820312,22.884973526000977,63.094722747802734,32.62733459472656,42.28327560424805,25.496875762939453,20.69405174255371,74.28300476074219,50.829566955566406
2018-07-06,24.96095085144043,47.07536697387695,26.89476776123047,22.99706268310547,63.314083099365234,33.00824737548828,42.41321563720703,25.604585647583008,20.8548641204834,75.35179901123047,51.2289924621582
2018-07-09,25.183015823364258,47.34426498413086,27.29640007019043,23.52306365966797,64.48979187011719,33.259071350097656,42.25078582763672,25.366085052490234,20.21160125732422,75.90375518798828,51.842079162597656
2018-07-10,25.39653205871582,47.32478332519531,27.498979568481445,23.43683433532715,64.69160461425781,33.33803176879883,42.75433349609375,25.489181518554688,20.403797149658203,76.19286346435547,51.95354080200195
2018-07-11,24.969493865966797,47.26081848144531,26.916093826293945,23.324731826782227,63.62995529174805,33.20798110961914,42.616268157958984,25.412242889404297,20.58814811706543,75.58836364746094,51.83279037475586
2018-07-12,25.02927589416504,48.00260543823242,26.96230125427246,23.36785316467285,64.37574768066406,33.732887268066406,42.55942153930664,25.47378921508789,20.603837966918945,76.42940521240234,52.17647933959961
2018-07-13,25.016468048095703,47.92840576171875,27.104467391967773,23.264373779296875,64.70918273925781,33.695716857910156,42.83556365966797,25.389158248901367,20.60776138305664,76.56956481933594,52.29258346557617
2018-07-16,24.815752029418945,47.78932571411133,26.79170036315918,23.678268432617188,64.44593811035156,33.61676025390625,42.632511138916016,25.25067710876465,20.58814811706543,76.1052474975586,52.422630310058594
2018-07-17,25.140308380126953,47.79859924316406,26.685077667236328,23.704139709472656,64.70039367675781,33.867584228515625,42.99800491333008,25.0814151763916,20.57245635986328,76.52576446533203,52.47373580932617
2018-07-18,24.90542984008789,47.659523010253906,26.702836990356445,24.083539962768555,65.41109466552734,33.81183624267578,42.64875030517578,24.989097595214844,20.466554641723633,76.58708190917969,52.441219329833984
2018-07-19,24.995113372802734,47.32572555541992,26.709943771362305,23.721384048461914,65.3847885131836,33.691070556640625,42.673118591308594,25.227602005004883,20.654821395874023,76.15779876708984,52.32046127319336
2018-07-20,24.892621994018555,47.168087005615234,26.61754035949707,23.764495849609375,65.31458282470703,33.70036315917969,42.93303298950195,25.00447654724121,20.50969696044922,76.00887298583984,52.08824157714844
2018-07-23,24.755962371826172,47.36280059814453,26.500242233276367,24.092164993286133,64.91098022460938,33.87222671508789,42.665000915527344,24.935239791870117,20.36456871032715,76.16658020019531,52.03249740600586
2018-07-24,25.076248168945312,47.69660949707031,26.83434295654297,24.161148071289062,65.1829605102539,34.058040618896484,42.746212005615234,24.865995407104492,20.435176849365234,76.85869598388672,51.879241943359375
2018-07-25,25.2726993560791,48.0396842956543,27.058263778686523,24.212888717651367,66.1744613647461,34.48538589477539,43.07109069824219,25.11219024658203,20.494009017944336,77.83987426757812,52.26007080078125
2018-07-26,25.41788673400879,46.227874755859375,27.35326385498047,24.204265594482422,66.68336486816406,33.955841064453125,43.29853057861328,25.196821212768555,20.713665008544922,77.6208724975586,51.986053466796875
2018-07-27,25.32394027709961,45.35072326660156,27.23597526550293,24.255998611450195,66.69210815429688,33.37519454956055,43.355377197265625,24.966012954711914,20.646982192993164,77.06019592285156,51.85136795043945
2018-07-30,25.276960372924805,44.636756896972656,27.459882736206055,24.273244857788086,66.03406524658203,32.85496139526367,43.306636810302734,24.942930221557617,20.521467208862305,77.10397338867188,51.4379997253418
2018-07-31,25.507570266723633,44.93346405029297,27.410133361816406,24.100791931152344,67.49057006835938,32.94321060180664,43.50969314575195,25.427629470825195,20.7058162689209,77.90996551513672,51.67950439453125
2018-08-01,25.2470703125,44.748023986816406,27.029834747314453,24.100791931152344,66.57805633544922,33.2404899597168,43.144203186035156,25.596893310546875,20.57245635986328,77.92749786376953,51.4240608215332
2018-08-02,25.080520629882812,45.04473114013672,26.880550384521484,24.109413146972656,66.49032592773438,33.65855026245117,43.582786560058594,25.47378921508789,20.674436569213867,78.21659851074219,51.77705001831055
2018-08-03,25.319665908813477,45.35072326660156,26.741933822631836,24.24738121032715,66.55172729492188,33.77933120727539,44.094478607177734,25.804622650146484,20.905851364135742,78.6809310913086,51.95354080200195
2018-08-06,25.311128616333008,45.80507278442383,26.841449737548828,24.376720428466797,66.64826202392578,33.960487365722656,44.13508987426758,25.750768661499023,20.92154312133789,78.82107543945312,52.30187225341797
2018-08-07,25.39653205871582,45.86069869995117,27.04050064086914,24.488815307617188,67.1220474243164,34.09054946899414,43.8670539855957,25.696916580200195,20.89016342163086,78.82986450195312,52.543399810791016
2018-08-08,25.28977394104004,45.823604583740234,26.845014572143555,24.54917335510254,66.82373809814453,34.18344497680664,43.53406524658203,25.535348892211914,20.780336380004883,78.95252227783203,52.599124908447266
2018-08-09,25.426433563232422,46.07395935058594,26.596220016479492,24.402585983276367,66.45520782470703,34.197383880615234,43.40409851074219,25.581506729125977,20.87447166442871,78.86490631103516,52.79419708251953
2018-08-10,25.059167861938477,45.684532165527344,26.759702682495117,24.11802864074707,65.86736297607422,33.9233283996582,43.24167251586914,25.335309982299805,20.784263610839844,78.52323150634766,52.35296630859375
2018-08-13,24.807214736938477,45.61962127685547,26.418508529663086,23.885223388671875,65.55150604248047,33.87687683105469,43.24167251586914,25.32761001586914,20.811716079711914,78.54952239990234,52.08824157714844
2018-08-14,25.016468048095703,45.94413757324219,26.48248291015625,24.109413146972656,66.00772857666016,34.085899353027344,43.542179107666016,25.427629470825195,20.8548641204834,78.91748046875,52.59449005126953
2018-08-15,24.619308471679688,45.30435562133789,25.558385848999023,23.919706344604492,65.6918716430664,33.77933120727539,43.72086715698242,25.65074920654297,21.04705047607422,78.78605651855469,51.95354080200195
2018-08-16,24.76877784729004,45.28581237792969,25.743209838867188,24.238758087158203,66.52542114257812,33.927978515625,44.34625244140625,25.850788116455078,21.274545669555664,79.55701446533203,52.208984375
2018-08-17,24.952409744262695,45.072540283203125,25.807180404663086,24.29049301147461,66.92903137207031,33.97906494140625,44.68738555908203,26.096982955932617,21.384376525878906,79.80231475830078,52.25544357299805
2018-08-20,25.127498626708984,45.146728515625,25.981338500976562,24.36809539794922,67.37650299072266,33.927978515625,44.663021087646484,26.127756118774414,21.309852600097656,80.06512451171875,52.62699890136719
2018-08-21,25.22572135925293,45.42490005493164,26.112844467163086,24.462947845458984,67.87663269042969,33.98371124267578,44.34625244140625,25.889251708984375,21.156879425048828,80.06512451171875,53.04499816894531
2018-08-22,25.09760093688965,45.3692741394043,26.425609588623047,24.376720428466797,67.21857452392578,34.085899353027344,44.070106506347656,25.72768211364746,20.999988555908203,80.14399719238281,53.10073471069336
2018-08-23,24.92678451538086,45.183815002441406,26.30121612548828,24.264623641967773,67.02552032470703,34.16023254394531,43.96453094482422,25.666135787963867,20.98430061340332,80.11771392822266,53.04963684082031
2018-08-24,25.251340866088867,45.842159271240234,26.49315071105957,24.350849151611328,67.31507110595703,34.50395584106445,43.90766525268555,25.843093872070312,21.074512481689453,80.503173828125,53.360836029052734
2018-08-27,25.597246170043945,46.28721237182617,26.688629150390625,24.678518295288086,68.16617584228516,34.81983184814453,43.93204116821289,25.804622650146484,20.94507598876953,80.79228973388672,53.704524993896484
2018-08-28,25.499021530151367,46.08323287963867,26.57489013671875,24.652650833129883,68.0257797241211,34.880210876464844,43.78584289550781,26.120067596435547,20.901931762695312,80.83607482910156,53.81135177612305
2018-08-29,25.69119644165039,46.34285354614258,26.738388061523438,24.644023895263672,68.07844543457031,35.19607925415039,43.83457946777344,26.081594467163086,21.054899215698242,81.36172485351562,54.41514205932617
2018-08-30,25.38799285888672,46.05541229248047,26.663740158081055,24.454326629638672,67.60462951660156,35.08925247192383,43.69649887084961,25.943113327026367,21.062747955322266,81.30042266845703,54.10395812988281
2018-08-31,25.311128616333008,45.60106658935547,26.457609176635742,24.42845344543457,67.64849090576172,35.117122650146484,43.68025588989258,26.043128967285156,20.972532272338867,81.28290557861328,54.31758499145508
2018-09-04,25.13604164123535,45.03545379638672,26.400726318359375,24.54917335510254,67.5958480834961,34.98241424560547,43.62339782714844,25.812314987182617,21.06666374206543,80.63459014892578,54.41977310180664
2018-09-05,25.30259132385254,44.45132064819336,26.36519432067871,24.566425323486328,68.07844543457031,34.545772552490234,44.1269645690918,25.97388458251953,21.360837936401367,80.958740234375,53.834571838378906
2018-09-06,25.35382843017578,44.11750793457031,25.878267288208008,24.454326629638672,68.28902435302734,34.29493713378906,44.24879455566406,26.058515548706055,21.482437133789062,80.958740234375,53.68593978881836
2018-09-07,25.18727684020996,44.210227966308594,25.874710083007812,24.42845344543457,68.07844543457031,34.17881774902344,44.159446716308594,25.72768211364746,21.21963119506836,81.0813980102539,53.68130874633789
2018-09-10,25.217174530029297,44.302955627441406,25.864051818847656,24.402585983276367,68.42939758300781,34.28564453125,44.313777923583984,25.86617660522461,21.32553482055664,80.8711166381836,53.881004333496094
2018-09-11,25.268423080444336,44.748023986816406,26.109283447265625,24.42845344543457,68.41185760498047,34.57828140258789,44.151336669921875,25.873863220214844,21.270626068115234,80.80104064941406,54.31295394897461
2018-09-12,25.281238555908203,44.61821365356445,26.244346618652344,24.204265594482422,68.62240600585938,34.43429183959961,44.663021087646484,25.896947860717773,21.251018524169922,81.20404052734375,54.41514205932617
2018-09-13,25.379457473754883,44.93346405029297,26.2550106048584,24.16977310180664,69.03482818603516,34.838409423828125,44.598045349121094,26.058515548706055,21.411832809448242,82.2115249633789,54.50804138183594
2018-09-14,25.370922088623047,44.850013732910156,26.39362335205078,24.342222213745117,69.37698364257812,34.810543060302734,44.47621154785156,25.835399627685547,21.298086166381836,81.93994903564453,54.30367660522461
2018-09-17,25.460594177246094,44.41422653198242,26.43627166748047,24.238758087158203,69.40332794189453,34.373905181884766,44.63866424560547,25.9815731048584,21.368688583374023,81.6420669555664,53.63020706176758
2018-09-18,25.4862117767334,44.72946548461914,26.61043357849121,24.359472274780273,70.03507232666016,34.592220306396484,44.451839447021484,25.827707290649414,21.329458236694336,82.11519622802734,54.31295394897461
2018-09-19,25.7637996673584,44.850013732910156,26.692188262939453,24.773372650146484,69.97364044189453,34.50395584106445,44.37063217163086,25.581506729125977,20.866634368896484,82.00127410888672,54.3361701965332
2018-09-20,26.041378021240234,45.34144973754883,26.699289321899414,24.988943099975586,70.07892608642578,34.91273880004883,44.93103790283203,25.77385139465332,20.909780502319336,82.79851531982422,54.707725524902344
2018-09-21,25.985170364379883,45.13875961303711,26.875722885131836,24.891931533813477,70.5320816040039,34.77477264404297,45.00303268432617,25.773855209350586,20.998817443847656,82.91021728515625,54.465980529785156
2018-09-24,25.62044334411621,45.13875961303711,27.269372940063477,24.614782333374023,69.3242416381836,34.94723892211914,44.315948486328125,25.268478393554688,20.81281089782715,83.07730865478516,54.11192321777344
2018-09-25,25.48744010925293,45.15735626220703,27.444725036621094,24.519508361816406,69.11263275146484,34.90529251098633,44.054222106933594,25.24515151977539,20.52786636352539,82.8222427368164,54.34019470214844
2018-09-26,25.234281539916992,45.33401107788086,27.179906845092773,24.22503089904785,69.06857299804688,34.77477264404297,44.10329055786133,24.965259552001953,20.32602882385254,83.00691986083984,54.465980529785156
2018-09-27,25.01544761657715,45.7244987487793,27.179906845092773,24.13842010498047,69.16551208496094,34.979862213134766,44.04602813720703,25.043010711669922,20.535781860351562,83.42909240722656,54.65230178833008
2018-09-28,24.85668182373047,45.55715560913086,27.104751586914062,23.88725471496582,69.1214599609375,35.110355377197266,44.11146926879883,25.35400390625,20.836559295654297,83.68415069580078,54.60572052001953
2018-10-01,25.105552673339844,45.371192932128906,27.480499267578125,23.98251724243164,69.72980499267578,35.27815628051758,44.07875061035156,25.159631729125977,20.765323638916016,84.09754180908203,54.43801498413086
2018-10-02,25.21282386779785,45.33401107788086,27.509138107299805,23.98251724243164,69.88847351074219,35.282806396484375,44.332313537597656,25.081878662109375,21.04631233215332,84.00077056884766,53.701995849609375
2018-10-03,25.032611846923828,45.53855895996094,27.731016159057617,24.20770835876465,70.17945098876953,35.3900146484375,43.85791015625,24.794206619262695,20.793027877807617,83.84248352050781,53.520320892333984
2018-10-04,24.91675567626953,44.88774490356445,27.61650276184082,24.372270584106445,69.95021057128906,34.7514762878418,43.7515754699707,24.67758560180664,20.903839111328125,83.0245361328125,52.68180847167969
2018-10-05,24.732254028320312,44.46005630493164,27.61292266845703,24.251020431518555,69.5887222290039,34.31333923339844,43.7106819152832,24.685359954833984,21.224401473999023,82.92780303955078,52.28583908081055
2018-10-08,24.719377517700195,44.31129455566406,27.59145164489746,24.415576934814453,69.76507568359375,33.92649459838867,44.315948486328125,25.004133224487305,21.40249252319336,82.89263916015625,52.420921325683594
2018-10-09,23.899831771850586,44.28340530395508,27.838382720947266,24.3203067779541,68.68943786621094,34.04768753051758,44.21778869628906,25.08965301513672,21.489564895629883,83.03334045410156,52.267208099365234
2018-10-10,23.27338218688965,42.53550338745117,26.96518325805664,23.56678581237793,66.47651672363281,32.39773178100586,43.68614959716797,24.693134307861328,21.37082862854004,81.0720443725586,50.50633239746094
2018-10-11,23.0030574798584,42.17290496826172,26.0526180267334,22.865245819091797,64.72203826904297,31.987571716308594,42.6064567565918,23.97006607055664,20.979028701782227,78.8821029663086,49.616580963134766
2018-10-12,23.067411422729492,43.111934661865234,26.12420082092285,22.89122772216797,65.15403747558594,33.01297378540039,42.84366989135742,23.95451545715332,20.955289840698242,80.09581756591797,50.53428649902344
2018-10-15,22.990182876586914,42.944583892822266,25.905899047851562,22.78729248046875,65.27745056152344,32.47230529785156,43.105403900146484,24.10223960876465,21.054229736328125,79.5417251586914,50.41782760620117
2018-10-16,23.359188079833984,44.078853607177734,26.12061882019043,23.16838264465332,66.37953186035156,33.451080322265625,43.587989807128906,24.553186416625977,21.27189064025879,81.72286987304688,51.42869567871094
2018-10-17,23.209009170532227,44.25550842285156,25.95599937438965,23.40223503112793,65.89461517333984,33.297279357910156,43.792476654052734,24.48320770263672,21.23231315612793,82.15384674072266,51.00477600097656
2018-10-18,22.94727325439453,43.446632385253906,25.827171325683594,23.012483596801758,64.75729370117188,32.6447639465332,43.7352294921875,24.49098777770996,21.263975143432617,81.2215805053711,50.026519775390625
2018-10-19,22.78422737121582,43.43733215332031,25.5981388092041,23.099096298217773,64.51925659179688,32.63077163696289,44.73310089111328,24.739784240722656,21.596410751342773,80.48281860351562,49.537376403808594
2018-10-22,22.60400390625,43.40945053100586,25.315420150756836,22.60541343688965,64.29882049560547,32.90109634399414,44.397762298583984,24.389911651611328,21.45789337158203,79.82317352294922,49.737693786621094
2018-10-23,22.380889892578125,43.31647491455078,24.65337562561035,22.42352867126465,63.24085235595703,32.7752571105957,44.59405517578125,24.54541015625,21.33916664123535,79.39220428466797,49.747013092041016
2018-10-24,21.67289924621582,41.2524528503418,23.679975509643555,21.860557556152344,61.09843063354492,31.30708122253418,44.78218078613281,24.833084106445312,21.85761070251465,76.77133178710938,48.260982513427734
2018-10-25,21.951805114746094,42.619178771972656,23.969844818115234,22.198341369628906,61.53044128417969,32.38374328613281,44.88850784301758,25.12853240966797,21.517257690429688,77.76513671875,49.71906280517578
2018-10-26,21.82308006286621,41.4662971496582,23.790918350219727,21.87787437438965,60.922080993652344,31.735898971557617,44.02967834472656,24.475439071655273,21.121505737304688,76.8856430053711,48.1724739074707
2018-10-29,21.771591186523438,40.82478332519531,23.347164154052734,22.06842613220215,59.908199310302734,31.199888229370117,44.536800384521484,24.879730224609375,21.418317794799805,77.07913970947266,47.7485466003418
2018-10-30,22.26932716369629,41.940460205078125,23.887542724609375,22.44951057434082,61.142513275146484,31.549455642700195,45.42017364501953,25.29180335998535,21.501432418823242,77.9058609008789,48.46596145629883
2018-10-31,22.573974609375,42.805118560791016,24.034263610839844,22.761314392089844,61.60979080200195,32.29985427856445,44.99483871459961,24.94970703125,21.248140335083008,78.01139831542969,49.09016799926758
2018-11-01,23.209009170532227,43.05614471435547,24.238252639770508,22.865245819091797,62.69423294067383,32.677371978759766,45.3138427734375,25.043010711669922,21.15316390991211,78.99645233154297,50.09173583984375
2018-11-02,23.153234481811523,42.619178771972656,24.177410125732422,22.84792137145996,62.588436126708984,32.0388298034668,45.07664108276367,24.833084106445312,21.03443717956543,78.5039291381836,50.29670333862305
2018-11-05,23.22188377380371,42.44253158569336,24.581796646118164,23.211688995361328,62.91462707519531,32.0062255859375,45.64101791381836,25.24515151977539,21.331254959106445,79.19873809814453,50.366573333740234
2018-11-06,23.6037654876709,42.69355392456055,24.69631576538086,23.332942962646484,63.57585906982422,32.20664596557617,45.91911697387695,25.38510513305664,21.47372817993164,79.6032943725586,50.590171813964844
2018-11-07,24.028560638427734,43.47452926635742,25.1007022857666,23.636079788208008,64.60741424560547,33.15278244018555,46.18085479736328,25.664995193481445,21.71909523010254,81.94275665283203,51.959747314453125
2018-11-08,23.925580978393555,43.065452575683594,24.55674934387207,23.705364227294922,64.50160217285156,33.12483596801758,46.20539855957031,25.719425201416016,21.683473587036133,81.98673248291016,51.973716735839844
2018-11-09,23.590898513793945,42.18220138549805,24.513803482055664,23.48884391784668,63.84919738769531,32.55154037475586,46.475311279296875,25.75052261352539,21.71513557434082,81.74925994873047,51.251678466796875
2018-11-12,23.24334716796875,41.54998016357422,24.005638122558594,23.021142959594727,62.588436126708984,31.404970169067383,46.22993850708008,25.804946899414062,21.70326805114746,80.6410903930664,50.2221565246582
2018-11-13,23.1746883392334,41.41981887817383,23.45452117919922,23.15105628967285,62.87055587768555,31.44225311279297,46.12359619140625,25.8593692779541,21.794292449951172,80.0782241821289,50.198875427246094
2018-11-14,23.148942947387695,41.624359130859375,23.41515350341797,22.83926010131836,62.65894317626953,31.064722061157227,45.812782287597656,25.851598739624023,21.568706512451172,79.43619537353516,49.8215446472168
2018-11-15,23.466463088989258,41.93117141723633,23.758705139160156,23.177047729492188,63.48771286010742,31.84308433532715,45.73917007446289,25.649456024169922,21.39061737060547,80.13980102539062,49.747013092041016
2018-11-16,23.70246124267578,41.72663116455078,24.041419982910156,23.203027725219727,63.4700813293457,31.791820526123047,45.85368347167969,26.014869689941406,21.71909523010254,80.94894409179688,49.551353454589844
2018-11-19,23.36348533630371,40.46220016479492,24.034263610839844,23.19436264038086,62.46499252319336,30.579984664916992,45.780067443847656,26.084842681884766,21.814075469970703,79.91990661621094,48.340179443359375
2018-11-20,22.938690185546875,39.9322395324707,23.24695587158203,22.68336296081543,61.16895294189453,29.922807693481445,45.019386291503906,25.742748260498047,21.72305679321289,79.17234802246094,47.24545669555664
2018-11-21,23.123201370239258,40.40639877319336,23.611980438232422,22.700681686401367,61.600975036621094,30.141870498657227,44.65949630737305,25.72719955444336,21.40249252319336,78.72380828857422,47.73923873901367
2018-11-23,22.874332427978516,39.87644958496094,22.871196746826172,22.518802642822266,61.4775390625,29.866880416870117,44.81489562988281,25.633899688720703,21.41436004638672,78.838134765625,47.52496337890625
2018-11-26,23.136072158813477,40.78758239746094,23.214752197265625,22.97783660888672,61.92719268798828,30.542709350585938,44.872154235839844,25.688325881958008,21.541004180908203,79.6032943725586,48.59172821044922
2018-11-27,22.85287857055664,40.91776657104492,23.150339126586914,22.995162963867188,61.82140350341797,30.603294372558594,45.27294158935547,25.828269958496094,21.70326805114746,80.43004608154297,48.73613739013672
2018-11-28,23.20471954345703,41.77311325073242,23.547565460205078,23.43687629699707,63.30255889892578,31.675289154052734,45.64919662475586,26.038198471069336,21.68743324279785,82.36492156982422,50.17557907104492
2018-11-29,23.3720645904541,41.91257095336914,23.701448440551758,23.2376708984375,63.337833404541016,31.367685317993164,45.72281265258789,26.06929588317871,21.679515838623047,82.6375503540039,49.94266128540039
2018-11-30,23.432132720947266,41.84748840332031,23.658504486083984,23.358919143676758,63.954959869384766,31.66597557067871,46.01726150512695,26.318084716796875,22.000078201293945,84.31741333007812,50.30601501464844
2018-12-03,23.844051361083984,41.91257095336914,24.184568405151367,23.50616455078125,64.6955795288086,32.365108489990234,46.058162689208984,26.44249153137207,22.22170639038086,83.91283416748047,51.24702072143555
2018-12-04,23.136072158813477,40.676025390625,23.49030876159668,22.48415756225586,61.94481658935547,31.139291763305664,45.281124114990234,26.092615127563477,22.23753547668457,82.03949737548828,49.40229415893555
2018-12-06,22.822837829589844,41.131591796875,23.057287216186523,22.172353744506836,61.600975036621094,31.20920181274414,45.33019256591797,26.807907104492188,22.26128387451172,81.73168182373047,49.63986587524414
2018-12-07,22.273616790771484,40.350616455078125,22.928457260131836,21.747962951660156,59.978721618652344,30.109243392944336,44.75764465332031,26.40361785888672,22.344390869140625,79.64726257324219,48.15384292602539
2018-12-10,22.333688735961914,40.65742492675781,22.57059097290039,21.444826126098633,60.12861251831055,30.524063110351562,44.75764465332031,26.302547454833984,22.387916564941406,79.95509338378906,48.191104888916016
2018-12-11,22.260746002197266,40.69462585449219,22.57775115966797,21.23696517944336,59.77595520019531,30.56134796142578,45.12571334838867,26.349191665649414,22.478946685791016,80.20134735107422,48.209739685058594
2018-12-12,22.45383071899414,41.131591796875,22.66721534729004,21.35821533203125,60.11099624633789,30.799055099487305,45.06845474243164,25.851598739624023,22.336475372314453,80.88736724853516,48.71751022338867
2018-12-13,22.19209098815918,40.9456672668457,22.738780975341797,21.20231056213379,59.94346618652344,30.850318908691406,45.3465576171875,26.030418395996094,22.530393600463867,80.96649169921875,48.47526931762695
2018-12-14,22.02045440673828,40.54585647583008,22.219881057739258,20.99444580078125,59.11471939086914,30.095256805419922,44.577693939208984,25.983766555786133,22.486860275268555,78.24008178710938,47.66937255859375
2018-12-17,21.642858505249023,39.75558853149414,21.81549072265625,20.78658103942871,58.14491271972656,29.45672035217285,43.547088623046875,25.01190757751465,21.762630462646484,76.68335723876953,46.45819091796875
2018-12-18,21.763010025024414,39.9322395324707,21.300167083740234,20.708635330200195,58.43585968017578,29.689769744873047,43.03179168701172,25.260705947875977,21.616199493408203,76.01495361328125,46.8215446472168
2018-12-19,21.466949462890625,39.076873779296875,21.049667358398438,20.448802947998047,57.33378982543945,29.102493286132812,42.61463928222656,25.02745819091797,21.580577850341797,75.0211181640625,45.89451599121094
2018-12-20,21.179460525512695,38.38886642456055,20.466339111328125,20.266921997070312,56.28461456298828,28.580476760864258,41.85395050048828,24.724233627319336,21.568706512451172,73.96571350097656,44.86500930786133
2018-12-21,20.98900032043457,37.133365631103516,20.26767349243164,19.861671447753906,55.22187042236328,27.712127685546875,41.41979217529297,24.34587287902832,21.476512908935547,73.04686737060547,43.848304748535156
2018-12-24,20.444843292236328,36.34984588623047,19.44771957397461,19.44334602355957,53.52751922607422,26.97252082824707,40.222930908203125,23.449127197265625,20.5784969329834,71.2975845336914,43.015865325927734
2018-12-26,21.36041259765625,38.39261245727539,20.65778160095215,20.32356834411621,56.020267486572266,28.60154151916504,41.345489501953125,24.196413040161133,20.857881546020508,74.407470703125,45.564640045166016
2018-12-27,21.753414154052734,38.569820404052734,20.76614761352539,20.567590713500977,56.7210693359375,28.807504653930664,41.74169921875,24.251476287841797,21.033485412597656,75.22911834716797,45.807823181152344
2018-12-28,21.63680648803711,38.44856262207031,20.607215881347656,20.55887222290039,56.57025909423828,28.741971969604492,41.74169921875,24.33800506591797,21.085376739501953,75.31745147705078,45.81250762939453
2018-12-31,21.81819725036621,38.50453567504883,20.7155818939209,20.759323120117188,57.13800048828125,29.013477325439453,41.915035247802734,24.38520050048828,21.121294021606445,76.43065643310547,46.303558349609375
2019-01-02,21.930482864379883,39.01755905151367,21.12375259399414,20.933624267578125,57.430747985839844,29.032201766967773,41.667415618896484,23.826704025268555,20.758100509643555,75.2732925415039,46.654293060302734
2019-01-03,21.3085880279541,38.3646125793457,20.914247512817383,20.463008880615234,55.68315887451172,27.5670166015625,41.428043365478516,23.936826705932617,20.754108428955078,73.74488067626953,45.64413833618164
2019-01-04,22.14641761779785,40.01561737060547,21.625837326049805,21.142786026000977,57.79447937011719,28.78878402709961,42.31123733520508,24.180681228637695,21.061431884765625,75.94470977783203,47.15469741821289
2019-01-07,22.22415542602539,40.4726676940918,21.947317123413086,21.168933868408203,58.26462173461914,29.046239852905273,42.25346374511719,24.38520050048828,20.917743682861328,76.23628997802734,48.220977783203125
2019-01-08,22.457372665405273,41.15358352661133,22.117084503173828,21.186357498168945,59.063018798828125,29.289663314819336,42.64141845703125,24.809974670410156,21.177175521850586,76.82823181152344,48.754112243652344
2019-01-09,22.466012954711914,41.209556579589844,22.467464447021484,21.29094123840332,59.462215423583984,29.668834686279297,42.24522018432617,24.707717895507812,21.049457550048828,77.17276000976562,49.001976013183594
2019-01-10,22.6646728515625,41.29350280761719,22.53248405456543,21.29965591430664,60.269474029541016,29.799903869628906,42.492828369140625,25.101030349731445,21.32484245300293,77.32296752929688,48.8616828918457
2019-01-11,22.573976516723633,41.08828353881836,22.398836135864258,21.35194969177246,60.207366943359375,29.743724822998047,42.61665725708008,25.148221969604492,21.245027542114258,77.57919311523438,48.908447265625
2019-01-14,22.401226043701172,40.939048767089844,22.344655990600586,21.500104904174805,60.19847869873047,29.46754264831543,42.41030502319336,25.069557189941406,20.76607894897461,76.72220611572266,48.609134674072266
2019-01-15,22.25438690185547,41.619964599609375,22.42411994934082,21.691835403442383,60.0121955871582,29.912246704101562,42.831260681152344,25.352739334106445,21.02151870727539,78.1004638671875,49.04874801635742
2019-01-16,22.34075927734375,41.442745208740234,22.395217895507812,22.153738021850586,60.074283599853516,29.940336227416992,42.60013961791992,25.470735549926758,21.09734535217285,77.9590835571289,48.93650436401367
2019-01-17,22.7337646484375,41.61063766479492,22.60111427307129,22.275745391845703,61.103328704833984,30.132265090942383,42.7817268371582,25.596599578857422,21.18515968322754,78.64822387695312,49.268550872802734
2019-01-18,23.109495162963867,41.94643020629883,23.059852600097656,22.659208297729492,62.265438079833984,30.59100914001465,43.293495178222656,25.690990447998047,21.209104537963867,79.58472442626953,49.95133972167969
2019-01-22,22.7899112701416,41.07897186279297,22.557762145996094,22.39775848388672,60.979156494140625,30.076087951660156,42.89729309082031,25.643789291381836,21.24901580810547,79.03694152832031,49.20307922363281
2019-01-23,22.634435653686523,40.89240264892578,22.32659339904785,22.42390251159668,61.06785202026367,30.17906951904297,43.409053802490234,25.65951919555664,21.464536666870117,79.12528991699219,49.3012809753418
2019-01-24,22.51351547241211,41.07897186279297,22.445791244506836,22.476192474365234,61.37833786010742,30.431856155395508,42.872528076171875,25.761781692504883,21.576292037963867,78.46267700195312,49.50706100463867
2019-01-25,22.94106674194336,41.60131072998047,22.731149673461914,22.659208297729492,62.15899658203125,30.86251449584961,42.69919204711914,26.060701370239258,21.28094482421875,78.55986022949219,50.05421829223633
2019-01-28,22.90651512145996,41.23753356933594,22.503585815429688,22.589487075805664,61.56464385986328,30.45057487487793,42.880794525146484,26.320283889770508,21.18116569519043,77.66753387451172,49.7642822265625
2019-01-29,23.144046783447266,40.75249481201172,22.572214126586914,22.511051177978516,62.41624069213867,30.122892379760742,42.97983169555664,26.524808883666992,21.241029739379883,78.04743194580078,49.44158172607422
2019-01-30,23.390216827392578,41.34013366699219,22.890077590942383,22.64177894592285,63.39205551147461,31.059125900268555,43.26873779296875,26.745059967041016,21.40467071533203,79.11647033691406,50.414337158203125
2019-01-31,23.040395736694336,43.028438568115234,23.038179397583008,22.606918334960938,63.667049407958984,31.026350021362305,44.06940841674805,27.004642486572266,21.855670928955078,80.10597229003906,50.872642517089844
2019-02-01,23.109495162963867,42.87920379638672,23.439130783081055,22.702777862548828,63.764644622802734,31.20891761779785,43.929080963134766,26.839458465576172,21.771860122680664,80.17666625976562,50.12904739379883
2019-02-04,23.070627212524414,43.28029251098633,23.493309020996094,22.798648834228516,64.5896224975586,31.70978546142578,44.20972442626953,26.99677276611328,21.807775497436523,79.94695281982422,50.4564323425293
2019-02-05,23.239057540893555,43.7559928894043,23.52942657470703,22.73764991760254,65.14850616455078,31.976619720458984,44.21797180175781,27.17769432067871,21.851682662963867,79.83207702636719,50.92875289916992
2019-02-06,23.100858688354492,42.7765998840332,23.356046676635742,22.711498260498047,65.16624450683594,32.08428192138672,44.22623825073242,26.965312957763672,21.83970832824707,80.19430541992188,50.71830749511719
2019-02-07,22.781272888183594,42.366172790527344,22.83951187133789,22.484901428222656,64.72269439697266,31.644245147705078,44.19321060180664,27.193437576293945,22.127077102661133,79.31083679199219,50.30208969116211
2019-02-08,22.75967788696289,42.65533447265625,22.73476219177246,22.371610641479492,64.82027435302734,31.82681655883789,44.399566650390625,27.193437576293945,22.222864151000977,79.46102142333984,50.100990295410156
2019-02-11,22.79422950744629,42.21693420410156,22.84312629699707,22.441329956054688,65.16624450683594,31.81278419494629,44.5151252746582,27.2720890045166,22.21487808227539,79.36385345458984,50.18984603881836
2019-02-12,23.3038387298584,42.70197677612305,23.132097244262695,22.772502899169922,66.17754364013672,32.23406982421875,44.8618049621582,27.08330535888672,22.26676368713379,80.45054626464844,50.96150588989258
2019-02-13,23.33407211303711,42.72997283935547,23.421066284179688,22.833515167236328,66.56786346435547,32.276214599609375,44.94435119628906,27.264225006103516,22.202903747558594,80.6272201538086,51.30757141113281
2019-02-14,23.213144302368164,42.88852310180664,23.504146575927734,22.55463409423828,66.25737762451172,32.33238220214844,44.44083023071289,27.36648941040039,22.16698455810547,80.81278228759766,51.12050247192383
2019-02-15,23.52841567993164,43.07508087158203,23.883420944213867,23.033960342407227,67.14448547363281,32.58984375,44.8618049621582,27.531681060791016,22.234840393066406,82.03197479248047,51.471256256103516
2019-02-19,23.675251007080078,43.12171173095703,23.955663681030273,23.068817138671875,67.11785888671875,32.59919357299805,45.092926025390625,27.56315040588379,22.366548538208008,81.8376235961914,51.681705474853516
2019-02-20,24.08121109008789,42.97247314453125,24.056795120239258,23.216970443725586,67.43721008300781,32.636653900146484,45.01038360595703,27.39008331298828,22.466325759887695,81.74043273925781,51.78459548950195
2019-02-21,23.986202239990234,42.571380615234375,23.68475341796875,23.094961166381836,67.16220092773438,32.65069580078125,45.142452239990234,27.437288284301758,22.629962921142578,81.02481079101562,51.681705474853516
2019-02-22,24.08984375,42.97247314453125,23.75337791442871,23.06009864807129,67.60578155517578,33.06732177734375,44.92784118652344,27.5946102142334,22.7696533203125,81.76692962646484,51.962318420410156
2019-02-25,24.245319366455078,43.01910400390625,23.793121337890625,23.155969619750977,67.87191009521484,33.226463317871094,44.680213928222656,27.36648941040039,22.621980667114258,81.88180541992188,51.78925704956055
2019-02-26,24.107118606567383,43.01910400390625,23.717260360717773,23.086246490478516,67.68560791015625,33.29668045043945,44.7049674987793,27.311424255371094,22.594039916992188,81.59022521972656,51.85941696166992
2019-02-27,24.06825065612793,42.80458450317383,23.807567596435547,23.17340087890625,67.95172882080078,33.263916015625,44.638938903808594,27.22490119934082,22.621980667114258,81.21033477783203,51.82199478149414
2019-02-28,23.774578094482422,42.832557678222656,23.569164276123047,23.11239242553711,67.72109985351562,33.17029571533203,44.853553771972656,27.303556442260742,22.75368881225586,80.97179412841797,51.54140090942383
2019-03-01,23.74434471130371,43.1683464050293,24.00261878967285,23.260549545288086,67.78319549560547,33.39498519897461,44.77101135253906,27.2720890045166,22.80158233642578,82.12030029296875,51.95762252807617
2019-03-04,23.852317810058594,43.224327087402344,24.045963287353516,23.11239242553711,67.48157501220703,33.26860046386719,44.696720123291016,27.38222312927246,22.841493606567383,81.00712585449219,51.7939338684082
2019-03-05,23.740032196044922,43.49483108520508,23.966495513916016,23.025243759155273,67.04690551757812,33.17029571533203,44.66370391845703,27.46087646484375,22.813554763793945,80.96294403076172,51.92489242553711
2019-03-06,23.791852951049805,43.47616195678711,23.663082122802734,22.87708854675293,66.41704559326172,32.997100830078125,44.59766387939453,27.39008331298828,22.813554763793945,79.7790756225586,51.681705474853516
2019-03-07,23.597515106201172,43.09373092651367,23.522205352783203,22.64177894592285,66.01786804199219,32.6834602355957,44.30876541137695,27.36648941040039,22.88938331604004,79.15179443359375,51.055030822753906
2019-03-08,23.636383056640625,43.06576156616211,23.081527709960938,22.633066177368164,65.8847885131836,32.67877960205078,44.33354187011719,27.39008331298828,22.969209671020508,78.98394775390625,50.699607849121094
2019-03-11,23.973237991333008,43.83995056152344,23.44274139404297,22.86837387084961,66.44367218017578,33.380950927734375,44.91132736206055,27.81485939025879,23.132850646972656,79.8851089477539,51.39642333984375
2019-03-12,24.063934326171875,44.035831451416016,23.594444274902344,22.920663833618164,65.8936538696289,33.57756042480469,44.92784118652344,27.964319229125977,23.292499542236328,80.46820831298828,51.54140090942383
2019-03-13,24.180540084838867,44.16641616821289,23.832847595214844,23.077531814575195,66.47027587890625,33.79755783081055,45.183719635009766,28.098045349121094,23.316444396972656,81.33401489257812,51.723793029785156
2019-03-14,23.9991512298584,43.970542907714844,23.858137130737305,23.164684295654297,66.24852752685547,33.86777114868164,45.142452239990234,28.16884422302246,23.312454223632812,81.20148468017578,51.5694580078125
2019-03-15,24.029083251953125,43.93596267700195,23.84867286682129,23.326736450195312,66.0147476196289,34.277774810791016,45.3980827331543,28.053333282470703,23.39688491821289,81.57483673095703,51.90028381347656
2019-03-18,24.085468292236328,43.56219482421875,24.179950714111328,23.563243865966797,66.65714263916016,34.423343658447266,45.46446990966797,27.91092872619629,23.308435440063477,81.45069122314453,52.40238952636719
2019-03-19,24.05510711669922,43.636959075927734,24.114423751831055,23.37929344177246,66.4162368774414,34.4937858581543,45.43126678466797,27.83181381225586,23.043060302734375,82.0980224609375,52.665184020996094
2019-03-20,24.033418655395508,44.02940368652344,24.325565338134766,22.89751434326172,65.9612045288086,34.39985275268555,45.24038314819336,27.958402633666992,23.103374481201172,81.53050231933594,52.740264892578125
2019-03-21,24.289323806762695,44.608726501464844,24.49666976928711,22.82744026184082,66.59468078613281,35.26396560668945,45.771541595458984,28.456815719604492,23.348636627197266,81.84974670410156,53.46292495727539
2019-03-22,23.564979553222656,43.889244079589844,23.8341064453125,22.196754455566406,65.08684539794922,34.4327392578125,45.71344757080078,28.322317123413086,23.517513275146484,80.35994720458984,52.40238952636719
2019-03-25,23.521608352661133,43.814491271972656,23.84502601623535,22.100391387939453,65.23851013183594,34.28245544433594,45.80474090576172,28.346054077148438,23.537614822387695,80.31559753417969,52.71211242675781
2019-03-26,23.664743423461914,44.02940368652344,24.187232971191406,22.363183975219727,65.67571258544922,34.470306396484375,46.194820404052734,28.52009391784668,23.70648765563965,80.86540985107422,52.93737030029297
2019-03-27,23.634382247924805,43.711708068847656,24.016132354736328,22.266834259033203,65.74708557128906,34.27306365966797,46.03713607788086,28.4251651763916,23.541641235351562,80.19146728515625,52.829429626464844
2019-03-28,23.8642578125,43.60891342163086,24.107139587402344,22.45953941345215,66.22887420654297,34.41394805908203,46.26121520996094,28.662506103515625,23.264204025268555,80.39539337158203,53.148529052734375
2019-03-29,24.07245445251465,43.702362060546875,24.07073974609375,22.520854949951172,66.942626953125,34.75209045410156,46.568294525146484,28.65459632873535,23.388851165771484,81.36199188232422,53.425392150878906
2019-04-01,24.432451248168945,44.365787506103516,24.3874568939209,23.072710037231445,68.32557678222656,35.22638702392578,46.41060256958008,28.567567825317383,23.22801399230957,81.48615264892578,54.01197052001953
2019-04-02,24.514867782592773,44.59939193725586,24.219993591308594,23.055192947387695,68.298828125,35.34849548339844,46.02883529663086,28.81282615661621,23.260177612304688,81.29994201660156,54.00258255004883
2019-04-03,24.835826873779297,44.76757049560547,23.987003326416016,23.125268936157227,68.09358215332031,35.63497543334961,45.80474090576172,28.781169891357422,23.223995208740234,81.19351196289062,54.3826904296875
2019-04-04,25.087400436401367,45.01987838745117,24.187232971191406,23.265417098999023,68.51294708251953,35.48469161987305,45.979042053222656,28.694150924682617,23.143579483032227,81.02503967285156,54.823787689208984
2019-04-05,25.07872200012207,45.150691986083984,24.613168716430664,23.300453186035156,68.7092514038086,35.653751373291016,46.136722564697266,28.915664672851562,23.360700607299805,81.58369445800781,55.14757537841797
2019-04-08,25.087400436401367,45.06658935546875,24.72238540649414,23.326736450195312,68.414794921875,35.78994369506836,46.32761001586914,28.77326202392578,23.195850372314453,81.56596374511719,55.34468078613281
2019-04-09,24.905227661132812,45.18806838989258,24.420223236083984,23.134031295776367,67.48689270019531,35.62087631225586,46.26951217651367,28.686237335205078,23.25214195251465,81.35313415527344,54.84724426269531
2019-04-10,24.892221450805664,45.384300231933594,24.5112361907959,23.2041015625,67.46906280517578,35.86977767944336,46.40230178833008,28.915664672851562,23.17976951599121,81.37972259521484,55.110042572021484
2019-04-11,24.879207611083984,45.412330627441406,24.529436111450195,23.344257354736328,68.04898834228516,35.822818756103516,46.49359130859375,28.876108169555664,23.296369552612305,80.37767028808594,55.18042755126953
2019-04-12,25.208850860595703,45.80478286743164,24.59496307373047,23.773473739624023,68.95010375976562,36.07171630859375,46.64298629760742,29.034334182739258,23.404932022094727,79.64163970947266,55.522987365722656
2019-04-15,25.091737747192383,45.76740646362305,24.449344635009766,23.624561309814453,68.56648254394531,36.05762481689453,46.91687774658203,28.860286712646484,23.40091323852539,79.96088409423828,55.63561248779297
2019-04-16,25.204509735107422,45.814125061035156,24.60952377319336,23.957426071166992,68.9858169555664,36.24079132080078,46.9251708984375,28.17991828918457,23.111413955688477,78.32034301757812,55.87961959838867
2019-04-17,25.048362731933594,45.89822006225586,24.576766967773438,24.01873779296875,69.07500457763672,36.442726135253906,47.15755844116211,27.88720703125,23.022953033447266,76.06793975830078,55.98756408691406
2019-04-18,25.07872200012207,45.9262580871582,24.46026611328125,23.948665618896484,69.86909484863281,36.54604721069336,47.19905471801758,28.10871696472168,23.03502082824707,76.19205474853516,55.968788146972656
2019-04-22,24.909574508666992,46.13182067871094,24.977210998535156,23.87858772277832,69.65496063232422,36.63056945800781,47.21565628051758,27.80017852783203,23.01491355895996,76.2364273071289,55.75761795043945
2019-04-23,25.0223445892334,46.748531341552734,24.937166213989258,24.02750587463379,70.26170349121094,37.029754638671875,47.06626892089844,28.116628646850586,23.07925033569336,77.44243621826172,56.42396926879883
2019-04-24,24.866193771362305,46.53362274169922,24.50031089782715,24.0012264251709,70.05646514892578,37.04384231567383,47.16585159301758,28.31440544128418,23.22801399230957,77.35376739501953,56.4755859375
2019-04-25,24.5495662689209,47.05689239501953,24.423858642578125,24.045021057128906,68.64675903320312,37.03444290161133,46.8670768737793,28.282766342163086,23.324512481689453,78.15185546875,56.17995834350586
2019-04-26,24.7534236907959,47.4306526184082,24.107139587402344,24.264020919799805,69.16425323486328,36.893558502197266,47.29035186767578,28.472627639770508,23.360700607299805,78.9322280883789,56.62575149536133
2019-04-29,24.70571517944336,47.86048889160156,24.085294723510742,24.50927734375,69.3248291015625,36.9029426574707,47.34844207763672,28.17991828918457,23.223995208740234,78.79034423828125,56.42865753173828
2019-04-30,24.918241500854492,46.785919189453125,24.067096710205078,24.54431915283203,69.60142517089844,36.96400451660156,47.896217346191406,28.504276275634766,23.60597038269043,79.15393829345703,56.34419250488281
2019-05-01,24.46715545654297,46.54296112060547,23.586557388305664,24.34284782409668,69.14643096923828,36.870086669921875,47.30695343017578,28.504276275634766,23.364721298217773,79.01204681396484,55.6590690612793
2019-05-02,24.341373443603516,46.3560791015625,23.17518424987793,24.36912727355957,69.1107177734375,36.67753982543945,47.29035186767578,28.559654235839844,23.312456130981445,79.34901428222656,55.70130920410156
2019-05-03,24.57992935180664,46.804595947265625,23.389970779418945,24.58811378479004,69.94940185546875,37.02505111694336,47.64723205566406,28.75743293762207,23.44111442565918,79.95203399658203,56.358280181884766
2019-05-06,24.228599548339844,46.7298469543457,23.41181182861328,24.421689987182617,69.28025817871094,36.738582611083984,47.572540283203125,28.638771057128906,23.312456130981445,80.35994720458984,56.015716552734375
2019-05-07,23.803537368774414,45.972984313964844,23.207942962646484,24.01873779296875,67.87948608398438,35.94961929321289,47.09946823120117,28.148269653320312,23.24007797241211,78.81694030761719,55.166351318359375
2019-05-08,23.781850814819336,45.89822006225586,23.207942962646484,23.966188430786133,67.87948608398438,35.907352447509766,47.09116744995117,28.148269653320312,22.922439575195312,78.98544311523438,55.185115814208984
2019-05-09,23.595340728759766,45.7580680847168,23.207942962646484,23.91362762451172,67.78134155273438,35.663150787353516,46.9915657043457,28.243209838867188,22.894289016723633,78.81694030761719,54.959869384765625
2019-05-10,23.916311264038086,45.88886642456055,23.317163467407227,24.07129669189453,68.04898834228516,35.77585983276367,47.56424331665039,28.567567825317383,23.304412841796875,78.84356689453125,55.0396614074707
2019-05-13,23.378475189208984,44.46857833862305,22.91671371459961,23.370532989501953,66.11286926269531,34.42805099487305,47.116058349609375,28.567567825317383,23.55369758605957,77.36260986328125,53.40192413330078
2019-05-14,23.57799530029297,44.720863342285156,23.197025299072266,23.554487228393555,66.79988861083984,34.98218536376953,47.34014892578125,28.670421600341797,23.39688491821289,77.75281524658203,53.94157791137695
2019-05-15,23.517269134521484,45.72068405151367,23.317163467407227,23.466888427734375,66.88912963867188,35.36259460449219,47.713626861572266,28.860286712646484,23.35668182373047,77.98338317871094,54.30759811401367
2019-05-16,23.846912384033203,46.12248229980469,23.444578170776367,23.703401565551758,67.50474548339844,35.68663024902344,48.087093353271484,29.02642250061035,23.513492584228516,78.59524536132812,54.8097038269043
2019-05-17,23.703781127929688,45.78609848022461,23.207942962646484,23.54572868347168,66.7552719116211,35.400150299072266,47.92941665649414,28.986867904663086,23.634111404418945,78.42676544189453,54.392066955566406
2019-05-20,23.365463256835938,45.02922439575195,23.218868255615234,23.572002410888672,66.58576202392578,34.78493881225586,47.81322479248047,28.52009391784668,23.666278839111328,78.39129638671875,54.00727081298828
2019-05-21,23.725461959838867,45.52444839477539,23.488264083862305,23.817270278930664,67.37091064453125,35.21230697631836,47.713626861572266,28.75743293762207,23.710512161254883,79.12732696533203,54.3826904296875
2019-05-22,23.560640335083008,45.47772979736328,23.124210357666016,23.677120208740234,66.81773376464844,35.029151916503906,47.92941665649414,28.891931533813477,23.887418746948242,79.5795669555664,53.82426071166992
2019-05-23,23.200639724731445,44.842342376708984,22.348798751831055,23.344257354736328,65.80062103271484,34.41394805908203,47.91281509399414,29.034334182739258,24.09248924255371,79.3046875,53.15791320800781
2019-05-24,23.330760955810547,44.833003997802734,22.43252182006836,23.52820587158203,65.82736206054688,34.423343658447266,47.7385139465332,29.073888778686523,24.05629539489746,79.41995239257812,53.22830581665039
2019-05-28,23.096542358398438,45.02922439575195,22.199539184570312,23.25665855407715,65.2206802368164,34.3247184753418,46.958370208740234,28.77326202392578,23.662261962890625,78.28485870361328,52.87635803222656
2019-05-29,23.100881576538086,44.59004592895508,22.057558059692383,23.212858200073242,64.92625427246094,34.12278366088867,46.61808776855469,28.440980911254883,23.348636627197266,77.53111267089844,52.40709686279297
2019-05-30,23.139917373657227,44.69282913208008,21.77724838256836,23.134031295776367,65.17606353759766,34.33411407470703,46.81727981567383,28.615032196044922,23.312456130981445,77.95677947998047,52.74966049194336
2019-05-31,22.879676818847656,44.00137710571289,21.394996643066406,22.78364372253418,64.28385162353516,33.761173248291016,46.153324127197266,28.852378845214844,23.4210147857666,77.3980941772461,52.059844970703125
2019-06-03,23.599681854248047,42.618438720703125,21.668031692504883,22.932558059692383,64.72102355957031,33.16944885253906,46.73427963256836,28.9631290435791,23.654216766357422,77.58431243896484,51.623435974121094
2019-06-04,24.26329803466797,43.53416442871094,22.042999267578125,23.554487228393555,66.26455688476562,34.277774810791016,47.15755844116211,28.80490493774414,23.6743221282959,78.87015533447266,53.021827697753906
2019-06-05,24.441131591796875,43.5528564453125,21.799087524414062,23.703401565551758,66.90696716308594,34.723907470703125,47.697025299072266,29.461545944213867,24.180940628051758,79.46429443359375,53.28461837768555
2019-06-06,24.731735229492188,43.7397346496582,22.20318031311035,23.79099464416504,67.02295684814453,35.127777099609375,48.19498825073242,29.516923904418945,24.329708099365234,79.8722152709961,53.556793212890625
2019-06-07,24.95293617248535,44.44988250732422,22.30510902404785,23.755958557128906,67.55826568603516,35.780555725097656,48.659759521484375,29.61185646057129,24.14876937866211,80.70579528808594,54.33107376098633
2019-06-10,24.996320724487305,44.41251754760742,22.370637893676758,23.957426071166992,67.6474838256836,36.146854400634766,48.67636489868164,29.50900650024414,23.98392677307129,80.94522857666016,54.79095458984375
2019-06-11,24.978967666625977,44.59939193725586,22.41432762145996,23.966188430786133,67.06757354736328,36.146854400634766,48.834049224853516,29.564393997192383,23.839170455932617,80.81219482421875,55.00210952758789
2019-06-12,25.061378479003906,44.38447570800781,22.097606658935547,23.72967529296875,67.21031188964844,35.94491958618164,48.90875244140625,29.675138473510742,24.14876937866211,81.20240020751953,54.98804473876953
2019-06-13,25.208850860595703,44.87971115112305,22.3560791015625,23.80851936340332,67.54934692382812,36.052940368652344,49.01664733886719,29.714710235595703,24.197023391723633,81.1048355102539,55.48075866699219
2019-06-14,25.100419998168945,44.96381378173828,22.21046257019043,23.861072540283203,67.28170013427734,35.738277435302734,49.04153823852539,29.84128189086914,24.450328826904297,80.91859436035156,55.60275650024414
2019-06-17,24.870534896850586,45.47772979736328,22.396121978759766,23.642080307006836,67.0497055053711,35.76647186279297,48.90044403076172,30.165645599365234,24.381977081298828,81.28218841552734,55.626224517822266
2019-06-18,25.06570816040039,45.73003005981445,22.7055606842041,23.957426071166992,68.35234069824219,36.414546966552734,48.63485336303711,30.07861328125,24.281461715698242,81.97388458251953,56.048561096191406
2019-06-19,24.926921844482422,45.78609848022461,22.680082321166992,23.91362762451172,68.298828125,36.54604721069336,48.834049224853516,30.276399612426758,24.466415405273438,82.70990753173828,56.15180206298828
2019-06-20,25.243547439575195,46.075767517089844,23.182464599609375,24.01873779296875,69.44085693359375,37.0814094543457,49.265628814697266,30.458362579345703,24.623226165771484,83.0735092163086,56.54129409790039
2019-06-21,25.16326332092285,46.27057647705078,23.349985122680664,23.965036392211914,69.07074737548828,36.906097412109375,49.10588836669922,30.11787223815918,24.718469619750977,83.47245788574219,56.27947235107422
2019-06-24,25.259254455566406,46.38297653198242,23.140579223632812,23.868192672729492,68.93633270263672,36.976783752441406,49.2313346862793,29.966365814208984,24.726573944091797,83.03609466552734,55.97810745239258
2019-06-25,25.272348403930664,45.521263122558594,22.9569034576416,23.78895378112793,68.41661071777344,36.29813766479492,49.20624542236328,29.559690475463867,24.576614379882812,82.69768524169922,55.44130325317383
2019-06-26,25.228713989257812,45.34331130981445,23.309572219848633,23.744930267333984,68.58685302734375,36.68930435180664,48.50377655029297,28.98555564880371,24.041637420654297,81.65570831298828,55.6202507019043
2019-06-27,25.311616897583008,45.66176986694336,23.136913299560547,23.956233978271484,68.64961242675781,36.783565521240234,48.59577560424805,29.224781036376953,24.07405662536621,82.22567749023438,55.96870040893555
2019-06-28,25.525419235229492,46.10198974609375,23.40508460998535,24.299598693847656,69.37541961669922,36.77884292602539,48.56231689453125,29.320463180541992,24.167274475097656,82.50176239013672,56.1287956237793
2019-07-01,25.72176742553711,46.476646423339844,23.427133560180664,24.59013557434082,69.43815612792969,37.36322784423828,48.85499954223633,29.264650344848633,24.106489181518555,82.91141510009766,56.62321472167969
2019-07-02,25.695587158203125,46.90751647949219,23.052419662475586,24.528507232666016,69.34856414794922,37.46220779418945,49.28151321411133,29.80687713623047,24.43476676940918,83.3566665649414,56.745643615722656
2019-07-03,25.82649040222168,47.151031494140625,23.144256591796875,24.722206115722656,69.73388671875,37.74968719482422,49.89199447631836,30.237478256225586,24.6049861907959,84.06916046142578,57.24007797241211
2019-07-05,25.708677291870117,47.21659851074219,23.177326202392578,24.792633056640625,69.45608520507812,37.67899703979492,49.674564361572266,30.070022583007812,24.59282875061035,83.49028015136719,57.30599594116211
2019-07-08,25.41196632385254,46.79511260986328,23.210386276245117,24.669376373291016,68.88258361816406,37.391517639160156,49.7414665222168,30.181657791137695,24.629301071166992,82.86688995361328,57.376625061035156
2019-07-09,25.16326332092285,47.085472106933594,23.228750228881836,24.713397979736328,68.73023986816406,37.52346420288086,49.448753356933594,30.341142654418945,24.66172981262207,82.947021484375,57.43784713745117
2019-07-10,25.110902786254883,47.61936950683594,23.526321411132812,24.62535285949707,68.56893920898438,37.820377349853516,49.76654052734375,30.508590698242188,24.718469619750977,83.23202514648438,57.64502716064453
2019-07-11,25.21998405456543,47.6474609375,23.574079513549805,24.766218185424805,69.034912109375,37.961769104003906,49.89199447631836,30.11787223815918,24.726573944091797,83.24983978271484,57.76274108886719
2019-07-12,25.468690872192383,47.994014739990234,23.673269271850586,24.933502197265625,70.24462890625,38.23981475830078,50.03416442871094,29.998252868652344,24.564456939697266,82.32364654541016,58.42668533325195
2019-07-15,25.48615264892578,48.003395080566406,23.460193634033203,24.792633056640625,69.95787811279297,38.3670654296875,50.151241302490234,30.038122177124023,24.66172981262207,82.50176239013672,58.61503601074219
2019-07-16,25.54723358154297,47.8910026550293,23.210386276245117,24.731000900268555,70.40593719482422,38.00889205932617,50.167964935302734,29.99028968811035,24.519878387451172,82.09207916259766,58.539695739746094
2019-07-17,25.320341110229492,47.4413948059082,22.945877075195312,24.519699096679688,68.90050506591797,37.90991973876953,50.10941696166992,29.838769912719727,24.61309051513672,82.10987854003906,57.97934341430664
2019-07-18,25.429428100585938,47.057376861572266,22.949552536010742,24.70458984375,69.02593994140625,38.192684173583984,50.44392395019531,29.83080291748047,24.82789421081543,82.572998046875,57.90400695800781
2019-07-19,25.48615264892578,46.44854736328125,23.05609130859375,24.598941802978516,69.40229797363281,38.02775573730469,50.12614440917969,29.344392776489258,24.46718978881836,81.71806335449219,57.52259826660156
2019-07-22,25.420696258544922,46.626502990722656,23.16262435913086,24.65176773071289,69.45608520507812,38.46603775024414,49.83345413208008,29.312488555908203,24.414505004882812,81.5488510131836,57.55556106567383
2019-07-23,25.944297790527344,46.804473876953125,23.22507667541504,24.90708351135254,70.33424377441406,38.67810821533203,50.19305419921875,29.599559783935547,24.260494232177734,82.05648040771484,57.946380615234375
2019-07-24,25.926843643188477,47.21659851074219,23.324268341064453,25.16240882873535,70.63893127441406,38.99858856201172,49.858543395996094,29.575637817382812,24.28076171875,82.10099029541016,58.238338470458984
2019-07-25,25.739221572875977,47.09484100341797,23.05975914001465,24.986324310302734,70.49554443359375,38.83835220336914,49.925437927246094,29.448047637939453,24.2199649810791,81.70024871826172,57.913421630859375
2019-07-26,25.769765853881836,48.443634033203125,22.94220542907715,25.259252548217773,70.34318542480469,38.923187255859375,50.48573684692383,29.543733596801758,24.30912971496582,81.9941177368164,58.1771240234375
2019-07-29,25.682497024536133,48.1719856262207,22.850360870361328,25.06556510925293,70.21776580810547,38.89962387084961,50.577728271484375,29.655380249023438,24.43476676940918,82.33255004882812,57.894596099853516
2019-07-30,25.85266876220703,47.94718551635742,23.107521057128906,24.99513053894043,70.5224380493164,38.64983367919922,50.72825622558594,29.950424194335938,24.248334884643555,81.9763412475586,57.503761291503906
2019-07-31,25.45560646057129,47.563167572021484,23.034048080444336,24.871870040893555,69.73388671875,38.06544494628906,49.69964599609375,29.83080291748047,24.13485336303711,81.1658935546875,56.844539642333984
2019-08-01,25.311616897583008,47.33836364746094,22.512380599975586,24.308406829833984,68.38079071044922,37.872230529785156,49.5240364074707,29.902572631835938,24.382081985473633,81.27277374267578,56.07228088378906
2019-08-02,25.014909744262695,46.879398345947266,22.189098358154297,24.299598693847656,67.9416732788086,37.254844665527344,49.53239059448242,30.133813858032227,24.378026962280273,81.08573150634766,55.6108283996582
2019-08-05,24.543663024902344,45.36203384399414,21.527830123901367,23.489608764648438,66.05988311767578,35.69961166381836,48.24453353881836,29.559690475463867,24.029476165771484,79.17996978759766,54.11814880371094
2019-08-06,24.5742130279541,46.01768493652344,21.502117156982422,23.868192672729492,67.05455017089844,36.29342269897461,48.67940139770508,29.92649269104004,24.32939338684082,80.20408630371094,54.94218444824219
2019-08-07,24.914552688598633,46.07387924194336,21.34047508239746,23.551239013671875,67.01869201660156,36.5196418762207,49.24806594848633,30.205585479736328,24.390182495117188,80.23079681396484,55.16349792480469
2019-08-08,25.390155792236328,47.00116729736328,21.9539794921875,24.00025749206543,68.15673065185547,37.415077209472656,49.883636474609375,30.68402862548828,24.64145851135254,81.29948425292969,56.2276725769043
2019-08-09,25.1894474029541,46.476646423339844,21.71152114868164,23.9210205078125,67.583251953125,36.99092102050781,49.607662200927734,30.676050186157227,24.669836044311523,81.3974609375,55.70030212402344
2019-08-12,24.79674530029297,45.980220794677734,21.45435905456543,23.46320343017578,66.65129852294922,36.50550842285156,49.27314376831055,30.65212631225586,24.621200561523438,80.60485076904297,54.89039611816406
2019-08-13,25.062908172607422,46.654605865478516,21.652740478515625,23.753740310668945,67.44884490966797,37.41978454589844,49.83345413208008,30.668081283569336,24.63741111755371,81.65570831298828,55.794464111328125
2019-08-14,24.268779754638672,44.996734619140625,20.804115295410156,22.873321533203125,65.3878402709961,36.26986312866211,49.04735565185547,30.18964385986328,24.43476676940918,79.3847885131836,54.047508239746094
2019-08-15,24.27750587463379,45.07167053222656,20.675537109375,22.987770080566406,65.31610870361328,36.20389175415039,49.78327178955078,30.612260818481445,24.75088882446289,79.66085052490234,53.958038330078125
2019-08-16,24.70511245727539,45.652400970458984,20.947385787963867,23.392765045166016,66.57962799072266,36.89195251464844,50.3519287109375,30.827550888061523,24.87653350830078,80.64047241210938,54.570186614990234
2019-08-19,24.90146255493164,46.36425018310547,21.410276412963867,23.630475997924805,67.2068862915039,37.45278549194336,50.85371017456055,31.10664939880371,25.034595489501953,81.41526794433594,55.2576789855957
2019-08-20,24.609121322631836,46.055145263671875,21.230262756347656,23.31352424621582,66.81263732910156,37.26426315307617,50.3017692565918,30.87540054321289,24.99406623840332,80.72062683105469,55.271793365478516
2019-08-21,24.73565673828125,46.23311996459961,21.366191864013672,23.41917610168457,67.22482299804688,37.70256042480469,50.43556594848633,31.002992630004883,25.160228729248047,81.31729888916016,56.33597946166992
2019-08-22,24.569852828979492,46.13009262084961,21.270671844482422,23.577659606933594,67.3233871459961,37.613006591796875,50.70317459106445,31.154489517211914,25.18454933166504,80.91654968261719,56.35010528564453
2019-08-23,23.976442337036133,44.8656120300293,20.557979583740234,22.978961944580078,65.52224731445312,36.36882781982422,49.858543395996094,30.763769149780273,24.91705894470215,79.0463638305664,54.85271072387695
2019-08-26,24.05497932434082,45.540000915527344,20.646148681640625,23.19906997680664,66.0061264038086,36.87309265136719,50.47737503051758,31.050830841064453,25.20481300354004,79.87457275390625,55.39422607421875
2019-08-27,24.072429656982422,45.62429428100586,20.517566680908203,23.058210372924805,65.66559600830078,36.81655502319336,50.3352165222168,30.947166442871094,25.2493953704834,79.40258026123047,55.12112808227539
2019-08-28,24.260053634643555,45.736698150634766,20.811460494995117,23.269506454467773,66.47209167480469,36.84954071044922,50.820255279541016,31.034873962402344,25.180492401123047,79.9814453125,55.808597564697266
2019-08-29,24.569852828979492,46.44854736328125,21.116382598876953,23.621675491333008,67.6101303100586,37.490478515625,50.8453369140625,31.258150100708008,25.354768753051758,80.58705139160156,56.64676284790039
2019-08-30,24.73565673828125,46.3923454284668,21.116382598876953,23.700910568237305,67.8879165649414,37.481048583984375,50.778438568115234,31.26612663269043,25.362869262695312,80.68501281738281,56.307716369628906
2019-09-03,24.539308547973633,45.933387756347656,21.01351547241211,23.454395294189453,66.96495056152344,37.0239143371582,51.07113265991211,31.712678909301758,25.812744140625,80.21300506591797,56.07700729370117
2019-09-04,24.840373992919922,46.82320022583008,21.30741310119629,23.68330192565918,67.81624603271484,37.655433654785156,51.53108596801758,31.975812911987305,25.837060928344727,80.26642608642578,56.632633209228516
2019-09-05,24.87964630126953,47.61936950683594,21.571916580200195,24.167531967163086,69.034912109375,38.44247055053711,51.21331024169922,31.69672966003418,25.557418823242188,81.05902862548828,57.71565628051758
2019-09-06,24.97564125061035,47.51633071899414,21.685802459716797,24.158729553222656,69.17829132080078,38.40947723388672,51.38056564331055,31.736589431762695,25.456085205078125,81.28166198730469,57.8569221496582
2019-09-09,24.844743728637695,47.66618347167969,22.119298934936523,24.528507232666016,69.38438415527344,38.12200164794922,51.26347351074219,31.497379302978516,25.33045196533203,80.53361511230469,58.07823944091797
2019-09-10,25.089086532592773,47.731754302978516,22.380130767822266,24.616548538208008,70.02062225341797,37.92878723144531,50.94569396972656,31.034873962402344,25.362869262695312,80.76513671875,57.84750747680664
2019-09-11,25.329069137573242,47.984657287597656,22.402172088623047,24.757417678833008,70.67476654052734,38.32465362548828,51.129676818847656,30.963111877441406,25.614152908325195,81.566650390625,57.95581817626953
2019-09-12,25.525419235229492,48.125152587890625,22.2625732421875,24.889482498168945,70.71957397460938,38.53202438354492,51.3387336730957,31.14652442932129,25.6708927154541,81.53993225097656,58.2336311340332
2019-09-13,25.804668426513672,48.04084777832031,22.43890953063965,25.083171844482422,71.10489654541016,38.24925994873047,51.04604721069336,30.771747589111328,25.508779525756836,81.49540710449219,58.11591339111328
2019-09-16,25.381431579589844,47.862876892089844,23.192018508911133,24.99513053894043,71.04214477539062,38.15499496459961,50.55264663696289,31.09070587158203,25.529043197631836,81.31729888916016,57.371910095214844
2019-09-17,25.586505889892578,47.90972900390625,22.868728637695312,25.02153968811035,71.00630950927734,38.31050491333008,50.82859802246094,31.52927589416504,25.751951217651367,81.44197845458984,57.720375061035156
2019-09-18,25.59959602355957,47.853511810302734,22.758522033691406,25.109586715698242,70.8987808227539,38.30580139160156,50.91224670410156,31.43358039855957,25.86138153076172,81.43305969238281,57.69211959838867
2019-09-19,25.643226623535156,47.90034484863281,22.699745178222656,24.99513053894043,70.54034423828125,38.39061737060547,50.90388488769531,31.53725242614746,25.98296546936035,81.8160171508789,57.53672790527344
2019-09-20,25.58359146118164,47.589599609375,22.71827507019043,24.848241806030273,70.09442901611328,37.942935943603516,50.74235916137695,31.403181076049805,26.085887908935547,82.27207946777344,56.877193450927734
2019-09-23,25.522193908691406,47.42060852050781,22.72569465637207,24.892478942871094,69.95931243896484,38.061126708984375,50.94426345825195,31.51556968688965,26.08997344970703,81.83389282226562,57.07562255859375
2019-09-24,25.302936553955078,46.707096099853516,22.366086959838867,24.653554916381836,69.56293487548828,37.692386627197266,51.154571533203125,31.475435256958008,26.396286010742188,81.08271026611328,56.46616744995117
2019-09-25,25.434492111206055,47.24222946166992,22.40316390991211,24.85708236694336,70.01335144042969,38.1414909362793,51.18821334838867,31.443313598632812,26.379953384399414,80.68923950195312,56.98113250732422
2019-09-26,25.377485275268555,46.78221130371094,22.11028480529785,24.74204444885254,70.11246490478516,38.18403244018555,51.474220275878906,31.748363494873047,26.518814086914062,80.24209594726562,56.7354736328125
2019-09-27,25.30731773376465,46.25645446777344,22.1065731048584,24.83938980102539,69.83316802978516,37.67348098754883,51.41533660888672,31.53964614868164,26.424877166748047,79.88438415527344,56.53703689575195
2019-09-30,25.522193908691406,46.49116897583008,21.947160720825195,24.77744483947754,69.93228149414062,38.07058334350586,51.66770935058594,31.579784393310547,26.44121551513672,80.59980773925781,57.023643493652344
2019-10-01,24.921415328979492,46.02175521850586,21.43926239013672,24.25535011291504,68.2566909790039,37.71601104736328,51.53309631347656,31.306859970092773,26.379953384399414,79.8128433227539,56.54649353027344
2019-10-02,24.474117279052734,45.32700729370117,20.912832260131836,23.759796142578125,66.96851348876953,37.00689697265625,50.4984016418457,31.114192962646484,26.028711318969727,78.65032958984375,55.53074645996094
2019-10-03,24.561819076538086,45.768272399902344,21.13896942138672,23.85713768005371,67.40992736816406,37.46072769165039,50.851722717285156,31.483463287353516,26.08997344970703,79.35678100585938,55.80002212524414
2019-10-04,24.693382263183594,46.38789749145508,21.272436141967773,24.299589157104492,68.11257934570312,38.08003616333008,51.650875091552734,31.627946853637695,26.453462600708008,80.59980773925781,56.32444381713867
2019-10-07,24.605674743652344,46.38789749145508,21.08336639404297,24.17570686340332,67.77025604248047,37.91930389404297,51.23026657104492,31.57176971435547,26.35135841369629,80.33152770996094,56.07877731323242
2019-10-08,24.175920486450195,45.63682556152344,20.723758697509766,23.697860717773438,66.72528076171875,37.2243537902832,50.74235916137695,31.41923713684082,26.106306076049805,78.80236053466797,55.488216400146484
2019-10-09,24.447805404663086,45.909088134765625,20.912832260131836,23.919078826904297,67.29281616210938,37.777469635009766,51.12931823730469,31.51556968688965,26.23292350769043,79.37467956542969,55.96065902709961
2019-10-10,24.671449661254883,46.171958923339844,21.176042556762695,24.166854858398438,67.90538024902344,38.0374870300293,51.23026657104492,31.595849990844727,26.204330444335938,79.76814270019531,56.33389663696289
2019-10-11,25.149444580078125,46.71649169921875,21.461505889892578,24.46772575378418,69.1845703125,38.56223678588867,51.17980194091797,31.491485595703125,26.106306076049805,80.4299087524414,56.9716911315918
2019-10-14,24.96965789794922,46.613216400146484,21.450382232666016,24.50312042236328,69.0494613647461,38.53860855102539,50.92744064331055,31.53964614868164,25.938852310180664,80.39414978027344,56.9433479309082
2019-10-15,25.14505958557129,47.411231994628906,21.539358139038086,24.85708236694336,69.60797119140625,38.964073181152344,50.70872116088867,31.563737869262695,25.857173919677734,81.8607177734375,57.44411849975586
2019-10-16,25.197683334350586,47.4957275390625,21.23906898498535,24.795143127441406,69.57194519042969,38.69459915161133,50.75918960571289,31.52359962463379,25.914352416992188,81.75342559814453,57.68034362792969
2019-10-17,25.263465881347656,47.77735900878906,21.25389862060547,24.812841415405273,69.91427612304688,38.61897659301758,50.99473571777344,31.732315063476562,25.979700088500977,82.36153411865234,57.83152389526367
2019-10-18,25.219606399536133,47.22345733642578,21.14267921447754,24.874778747558594,69.31068420410156,38.25022888183594,51.095680236816406,32.037353515625,26.065465927124023,82.0574722290039,57.718135833740234
2019-10-21,25.140676498413086,47.50511169433594,21.520822525024414,25.219894409179688,69.7250747680664,38.661521911621094,51.263919830322266,32.254093170166016,26.167572021484375,81.96803283691406,57.92127990722656
2019-10-22,25.035429000854492,47.045082092285156,21.798871994018555,25.14910316467285,70.27457427978516,38.1414909362793,51.28074264526367,32.15777587890625,26.277843475341797,82.14690399169922,57.55278778076172
2019-10-23,25.193294525146484,47.411231994628906,21.980525970458984,25.255294799804688,70.26558685302734,38.17457580566406,51.51628875732422,32.213958740234375,26.384031295776367,82.65660858154297,57.2882194519043
2019-10-24,25.27223777770996,46.87609100341797,21.887847900390625,25.219894409179688,70.36468505859375,38.73243713378906,51.69293975830078,32.093536376953125,26.473880767822266,82.23633575439453,57.2598762512207
2019-10-25,25.548505783081055,47.24222946166992,22.0657958984375,25.343786239624023,70.80609130859375,39.200443267822266,51.390106201171875,31.700197219848633,26.204330444335938,82.32573699951172,57.1937370300293
2019-10-28,25.62744140625,47.68348693847656,21.939746856689453,25.476518630981445,71.00428771972656,39.69684600830078,51.28916549682617,31.363048553466797,25.844921112060547,83.17529296875,57.373252868652344
2019-10-29,25.785308837890625,47.251625061035156,22.02872085571289,25.538463592529297,71.23848724365234,39.33755111694336,51.28916549682617,31.443313598632812,25.869422912597656,84.35572052001953,57.04728317260742
2019-10-30,25.807235717773438,47.383052825927734,21.580137252807617,25.52076530456543,71.4907455444336,39.57865524291992,51.524696350097656,31.676116943359375,26.098140716552734,84.8296890258789,57.4015998840332
2019-10-31,25.517810821533203,47.52388000488281,21.48745346069336,25.396875381469727,70.7249984741211,39.55500793457031,51.44898986816406,31.57176971435547,26.241085052490234,84.73131561279297,57.094520568847656
2019-11-01,25.877397537231445,47.833702087402344,21.976818084716797,25.768539428710938,72.26546478271484,40.02776336669922,51.44057846069336,31.491485595703125,26.175737380981445,84.83863830566406,57.472469329833984
2019-11-04,26.079120635986328,48.09657287597656,22.692323684692383,25.989765167236328,73.1032485961914,40.23577117919922,50.94426345825195,31.138277053833008,25.840831756591797,84.57927703857422,57.500816345214844
2019-11-05,26.12297248840332,48.1153450012207,22.721988677978516,26.08710479736328,73.25637817382812,40.18850326538086,51.11250305175781,30.60044288635254,25.575359344482422,83.9801254272461,57.58585739135742
2019-11-06,26.105432510375977,47.94635772705078,22.258569717407227,26.219850540161133,73.30142974853516,40.16960144042969,51.32279968261719,30.71282386779785,25.673381805419922,84.26628875732422,57.647274017333984
2019-11-07,26.280845642089844,48.24679183959961,22.59223175048828,26.414522171020508,73.55368041992188,40.48633575439453,51.146156311035156,30.383703231811523,25.326223373413086,84.45408630371094,57.30239486694336
2019-11-08,26.386093139648438,48.37821960449219,22.49954605102539,26.405677795410156,73.65275573730469,40.7132568359375,51.11250305175781,30.3275146484375,25.22003173828125,85.07112121582031,57.32600784301758
2019-11-11,26.346620559692383,48.15290832519531,22.373497009277344,26.334884643554688,73.68878173828125,40.732173919677734,51.036800384521484,30.383703231811523,25.064830780029297,84.72236633300781,57.20790481567383
2019-11-12,26.482561111450195,48.209228515625,22.258569717407227,26.37027931213379,73.67977905273438,40.8692626953125,51.20503234863281,30.183019638061523,25.1260986328125,85.23210906982422,57.17011260986328
2019-11-13,26.329078674316406,48.19046401977539,22.162179946899414,26.2021484375,73.37348937988281,40.959083557128906,51.59199905395508,30.488067626953125,25.497760772705078,85.33045959472656,56.99058151245117
2019-11-14,26.4913330078125,48.406394958496094,22.10287094116211,26.255237579345703,73.60771179199219,40.91180419921875,51.575164794921875,30.79310417175293,25.587615966796875,85.33941650390625,57.23625183105469
2019-11-15,26.46941566467285,48.81009292602539,22.273401260375977,26.326030731201172,74.14820098876953,41.24272918701172,51.59199905395508,30.945619583129883,25.669300079345703,87.15475463867188,57.3401985168457
2019-11-18,26.403627395629883,48.97908020019531,22.002771377563477,26.37912940979004,73.86894989013672,41.36565017700195,51.8611946105957,31.114192962646484,25.722396850585938,86.8596420288086,57.538612365722656
2019-11-19,26.346620559692383,49.00725173950195,21.67652702331543,26.432218551635742,73.80590057373047,41.44601058959961,51.793888092041016,31.178421020507812,25.657039642333984,87.44983673095703,56.90554428100586
2019-11-20,26.01772689819336,48.70682144165039,21.895259857177734,26.308330535888672,73.22036743164062,41.195457458496094,51.91165542602539,31.194475173950195,25.812246322631836,87.3336181640625,56.77325439453125
2019-11-21,25.973876953125,48.838253021240234,22.254865646362305,26.28179359436035,73.19331359863281,40.98744201660156,51.650875091552734,30.777050018310547,25.722396850585938,87.55718231201172,56.45199966430664
2019-11-22,26.01772689819336,48.857032775878906,22.18071937561035,26.47646141052246,73.57168579101562,40.93544387817383,51.5667610168457,30.60044288635254,25.730562210083008,87.87015533447266,56.83940505981445
2019-11-25,26.188753128051758,49.00725173950195,22.202957153320312,26.64459800720215,74.10316467285156,41.53111267089844,51.625640869140625,30.624534606933594,25.644790649414062,88.89857482910156,57.3401985168457
2019-11-26,26.320314407348633,49.166839599609375,21.99906349182129,26.618053436279297,74.31936645507812,41.56892776489258,52.04624938964844,31.04998779296875,25.730562210083008,88.8270263671875,57.73231506347656
2019-11-27,26.42555046081543,49.514225006103516,22.054670333862305,26.7242374420166,74.24730682373047,41.800575256347656,52.17243576049805,31.14630699157715,25.775482177734375,89.28311157226562,58.22838592529297
2019-11-29,26.329078674316406,49.34523010253906,21.832237243652344,26.68000030517578,73.90498352050781,41.67765808105469,52.15561294555664,31.025901794433594,25.75098419189453,88.97012329101562,57.85041809082031
2019-12-02,26.065967559814453,48.87580490112305,21.832237243652344,26.511857986450195,72.68885803222656,41.082008361816406,52.273380279541016,30.455955505371094,25.583526611328125,88.57661437988281,57.373252868652344
2019-12-03,25.899328231811523,48.78192138671875,21.50598907470703,26.140201568603516,71.89611053466797,40.71797180175781,52.18925476074219,30.704797744750977,25.6529541015625,88.37989044189453,56.7968864440918
2019-12-04,25.956336975097656,49.0354118347168,21.828533172607422,26.387975692749023,72.17536926269531,40.88344192504883,52.53416442871094,30.8653507232666,25.849000930786133,89.20262908935547,57.1134147644043
2019-12-05,26.087892532348633,49.24195861816406,21.724721908569336,26.511857986450195,72.1933822631836,41.034725189208984,52.517333984375,30.913515090942383,25.89393424987793,89.20262908935547,57.056724548339844
2019-12-06,26.35539436340332,49.53299331665039,22.139942169189453,26.865827560424805,73.06719207763672,41.488563537597656,52.71922302246094,30.921537399291992,25.816328048706055,89.7928466796875,57.514984130859375
2019-12-09,26.302772521972656,49.34523010253906,22.113988876342773,26.803884506225586,72.78792572021484,41.27110290527344,52.761295318603516,30.961673736572266,25.726476669311523,89.16685485839844,57.58585739135742
2019-12-10,26.1449031829834,49.176246643066406,22.158475875854492,26.812728881835938,72.69786071777344,41.3041877746582,52.593048095703125,30.744943618774414,25.722396850585938,89.36357879638672,57.48665237426758
2019-12-11,26.34222984313965,49.401554107666016,22.121402740478516,26.750791549682617,73.15730285644531,41.583106994628906,52.66875457763672,30.51214027404785,25.79182243347168,89.44405364990234,57.63309860229492
2019-12-12,26.710601806640625,49.45787811279297,22.529207229614258,27.27288818359375,73.80590057373047,42.027496337890625,52.62669372558594,30.14288902282715,25.68155288696289,90.27572631835938,58.138607025146484
2019-12-13,26.504491806030273,49.34523010253906,22.358671188354492,27.175546646118164,73.60771179199219,42.306427001953125,52.811767578125,30.174999237060547,25.88167381286621,90.21314239501953,58.19057846069336
2019-12-16,26.618511199951172,49.83341979980469,22.658964157104492,27.27288818359375,73.57168579101562,42.68463134765625,52.996826171875,30.407791137695312,26.204330444335938,91.18789672851562,58.44571304321289
2019-12-17,26.657974243164062,49.7864875793457,22.673791885375977,27.379072189331055,73.49960327148438,42.585350036621094,52.9127197265625,30.078664779663086,26.290102005004883,91.08950805664062,58.705535888671875
2019-12-18,26.622894287109375,50.12446594238281,22.759057998657227,27.264036178588867,73.19331359863281,42.58061981201172,52.82859420776367,30.504119873046875,26.396286010742188,91.2146987915039,58.762229919433594
2019-12-19,26.71498680114746,50.58448791503906,22.751646041870117,27.255186080932617,73.39151763916016,42.887901306152344,53.114601135253906,30.79310417175293,26.40445327758789,91.5724105834961,58.94648361206055
2019-12-20,26.844619750976562,50.741615295410156,22.96988296508789,27.287208557128906,73.72918701171875,43.13690185546875,53.51576614379883,31.030864715576172,26.585973739624023,92.22074127197266,59.03654479980469
2019-12-23,26.919580459594727,50.609901428222656,23.205730438232422,27.224945068359375,74.33574676513672,43.260231018066406,53.28677749633789,30.844228744506836,26.33901023864746,92.58889770507812,58.89908981323242
2019-12-24,26.950448989868164,50.60048294067383,23.194494247436523,27.287208557128906,74.03700256347656,43.274452209472656,53.35462188720703,30.884796142578125,26.376060485839844,92.4721908569336,59.03181076049805
2019-12-26,27.069503784179688,50.986244201660156,23.18700408935547,27.438405990600586,74.2090072631836,43.59697341918945,53.405513763427734,31.071443557739258,26.421337127685547,92.40931701660156,59.75228500366211
2019-12-27,26.96808433532715,50.89216232299805,23.089677810668945,27.36725616455078,74.14563751220703,43.592227935791016,53.64297866821289,31.18505096435547,26.49953842163086,92.4362564086914,59.747554779052734
2019-12-30,26.884302139282227,50.365264892578125,23.016807556152344,27.287208557128906,73.8016128540039,43.34084701538086,53.363101959228516,31.160701751708984,26.495420455932617,91.88130187988281,59.363609313964844
2019-12-31,27.08272933959961,50.4593620300293,23.147891998291016,27.37615203857422,73.75634765625,43.47841262817383,53.41398620605469,31.379806518554688,26.598325729370117,92.06208038330078,59.44894027709961
2020-01-02,26.76525115966797,51.05210876464844,23.35608673095703,27.642969131469727,75.15054321289062,44.294185638427734,52.98992919921875,31.014629364013672,26.264925003051758,92.30610656738281,60.15517807006836
2020-01-03,26.333126068115234,50.72280502319336,23.28668975830078,27.34946632385254,75.00569152832031,43.79617691040039,52.905120849609375,31.241851806640625,26.31842803955078,91.5016860961914,59.643280029296875
2020-01-06,26.218482971191406,51.40023422241211,23.467891693115234,27.331676483154297,75.0328369140625,43.9005241394043,53.01536560058594,31.249975204467773,26.343128204345703,92.07112121582031,59.80915832519531
2020-01-07,26.1876163482666,51.46609878540039,23.406206130981445,27.15380096435547,74.87895965576172,43.881534576416016,52.60829162597656,30.90914535522461,26.306081771850586,91.89035034179688,59.7143669128418
2020-01-08,26.28021812438965,51.83304214477539,23.02066993713379,27.331676483154297,75.13243865966797,44.351104736328125,52.803348541259766,31.063325881958008,26.293731689453125,92.48684692382812,59.89448547363281
2020-01-09,26.37721824645996,52.10589599609375,23.190303802490234,27.50066375732422,75.44930267333984,44.85383605957031,53.176517486572266,31.055208206176758,26.43779754638672,92.884521484375,60.21207046508789
2020-01-10,26.271394729614258,51.89889907836914,23.059219360351562,27.29610252380371,74.9151611328125,44.74950408935547,53.14259338378906,31.355457305908203,26.50777244567871,92.91166687011719,59.88499450683594
2020-01-13,26.61092185974121,52.38814926147461,23.06692886352539,27.482881546020508,75.53076934814453,45.309165954589844,53.490318298339844,31.736848831176758,26.668296813964844,92.58628845214844,60.074607849121094
2020-01-14,26.50068473815918,52.256431579589844,23.070785522460938,27.429513931274414,75.53985595703125,45.095733642578125,53.50728225708008,31.58266830444336,26.746511459350586,93.14666748046875,60.05564498901367
2020-01-15,26.681472778320312,52.51046371459961,22.901151657104492,27.278310775756836,75.65750885009766,45.14791488647461,53.88893127441406,31.801769256591797,27.12106704711914,93.9510269165039,59.91819381713867
2020-01-16,26.8402099609375,52.9150505065918,22.939699172973633,27.518457412719727,76.408935546875,45.755001068115234,54.033111572265625,32.085792541503906,27.28983497619629,94.43909454345703,60.45381164550781
2020-01-17,26.959270477294922,53.32902908325195,22.793197631835938,27.598501205444336,76.41799926757812,46.063297271728516,54.12640380859375,32.126365661621094,27.47917938232422,94.43909454345703,60.6671028137207
2020-01-21,26.668241500854492,53.2819938659668,22.384517669677734,27.36725616455078,75.57603454589844,46.04431915283203,54.312992095947266,32.45095443725586,27.73025894165039,94.53849792480469,60.48225021362305
2020-01-22,26.562419891357422,53.25377655029297,22.16861915588379,27.447303771972656,75.1777114868164,46.210323333740234,54.35538101196289,32.191287994384766,27.81669044494629,94.656005859375,60.45381164550781
2020-01-23,26.531551361083984,53.0373649597168,22.083799362182617,27.37615203857422,75.99249267578125,46.428497314453125,54.30449676513672,32.499637603759766,28.06366729736328,94.1769790649414,60.54386520385742
2020-01-24,26.341947555541992,52.397560119628906,21.8293399810791,27.029272079467773,75.639404296875,46.210323333740234,53.931331634521484,32.45095443725586,28.137752532958984,92.60435485839844,59.70014572143555
2020-01-27,25.773130416870117,51.57899856567383,21.224040985107422,26.611255645751953,74.2090072631836,45.1099739074707,53.76171112060547,32.31300354003906,28.067779541015625,91.89937591552734,58.80903625488281
2020-01-28,26.06415367126465,52.171756744384766,21.3204288482666,26.92254638671875,74.68882751464844,45.973182678222656,53.82955551147461,32.39414978027344,28.183025360107422,92.3512954711914,59.382568359375
2020-01-29,26.147930145263672,52.08707809448242,21.09681510925293,26.878076553344727,75.0871810913086,46.09174728393555,53.55817413330078,32.22373580932617,28.257118225097656,92.09822082519531,59.34939193725586
2020-01-30,25.984779357910156,51.560176849365234,21.266447067260742,27.21605682373047,75.16865539550781,46.490142822265625,54.194244384765625,32.29676818847656,28.520549774169922,91.4294204711914,59.24985122680664
2020-01-31,25.411556243896484,50.72280502319336,20.60331916809082,26.64682388305664,73.43043518066406,45.21430969238281,53.58361053466797,31.834228515625,28.392953872680664,89.60369873046875,59.40153503417969
2020-02-03,25.945096969604492,51.3249626159668,20.33344268798828,26.83361053466797,73.40328216552734,45.81191635131836,53.58361053466797,31.86669158935547,28.483503341674805,90.41712951660156,59.823387145996094
2020-02-04,26.40367889404297,51.86125564575195,20.406694412231445,27.091533660888672,74.78842163085938,47.011863708496094,53.9058952331543,32.280540466308594,28.19948959350586,92.00784301757812,60.91358184814453
2020-02-05,26.893129348754883,51.94593811035156,21.173919677734375,27.63408088684082,76.03775024414062,47.28697204589844,54.338436126708984,32.256195068359375,28.31475067138672,93.7793197631836,61.2216796875
2020-02-06,26.879899978637695,52.595149993896484,20.958017349243164,27.598501205444336,76.28218841552734,47.71857452392578,54.43171691894531,32.39414978027344,28.322978973388672,93.86067199707031,61.084224700927734
2020-02-07,26.496274948120117,52.55751037597656,20.811511993408203,27.50066375732422,75.7299575805664,47.2822265625,54.49956130981445,32.410369873046875,28.232419967651367,93.12854766845703,60.81877517700195
2020-02-10,26.483047485351562,52.868003845214844,20.707420349121094,27.580713272094727,76.15544891357422,47.922515869140625,54.72856903076172,32.78366470336914,28.33943748474121,93.62565612792969,61.50607681274414
2020-02-11,26.628557205200195,52.81155776977539,20.938739776611328,27.678550720214844,76.44515228271484,47.761260986328125,54.52501678466797,33.181278228759766,28.44234275817871,94.18600463867188,61.989559173583984
2020-02-12,26.774070739746094,53.4984016418457,21.220186233520508,27.696334838867188,77.16035461425781,48.27824020385742,54.49956130981445,33.39225769042969,28.46292495727539,94.30351257324219,62.62470626831055
2020-02-13,26.67706298828125,53.50779724121094,21.154647827148438,27.687440872192383,76.72579193115234,48.15017318725586,54.82185745239258,33.59513854980469,28.779865264892578,93.86067199707031,62.51570510864258
2020-02-14,26.681472778320312,53.57366180419922,21.0428409576416,27.7230167388916,76.62619018554688,48.35887908935547,54.94906997680664,33.98464584350586,28.973325729370117,93.93292999267578,62.42090606689453
2020-02-18,26.61533546447754,53.93119430541992,20.869346618652344,27.482881546020508,76.191650390625,48.17863845825195,54.753997802734375,33.952178955078125,29.216171264648438,93.5985336303711,62.41616439819336
2020-02-19,26.685880661010742,54.17582321166992,21.146934509277344,27.687440872192383,76.16449737548828,48.75252914428711,54.69463348388672,33.473411560058594,28.89923095703125,94.03235626220703,62.69581985473633
2020-02-20,26.7299747467041,53.62070846557617,21.123802185058594,27.63408088684082,76.05586242675781,48.24503707885742,54.737030029296875,33.84668731689453,29.00213050842285,93.42682647705078,62.71952819824219
2020-02-21,26.60651397705078,52.802146911621094,20.873199462890625,27.36725616455078,75.67560577392578,47.16365432739258,54.83032989501953,34.025211334228516,28.94862937927246,93.48104858398438,61.76204299926758
2020-02-24,25.856910705566406,51.033287048339844,19.909347534179688,26.47783851623535,73.52095794677734,45.21430969238281,53.566654205322266,33.57078552246094,28.611108779907227,90.53461456298828,59.638526916503906
2020-02-25,24.741321563720703,49.66903305053711,19.030315399169922,25.579538345336914,70.52438354492188,43.76771926879883,52.59980010986328,32.726844787597656,28.010150909423828,87.78704833984375,58.0458869934082
2020-02-26,24.65754508972168,49.57493209838867,18.45585823059082,25.39274787902832,69.99022674560547,43.96691131591797,52.30295944213867,32.44284439086914,27.72614097595215,87.77801513671875,57.58610916137695
2020-02-27,23.502273559570312,47.6179084777832,17.4688777923584,24.30767250061035,67.39195251464844,41.5954475402832,50.17420196533203,30.608901977539062,26.478954315185547,84.79544067382812,55.25878143310547
2020-02-28,23.24652862548828,47.75902557373047,17.453453063964844,23.649507522583008,66.16071319580078,41.91322708129883,49.181915283203125,29.854228973388672,25.593992233276367,83.70182037353516,54.90328598022461
2020-03-02,24.243057250976562,49.41498565673828,18.158987045288086,24.859106063842773,68.48739624023438,44.33687210083008,51.811065673828125,31.339231491088867,27.100492477416992,87.6243667602539,56.789798736572266
2020-03-03,24.031408309936523,47.787254333496094,17.60381507873535,23.925220489501953,66.81257629394531,42.65312957763672,51.10713195800781,31.31488800048828,26.76708221435547,85.44617462158203,55.415191650390625
2020-03-04,25.027938842773438,49.509063720703125,18.02019500732422,24.716798782348633,69.57378387451172,44.48389434814453,53.61753845214844,32.53209686279297,28.285932540893555,90.3719253540039,57.33014678955078
2020-03-05,24.234233856201172,47.702571868896484,17.360916137695312,23.524988174438477,66.16978454589844,43.07999801635742,52.60829162597656,31.78553581237793,27.849628448486328,88.27509307861328,55.192413330078125
2020-03-06,23.60369110107422,46.874603271484375,16.385501861572266,22.724517822265625,65.59037017822266,42.16934585571289,52.19271469116211,31.241851806640625,27.623239517211914,87.80513000488281,54.343963623046875
2020-03-09,21.394567489624023,43.75088882446289,13.085267066955566,20.287519454956055,59.54282760620117,38.9678840637207,49.919776916503906,29.034635543823242,26.120853424072266,83.24087524414062,50.92169189453125
2020-03-10,22.26322364807129,45.98075866699219,13.7059907913208,21.479333877563477,62.62995910644531,41.56700134277344,51.35308074951172,30.446605682373047,26.363712310791016,86.09690856933594,53.73724365234375
2020-03-11,21.2049560546875,44.004920959472656,12.981171607971191,20.31420135498047,58.95438766479492,39.603424072265625,48.83420181274414,28.815534591674805,25.038318634033203,82.80706787109375,50.7984504699707
2020-03-12,19.16339111328125,39.87446975708008,11.361897468566895,18.11734962463379,52.85252380371094,35.737937927246094,44.24592590332031,26.340530395507812,22.511024475097656,76.625,45.665042877197266
2020-03-13,20.50826644897461,43.45920181274414,12.410569190979004,20.500980377197266,56.98078918457031,39.930686950683594,48.01151657104492,28.653244018554688,23.737625122070312,81.93939971923828,48.490074157714844
2020-03-16,18.250638961791992,38.55723190307617,10.721901893615723,17.69043731689453,50.51681137084961,34.414669036865234,44.754783630371094,24.068401336669922,21.04157257080078,73.85934448242188,42.347049713134766
2020-03-17,19.379451751708984,40.231998443603516,10.795154571533203,18.6510009765625,52.843475341796875,36.75767517089844,48.52886962890625,25.529052734375,23.73351287841797,78.49589538574219,43.97761154174805
2020-03-18,18.140399932861328,38.895957946777344,9.245278358459473,17.067840576171875,48.95061111450195,35.37274169921875,47.28215408325195,23.735692977905273,22.700368881225586,75.89288330078125,41.45119857788086
2020-03-19,18.6033935546875,39.592201232910156,9.873710632324219,17.441394805908203,48.9868278503418,35.500789642333984,45.704654693603516,23.362415313720703,21.37909507751465,74.33837127685547,42.89689254760742
2020-03-20,17.937570571899414,37.8421745300293,9.97009563446045,16.818811416625977,46.53341293334961,33.87398147583008,42.74475860595703,22.039710998535156,19.68324851989746,71.48230743408203,41.62183380126953
2020-03-23,17.02315902709961,38.04313278198242,9.290548324584961,15.84023380279541,44.495216369628906,33.56454086303711,41.479820251464844,20.815000534057617,18.678848266601562,67.76959228515625,41.6904182434082
2020-03-24,19.025096893310547,40.38309097290039,10.780505180358887,17.804563522338867,50.124412536621094,37.00204849243164,43.59517288208008,22.629980087280273,20.686832427978516,72.99172973632812,45.60083770751953
2020-03-25,19.4689884185791,39.7603645324707,11.288982391357422,18.28891944885254,52.76109313964844,36.95438003540039,43.47575378417969,23.635578155517578,21.214811325073242,73.96351623535156,46.40101623535156
2020-03-26,20.38340187072754,42.024845123291016,11.978777885437012,19.437023162841797,56.09117126464844,39.24287796020508,45.855533599853516,25.450557708740234,23.023252487182617,78.87686157226562,48.32050323486328
2020-03-27,19.646543502807617,40.34535217285156,11.166791915893555,18.84503173828125,53.728187561035156,37.46929168701172,45.64229965209961,25.515960693359375,23.14796257019043,77.18761444091797,46.701087951660156
2020-03-30,20.272424697875977,41.817256927490234,11.281097412109375,19.20381736755371,54.51279067993164,39.04740905761719,47.42498779296875,26.178180694580078,24.004375457763672,80.80223083496094,47.677490234375
2020-03-31,19.992782592773438,41.74177169799805,11.454532623291016,18.674604415893555,53.8376579284668,38.317935943603516,46.46113586425781,25.344270706176758,23.035717010498047,80.44804382324219,46.71538162231445
2020-04-01,19.0916805267334,40.081153869628906,10.886930465698242,17.535476684570312,51.41082000732422,36.491912841796875,45.67640686035156,23.80726432800293,21.651330947875977,77.38740539550781,44.62919235229492
2020-04-02,19.38021469116211,40.590667724609375,11.884176254272461,17.974987030029297,52.0950813293457,37.34532165527344,46.84498596191406,24.1588134765625,22.32897186279297,79.53076171875,44.79589080810547
2020-04-03,18.91412925720215,39.769779205322266,11.75804328918457,17.616199493408203,51.401695251464844,36.76845169067383,47.21175765991211,23.954423904418945,21.53076934814453,78.81327819824219,44.01476287841797
2020-04-06,20.321252822875977,42.39280319213867,12.380826950073242,18.88091278076172,54.95985412597656,39.90558624267578,48.96887969970703,25.687644958496094,23.193700790405273,82.94556427001953,47.677490234375
2020-04-07,20.8627986907959,42.70418167114258,12.644922256469727,19.06926727294922,54.832122802734375,39.548004150390625,48.40591049194336,25.695825576782227,22.90268325805664,82.26443481445312,48.387176513671875
2020-04-08,21.88374900817871,43.61939239501953,13.488441467285156,19.9034366607666,56.82103729248047,40.611202239990234,49.12239074707031,27.62525177001953,24.149877548217773,85.65199279785156,49.91132354736328
2020-04-09,22.824790954589844,43.9401969909668,13.366250038146973,20.97081184387207,57.67863845825195,40.62071990966797,49.583003997802734,29.04780387878418,25.28898811340332,86.1242446899414,50.81153106689453
2020-04-13,22.323196411132812,44.00624084472656,13.322890281677246,20.20840835571289,55.99080276489258,40.71132278442383,49.216217041015625,27.71518325805664,24.486629486083984,85.37044525146484,50.79725646972656
2020-04-14,22.611722946166992,45.30832290649414,13.259821891784668,20.298099517822266,57.058258056640625,42.418155670166016,51.305992126464844,28.639022827148438,25.205841064453125,88.20403289794922,52.78342056274414
2020-04-15,21.573020935058594,44.88373565673828,12.637038230895996,19.419078826904297,55.479896545410156,41.493228912353516,50.49567413330078,27.535327911376953,24.374378204345703,87.74992370605469,51.626014709472656
2020-04-16,21.4487361907959,45.06300354003906,12.097024917602539,19.07823944091797,54.98722839355469,41.998600006103516,50.828338623046875,27.355464935302734,24.378530502319336,89.66622161865234,52.245201110839844
2020-04-17,22.30988311767578,45.676300048828125,13.382015228271484,20.082834243774414,57.569156646728516,42.55642318725586,51.604530334472656,28.23842430114746,25.164268493652344,91.52802276611328,53.78840637207031
2020-04-20,21.759456634521484,45.261138916015625,12.964198112487793,19.733016967773438,56.03641128540039,41.874637603759766,50.58950424194336,27.19194984436035,24.21224021911621,90.80147552490234,52.85009765625
2020-04-21,21.22235107421875,43.83640670776367,12.735580444335938,19.09617805480957,54.71352005004883,40.12012481689453,49.51475524902344,26.791349411010742,23.813135147094727,88.04056549072266,51.47836685180664
2020-04-22,21.639604568481445,45.015811920166016,13.188874244689941,19.30248260498047,55.28828811645508,41.664859771728516,49.992427825927734,27.257356643676758,24.507415771484375,89.38468170166016,52.58814239501953
2020-04-23,21.79052734375,45.336612701416016,13.614575386047363,19.221752166748047,55.72622299194336,41.37879943847656,49.54887771606445,26.946683883666992,24.095840454101562,89.8750991821289,52.57384490966797
2020-04-24,22.13232421875,45.91218185424805,13.646108627319336,19.49980926513672,56.17327117919922,42.25605773925781,50.077720642089844,27.04478645324707,24.245506286621094,91.0830307006836,53.46451950073242
2020-04-27,22.722698211669922,46.28959274291992,13.941731452941895,20.16355323791504,57.569156646728516,42.618404388427734,50.222713470458984,27.829652786254883,24.499094009399414,92.25458526611328,54.46475601196289
2020-04-28,23.144392013549805,45.4498405456543,14.26101303100586,20.37882423400879,58.64573287963867,42.05103302001953,50.50420379638672,27.854175567626953,24.590557098388672,90.39278411865234,54.6790885925293
2020-04-29,23.734764099121094,47.64827346801758,15.3173828125,20.97081184387207,59.76792526245117,43.77694320678711,50.29095458984375,27.927745819091797,24.366065979003906,90.9922103881836,55.884117126464844
2020-04-30,23.028982162475586,47.44070053100586,14.978398323059082,20.441612243652344,58.58185958862305,43.58147430419922,49.69388198852539,27.731536865234375,23.804824829101562,90.57441711425781,55.53642272949219
2020-05-01,22.545141220092773,46.78022766113281,14.130934715270996,19.786840438842773,56.81192398071289,42.38478469848633,49.14798355102539,26.881277084350586,23.23111343383789,88.8488540649414,53.45976257324219
2020-05-04,22.625043869018555,47.05384826660156,14.619706153869629,19.607440948486328,56.09117126464844,42.94736862182617,49.12239074707031,26.864931106567383,23.405717849731445,88.80342102050781,53.75031280517578
2020-05-05,22.682741165161133,47.29916763305664,14.631526947021484,19.54465675354004,56.31011962890625,43.53856658935547,49.165035247802734,27.036619186401367,23.596954345703125,90.72882843017578,53.945587158203125
2020-05-06,22.29212188720703,47.16706085205078,14.249191284179688,19.12308692932129,55.53463363647461,43.8770751953125,48.62767028808594,26.53790283203125,22.79459571838379,89.82971954345703,53.93606185913086
2020-05-07,22.74932861328125,48.053985595703125,14.619706153869629,19.57156753540039,56.182403564453125,44.535011291503906,48.49119567871094,26.775001525878906,22.88605499267578,89.82061004638672,54.78387451171875
2020-05-08,23.29531478881836,48.93147659301758,15.285850524902344,19.993133544921875,57.57829284667969,45.18817901611328,49.574466705322266,27.26552963256836,23.34752082824707,90.2838134765625,55.85078048706055
2020-05-11,22.94019889831543,48.95977783203125,15.017815589904785,19.607440948486328,56.8575439453125,45.48854446411133,49.50623321533203,26.938514709472656,23.247743606567383,91.8368148803711,55.726951599121094
2020-05-12,22.589529037475586,48.0068244934082,14.753724098205566,19.09617805480957,55.26092529296875,44.54931640625,49.08827590942383,25.793926239013672,23.044036865234375,90.43819427490234,54.50762176513672
2020-05-13,22.11456871032715,47.18593978881836,14.083634376525879,18.53110122680664,53.8741569519043,43.78172302246094,48.644737243652344,25.38514518737793,22.8486385345459,89.45732879638672,53.569313049316406
2020-05-14,22.385339736938477,47.6954460144043,14.241303443908691,19.006481170654297,54.43981170654297,44.339534759521484,48.52531814575195,25.417858123779297,23.09391975402832,90.43819427490234,54.3695068359375
2020-05-15,22.580652236938477,48.35591506958008,14.18612289428711,18.88091278076172,54.24821853637695,44.5636100769043,48.95180892944336,25.327919006347656,22.78628158569336,91.20108032226562,55.00297164916992
2020-05-18,23.6104736328125,49.37492752075195,15.344977378845215,19.849620819091797,57.82463073730469,45.655418395996094,49.72800827026367,26.562435150146484,23.7216739654541,91.95487976074219,57.08438491821289
2020-05-19,23.384090423583984,49.36549758911133,14.915331840515137,19.365264892578125,57.08562088012695,45.48854446411133,48.815330505371094,26.04737091064453,23.330888748168945,90.84688568115234,56.879581451416016
2020-05-20,23.756959915161133,50.73361587524414,15.510525703430176,19.795806884765625,58.15306091308594,46.484989166259766,49.39534378051758,26.292640686035156,23.459766387939453,90.95589447021484,57.622615814208984
2020-05-21,23.530574798583984,50.37506866455078,15.262200355529785,19.733016967773438,58.28992462158203,45.836585998535156,48.84943771362305,26.161827087402344,23.222801208496094,90.2838134765625,57.82741928100586
2020-05-22,23.49506378173828,50.677001953125,15.167600631713867,19.661256790161133,58.24430847167969,46.003456115722656,49.02004623413086,26.734119415283203,23.480554580688477,90.47452545166016,57.74168014526367
2020-05-26,24.138704299926758,50.81853485107422,15.58935546875,20.683792114257812,60.68940734863281,45.95578384399414,49.28446578979492,27.58437728881836,23.634374618530273,90.31102752685547,58.65618896484375
2020-05-27,24.382843017578125,51.17707824707031,15.790385246276855,21.58074951171875,62.71481704711914,46.21800994873047,50.026546478271484,28.173017501831055,23.917068481445312,91.24650573730469,59.66116714477539
2020-05-28,24.609220504760742,50.695884704589844,15.348918914794922,21.23990249633789,62.121788024902344,46.12741470336914,50.47008514404297,28.49186897277832,24.623815536499023,92.43623352050781,58.937191009521484
2020-05-29,24.61366844177246,50.96949768066406,15.277968406677246,20.99772071838379,61.738582611083984,46.709083557128906,50.521270751953125,28.32836151123047,24.81505012512207,93.55329895019531,59.15153121948242
2020-06-01,24.7823429107666,51.55449676513672,15.545998573303223,21.23990249633789,61.87544250488281,46.69477081298828,50.87099075317383,28.892473220825195,25.11022186279297,92.62694549560547,59.71356201171875
2020-06-02,25.230667114257812,51.76206588745117,15.979585647583008,21.410324096679688,62.67830276489258,47.133399963378906,51.0074577331543,29.080509185791016,25.272357940673828,93.16279602050781,60.22320556640625
2020-06-03,25.80328941345215,51.922462463378906,16.44864845275879,22.208616256713867,65.12340545654297,47.50050735473633,51.07569122314453,29.775432586669922,25.57584571838379,92.98114013671875,61.36155700683594
2020-06-04,25.896509170532227,51.535606384277344,16.452590942382812,22.69297218322754,65.81678009033203,47.109561920166016,50.828338623046875,29.219491958618164,25.11853790283203,92.24552154541016,61.05196762084961
2020-06-05,26.557899475097656,52.3753547668457,17.674510955810547,23.536109924316406,68.23448944091797,48.349159240722656,51.53628921508789,30.29049301147461,25.438650131225586,93.73495483398438,62.51420593261719
2020-06-08,26.59341049194336,53.35662078857422,18.47072982788086,23.98458480834961,69.60302734375,48.592315673828125,52.09071350097656,30.95271873474121,26.120450973510742,94.37975311279297,63.466796875
2020-06-09,26.26936912536621,53.22453689575195,17.776994705200195,23.47332191467285,67.86957550048828,48.8211669921875,51.66423416137695,30.592994689941406,25.596628189086914,93.39891052246094,62.97145462036133
2020-06-10,25.97196388244629,53.06413650512695,16.90193748474121,22.594301223754883,66.2455825805664,49.63643264770508,51.51923751831055,30.020694732666016,25.446964263916016,93.25359344482422,62.38082504272461
2020-06-11,23.96558952331543,50.620391845703125,15.309502601623535,20.746572494506836,61.59262466430664,46.79012680053711,49.56593704223633,28.16484832763672,24.453365325927734,88.06779479980469,59.11342239379883
2020-06-12,24.431671142578125,51.06386184692383,15.69578742980957,21.374441146850586,62.787803649902344,47.3956298828125,49.574466705322266,29.055984497070312,24.391006469726562,88.63994598388672,59.69927978515625
2020-06-15,24.689123153686523,51.88472366333008,15.743084907531738,21.67043685913086,63.4081916809082,47.85332107543945,50.145957946777344,29.42388343811035,24.557296752929688,88.83976745605469,60.26606750488281
2020-06-16,25.204036712646484,52.30931091308594,16.19637680053711,22.011280059814453,64.64897918701172,48.87361526489258,50.930686950683594,29.91441535949707,24.669544219970703,91.02851867675781,61.53303146362305
2020-06-17,24.995412826538086,52.3753547668457,15.644542694091797,21.679410934448242,64.18367767333984,48.86407470703125,50.853919982910156,29.5628604888916,24.594717025756836,90.93769836425781,61.371089935302734
2020-06-18,25.013166427612305,52.54518508911133,15.837682723999023,21.652498245239258,63.94648742675781,49.083377838134766,51.11833953857422,29.194965362548828,24.590557098388672,90.62891387939453,61.14722442626953
2020-06-19,24.937707901000977,52.403663635253906,15.597243309020996,21.50898551940918,63.161861419677734,48.74488067626953,50.853919982910156,28.900644302368164,23.900442123413086,91.50078582763672,60.67092514038086
2020-06-22,25.030092239379883,52.51899719238281,15.669503211975098,21.402477264404297,63.26818084716797,49.66328811645508,50.70864486694336,28.818262100219727,24.13351821899414,91.14962768554688,61.29441452026367
2020-06-23,25.08811378479004,52.859375,15.685473442077637,21.50177001953125,63.27731704711914,50.02183532714844,50.631282806396484,28.71116065979004,23.890380859375,91.54183197021484,61.776588439941406
2020-06-24,24.356138229370117,51.668113708496094,14.815164566040039,20.743518829345703,61.077964782714844,48.893558502197266,49.7802619934082,27.97793197631836,23.672393798828125,89.15227508544922,60.41598129272461
2020-06-25,24.65964126586914,51.895015716552734,15.098613739013672,21.294147491455078,61.75611114501953,49.51985549926758,50.13270950317383,28.274518966674805,23.37895393371582,90.02782440185547,60.49714660644531
2020-06-26,24.3204345703125,49.60707092285156,14.575629234313965,20.382450103759766,60.610599517822266,48.5445671081543,49.10976028442383,27.7884521484375,23.131628036499023,88.93339538574219,59.07925033569336
2020-06-29,24.793537139892578,50.524139404296875,14.771248817443848,20.608118057250977,62.59919738769531,49.07524108886719,50.038150787353516,28.26628875732422,23.56759262084961,89.73599243164062,60.20115661621094
2020-06-30,25.150604248046875,51.09139633178711,15.110587120056152,20.887941360473633,62.95656967163086,49.95490646362305,50.40778350830078,28.678205490112305,23.65563201904297,91.26820373535156,60.969783782958984
2020-07-01,25.204160690307617,52.3582878112793,14.743308067321777,20.70741081237793,62.67249298095703,50.03618621826172,50.45076370239258,29.460859298706055,24.208974838256836,91.97046661376953,61.585628509521484
2020-07-02,25.677268981933594,52.18811798095703,14.906982421875,20.734495162963867,63.21317672729492,50.32780838012695,50.70864486694336,29.361995697021484,24.271860122680664,92.66362762451172,61.82912063598633
2020-07-06,26.043258666992188,53.237545013427734,14.950899124145508,21.131669998168945,64.12040710449219,51.20748519897461,50.95793533325195,29.39495277404785,23.974220275878906,93.60304260253906,63.29474639892578
2020-07-07,26.052188873291016,53.086273193359375,14.475825309753418,20.698381423950195,62.89243698120117,50.672027587890625,51.42213821411133,28.917118072509766,23.8778018951416,92.79132080078125,62.301753997802734
2020-07-08,25.681732177734375,53.558998107910156,14.463850021362305,20.91503143310547,62.89243698120117,51.499114990234375,51.293190002441406,28.900644302368164,24.091602325439453,92.80042266845703,62.96534729003906
2020-07-09,25.440717697143555,53.62516784667969,13.749241828918457,20.47271156311035,61.52701950073242,51.68557357788086,50.889163970947266,28.801786422729492,23.768815994262695,92.07081604003906,62.89374923706055
2020-07-10,25.88258171081543,54.551700592041016,14.188382148742676,21.176803588867188,62.32426452636719,51.67122268676758,51.82615280151367,28.834739685058594,24.217357635498047,91.85191345214844,63.643253326416016
2020-07-13,25.88258171081543,53.454994201660156,14.112531661987305,21.267065048217773,62.58085632324219,50.60032272338867,51.74878692626953,28.38161849975586,24.242509841918945,92.37178039550781,62.83642578125
2020-07-14,26.534217834472656,53.98442459106445,14.60756778717041,21.375391006469727,63.93711853027344,51.1835823059082,52.505245208740234,28.661727905273438,24.468881607055664,94.20500946044922,63.461856842041016
2020-07-15,26.98055076599121,54.305877685546875,14.922952651977539,21.799654006958008,65.56832122802734,51.460880279541016,52.5482292175293,28.79354476928711,24.37246322631836,95.42713928222656,64.36893463134766
2020-07-16,27.069814682006836,54.40042495727539,14.855087280273438,21.799654006958008,65.58665466308594,50.82501220703125,52.659969329833984,28.455768585205078,24.68267822265625,95.27207946777344,64.19705963134766
2020-07-17,27.297439575195312,54.27751922607422,14.647490501403809,21.61911392211914,65.98069763183594,51.07362365722656,52.94364547729492,28.85121726989746,25.240215301513672,96.57628631591797,63.896278381347656
2020-07-20,27.060888290405273,54.929874420166016,14.40396499633789,21.519817352294922,65.17427825927734,52.3787956237793,52.41068649291992,28.579341888427734,24.909046173095703,96.55806732177734,64.91793060302734
2020-07-21,27.297439575195312,54.6651496887207,15.274270057678223,21.94407844543457,66.03568267822266,51.852909088134766,52.86627960205078,28.587583541870117,25.022226333618164,96.49423217773438,65.01819610595703
2020-07-22,27.614336013793945,54.72187042236328,15.086639404296875,21.94407844543457,66.56719970703125,52.268829345703125,53.28749465942383,28.933597564697266,25.407896041870117,97.36066436767578,65.5767593383789
2020-07-23,27.529531478881836,53.833152770996094,15.05869197845459,21.962129592895508,66.36559295654297,50.91107177734375,53.47661209106445,28.785308837890625,25.437240600585938,96.92288208007812,64.59330749511719
2020-07-24,27.435802459716797,53.748069763183594,14.974851608276367,21.907970428466797,65.8340835571289,50.294349670410156,53.407840728759766,28.669963836669922,25.26955795288086,95.85580444335938,64.70787048339844
2020-07-27,27.833032608032227,54.11679458618164,14.990819931030273,21.727439880371094,66.10899353027344,51.087955474853516,53.674320220947266,29.00774574279785,24.96354103088379,96.57628631591797,65.10893249511719
2020-07-28,27.221569061279297,53.558998107910156,14.73531723022461,21.673274993896484,65.65078735351562,50.49036407470703,53.87202453613281,29.592681884765625,25.340822219848633,96.46685791015625,64.46441650390625
2020-07-29,27.444730758666992,54.05061340332031,15.042722702026367,22.07948112487793,66.64966583251953,51.221839904785156,53.94938278198242,30.152891159057617,25.458202362060547,97.4792251586914,65.11845397949219
2020-07-30,26.91360092163086,54.20188903808594,14.451872825622559,21.68230628967285,65.98069763183594,51.50868606567383,53.94938278198242,29.905746459960938,25.458202362060547,96.8043212890625,65.06592559814453
2020-07-31,26.94038200378418,54.958229064941406,14.384005546569824,21.691326141357422,65.73328399658203,52.79473114013672,53.897804260253906,29.872785568237305,25.500120162963867,96.24797821044922,65.40491485595703
2020-08-03,26.78862762451172,55.00550842285156,14.435904502868652,21.7545223236084,66.00818634033203,54.095123291015625,53.751686096191406,29.39495277404785,25.22344398498535,97.24207305908203,65.26644897460938
2020-08-04,27.16800308227539,55.355316162109375,14.787219047546387,21.66425132751465,66.17314910888672,54.23374938964844,54.422183990478516,29.831594467163086,25.500120162963867,96.81344604492188,65.79159545898438
2020-08-05,27.565237045288086,55.27022933959961,14.942916870117188,21.962129592895508,67.4377670288086,54.434547424316406,54.3104362487793,29.60915756225586,25.173139572143555,97.26034545898438,66.59364318847656
2020-08-06,27.449193954467773,56.7261962890625,14.823147773742676,21.953105926513672,67.6943588256836,55.199493408203125,54.301841735839844,29.666826248168945,25.31986427307129,96.74048614501953,66.91828918457031
2020-08-07,27.54292106628418,56.6600227355957,14.843109130859375,22.422500610351562,68.84902954101562,54.37717819213867,54.59410095214844,30.07050895690918,25.776792526245117,97.05055236816406,67.01853942871094
2020-08-10,27.810718536376953,56.47093200683594,15.302214622497559,22.584980010986328,70.54438018798828,54.22419357299805,54.877769470214844,30.02108383178711,25.768409729003906,96.72224426269531,67.82058715820312
2020-08-11,27.761629104614258,55.629493713378906,15.25031852722168,22.846755981445312,70.92009735107422,53.248897552490234,54.499549865722656,29.44438934326172,25.21087074279785,96.11117553710938,67.68689727783203
2020-08-12,27.926769256591797,56.291297912597656,15.402024269104004,22.783567428588867,71.14917755126953,54.45845031738281,55.204429626464844,29.81511878967285,25.575576782226562,97.7254638671875,68.58442687988281
2020-08-13,27.92230224609375,56.57492446899414,15.102607727050781,22.63913917541504,70.7734603881836,54.48235321044922,55.16144943237305,29.46910285949707,25.533655166625977,97.59779357910156,68.55579376220703
2020-08-14,27.95354461669922,56.565467834472656,15.24632740020752,22.72941017150879,71.04838562011719,54.4441032409668,55.15286636352539,29.54325294494629,25.311479568481445,97.40625,68.55101776123047
2020-08-17,28.078521728515625,56.631656646728516,15.158496856689453,22.350284576416016,70.7184829711914,54.80744934082031,55.462318420410156,29.80687713623047,25.277942657470703,97.9808578491211,69.4342269897461
2020-08-18,27.962472915649414,57.14218521118164,14.966872215270996,22.205856323242188,70.33358001708984,55.013031005859375,55.68581008911133,29.773921966552734,25.16475486755371,97.9534912109375,69.8638687133789
2020-08-19,27.88213539123535,56.981475830078125,14.795204162597656,22.196828842163086,70.15033721923828,54.94609069824219,55.24740219116211,29.164281845092773,25.089303970336914,97.63429260253906,69.53448486328125
2020-08-20,27.7839412689209,57.6905517578125,14.475825309753418,21.989212036132812,69.77459716796875,55.67756652832031,55.13565444946289,29.477344512939453,24.86712074279785,97.32416534423828,69.4294662475586
2020-08-21,27.623268127441406,57.43526840209961,14.384005546569824,21.94407844543457,70.05867004394531,56.3851318359375,55.2732048034668,29.57620620727539,24.909046173095703,97.42451477050781,69.7874984741211
2020-08-24,28.109758377075195,58.1348991394043,14.779233932495117,22.467628479003906,71.32329559326172,56.87278366088867,55.745994567871094,29.617393493652344,25.127031326293945,96.97761535644531,70.84735107421875
2020-08-25,27.99817657470703,58.68325424194336,14.571642875671387,22.530818939208984,71.2316665649414,57.15962219238281,55.625640869140625,29.708024978637695,24.88808250427246,97.63429260253906,71.0812759399414
2020-08-26,28.292755126953125,60.68758773803711,14.26423454284668,22.422500610351562,71.26832580566406,58.32135772705078,55.694419860839844,29.502050399780273,24.611408233642578,97.51570129394531,71.7830581665039
2020-08-27,28.216876983642578,59.950130462646484,14.292181968688965,22.80162239074707,71.52490997314453,58.369178771972656,56.03825378417969,29.897499084472656,24.691057205200195,98.28180694580078,71.39637756347656
2020-08-28,28.551626205444336,60.09194564819336,14.547686576843262,22.891891479492188,72.20304107666016,58.88072204589844,56.53682327270508,30.128177642822266,24.7623233795166,98.500732421875,71.8642349243164
2020-08-31,28.114225387573242,59.808326721191406,14.232298851013184,22.6210880279541,71.30497741699219,59.067176818847656,56.373512268066406,29.86455726623535,24.837779998779297,98.73786163330078,71.6541748046875
2020-09-01,28.904226303100586,60.299957275390625,14.136486053466797,22.684274673461914,72.02893829345703,60.19544982910156,56.43367385864258,29.81511878967285,24.552719116210938,97.85315704345703,72.4037094116211
2020-09-02,29.56032943725586,61.585731506347656,14.068618774414062,23.00923728942871,73.22026824951172,60.73090744018555,57.45661544799805,30.482431411743164,25.315673828125,99.81404876708984,73.40626525878906
2020-09-03,28.743545532226562,59.49633026123047,13.964820861816406,22.657196044921875,71.16753387451172,57.26958465576172,56.46807098388672,29.971651077270508,25.030611038208008,97.09616088867188,71.07650756835938
2020-09-04,28.761398315429688,58.40907669067383,13.920904159545898,22.828702926635742,71.33245849609375,56.4711799621582,56.3391227722168,29.86455726623535,24.88808250427246,96.40301513671875,70.25537109375
2020-09-08,28.221343994140625,56.86801528930664,13.41388988494873,22.24196434020996,69.9945297241211,53.918216705322266,55.15286636352539,29.485572814941406,24.7497501373291,94.8160629272461,69.3339614868164
2020-09-09,28.9488525390625,57.54873275756836,13.505714416503906,22.467628479003906,71.07585906982422,55.67756652832031,55.95229721069336,29.80687713623047,25.076725006103516,96.49423217773438,70.64208221435547
2020-09-10,28.676593780517578,56.697837829589844,13.010675430297852,22.15169906616211,70.16865539550781,54.42021179199219,55.26460266113281,29.38671875,24.644948959350586,95.0167007446289,69.62996673583984
2020-09-11,29.042583465576172,56.51819610595703,13.022652626037598,22.30514907836914,71.1217041015625,54.004276275634766,55.57406997680664,29.287851333618164,24.703638076782227,95.390625,69.73500061035156
2020-09-14,29.462135314941406,56.73565673828125,13.122458457946777,22.612062454223633,72.08393096923828,55.1373291015625,55.93510055541992,30.00460433959961,25.04319190979004,96.75870513916016,70.47499084472656
2020-09-15,29.604957580566406,57.74727249145508,13.026647567749023,22.30514907836914,72.1297378540039,55.68235397338867,55.857730865478516,30.400049209594727,25.21087074279785,96.88640594482422,71.05261993408203
2020-09-16,29.627277374267578,57.123287200927734,13.549627304077148,22.557897567749023,72.86284637451172,54.82179260253906,55.60845184326172,30.597768783569336,25.177330017089844,96.72224426269531,70.65640258789062
2020-09-17,29.845975875854492,56.073848724365234,13.569589614868164,22.323204040527344,73.00946807861328,54.36762237548828,55.25600814819336,29.92221450805664,24.971925735473633,96.40301513671875,69.66339111328125
2020-09-18,29.332700729370117,55.53495407104492,13.417884826660156,22.2780704498291,72.19388580322266,53.430572509765625,54.74882888793945,29.329044342041016,24.531763076782227,96.25708770751953,68.69422149658203
2020-09-21,28.34525489807129,54.885009765625,12.973137855529785,21.719871520996094,69.79737854003906,53.87473678588867,54.3311767578125,28.544170379638672,24.379127502441406,94.47885131835938,67.70198822021484
2020-09-22,28.39906883239746,55.94612121582031,12.839226722717285,21.53834342956543,70.48738098144531,54.72760772705078,54.651119232177734,28.883970260620117,24.53133773803711,94.27741241455078,69.13247680664062
2020-09-23,27.564985275268555,54.61025619506836,12.258943557739258,21.057296752929688,69.22699737548828,53.02186584472656,53.82962417602539,28.05516815185547,24.155040740966797,93.30681610107422,67.99861145019531
2020-09-24,27.762296676635742,54.71446990966797,12.254887580871582,21.102672576904297,69.3282241821289,53.318931579589844,54.2274055480957,28.187782287597656,24.425636291503906,92.8398208618164,67.96989440917969
2020-09-25,28.008935928344727,55.443992614746094,12.246770858764648,21.320505142211914,70.36775970458984,54.593448638916016,54.51276397705078,28.734792709350586,24.82730484008789,94.33233642578125,68.85498046875
2020-09-28,28.46184539794922,56.18299102783203,12.534882545471191,21.82878875732422,71.63728332519531,55.637977600097656,55.12671661376953,29.232072830200195,24.89072608947754,95.1839370727539,70.29505920410156
2020-09-29,28.251081466674805,56.239845275878906,12.189960479736328,21.556495666503906,71.0025405883789,55.45111846923828,54.76353073120117,29.082889556884766,24.88226890563965,95.06490325927734,69.74964141845703
2020-09-30,28.538084030151367,56.27773666381836,12.15343952178955,21.846940994262695,70.81855010986328,55.91588592529297,55.429378509521484,29.232072830200195,25.10635757446289,96.58489227294922,70.31898498535156
2020-10-01,28.134492874145508,57.08305740356445,11.780112266540527,21.88324546813965,70.60694885253906,56.505226135253906,55.740684509277344,29.712785720825195,25.360042572021484,96.25525665283203,71.23754119873047
2020-10-02,28.3856143951416,55.95561599731445,11.893733024597168,22.055694580078125,71.39812469482422,55.072593688964844,55.429378509521484,30.193496704101562,25.66023826599121,95.37620544433594,70.93614196777344
2020-10-05,28.9282169342041,56.87461471557617,12.250829696655273,22.418752670288086,72.54808044433594,56.28003692626953,55.80121612548828,30.359262466430664,25.981569290161133,97.33576202392578,71.87384796142578
2020-10-06,28.564990997314453,55.68085479736328,12.068222045898438,22.191843032836914,71.6649169921875,55.407997131347656,55.438018798828125,30.10233497619629,26.201438903808594,96.04466247558594,70.5438232421875
2020-10-07,29.300403594970703,56.08824920654297,12.238656997680664,22.563974380493164,73.24723815917969,56.42377853393555,56.03469467163086,30.185218811035156,26.362098693847656,97.8576889038086,72.1561279296875
2020-10-08,29.59637451171875,56.81778335571289,12.697200775146484,22.872573852539062,73.97400665283203,56.7160530090332,56.406532287597656,30.690793991088867,26.844099044799805,98.33382415771484,72.62976837158203
2020-10-09,29.82508087158203,57.15885543823242,12.494302749633789,22.899797439575195,74.25,57.583290100097656,56.84754943847656,30.60789680480957,26.83987045288086,99.22203826904297,73.38567352294922
2020-10-12,29.77574348449707,58.665283203125,12.52676773071289,23.15394401550293,74.67318725585938,59.15488052368164,57.50474548339844,30.7653751373291,27.008995056152344,99.89962768554688,74.36165618896484
2020-10-13,29.51116943359375,58.722129821777344,12.331987380981445,22.709199905395508,73.84522247314453,58.776363372802734,57.461509704589844,30.24323081970215,26.822954177856445,99.13961029052734,74.34733581542969
2020-10-14,29.59637451171875,58.02102279663086,12.384739875793457,22.491365432739258,74.25920104980469,58.46492385864258,57.16749954223633,29.895132064819336,26.78913116455078,98.56275177001953,73.5244369506836
2020-10-15,29.51116943359375,57.57573318481445,12.534882545471191,22.663818359375,74.5260009765625,58.20140075683594,57.20208740234375,30.0360164642334,26.77222442626953,97.84854125976562,73.797119140625
2020-10-16,29.717456817626953,57.585201263427734,12.250829696655273,22.681968688964844,75.06874084472656,58.033695220947266,57.21937561035156,29.928285598754883,27.059734344482422,98.81912231445312,73.12732696533203
2020-10-19,29.372163772583008,56.55250549316406,11.99112319946289,22.33707046508789,74.13960266113281,56.97000503540039,56.4757080078125,29.455856323242188,26.8314151763916,97.2533187866211,72.22789001464844
2020-10-20,29.43942642211914,56.95988464355469,12.133150100708008,22.51859474182129,74.5260009765625,57.166446685791016,56.4151725769043,29.654769897460938,26.992082595825195,97.38153076171875,72.8067855834961
2020-10-21,29.32731819152832,57.916805267333984,11.901850700378418,22.40060043334961,73.77162170410156,57.0802001953125,56.46706008911133,29.547025680541992,26.920207977294922,96.89623260498047,72.40971374511719
2020-10-22,29.488750457763672,58.295780181884766,12.392858505249023,22.845340728759766,74.3788070678711,56.81188201904297,56.44111633300781,29.33982276916504,27.30072784423828,98.3613052368164,72.5580062866211
2020-10-23,29.59637451171875,58.84530258178711,12.331987380981445,22.917957305908203,74.67318725585938,56.74959182739258,56.54488754272461,29.53043556213379,27.37683868408203,98.72757720947266,73.1943130493164
2020-10-26,28.856468200683594,57.55677795410156,11.889674186706543,22.40060043334961,72.8056640625,55.51820373535156,55.81851577758789,29.17406463623047,27.368385314941406,97.62874603271484,71.78773498535156
2020-10-27,28.582918167114258,57.92628860473633,11.735475540161133,21.992162704467773,71.21414947509766,55.79609680175781,55.6714973449707,28.80109977722168,27.347240447998047,96.96034240722656,71.7542495727539
2020-10-28,27.77574920654297,55.652435302734375,11.244466781616211,21.429428100585938,68.87742614746094,53.429141998291016,54.045806884765625,28.162912368774414,26.55236053466797,93.8836669921875,69.48651885986328
2020-10-29,28.34973907470703,57.05464172363281,11.589388847351074,21.592798233032227,69.88018035888672,54.32033920288086,54.02851867675781,28.486156463623047,26.624237060546875,93.11451721191406,69.92667388916016
2020-10-30,28.33180046081543,56.08824920654297,11.654317855834961,21.656335830688477,69.79737854003906,53.11769104003906,53.83827209472656,28.303815841674805,26.374780654907227,93.08704376220703,68.40048217773438
2020-11-02,29.27350616455078,56.05982971191406,12.051993370056152,22.064773559570312,71.68330383300781,53.251853942871094,54.694358825683594,29.000009536743164,26.954030990600586,94.7627182006836,68.88847351074219
2020-11-03,29.730911254882812,56.893577575683594,11.983006477355957,22.55489730834961,73.79920959472656,54.190982818603516,55.59367752075195,29.455856323242188,27.343013763427734,96.1453857421875,70.40509796142578
2020-11-04,29.224178314208984,59.347442626953125,11.999238967895508,22.29168128967285,73.03565216064453,56.2992057800293,55.61961364746094,29.538740158081055,26.932886123657227,100.41239929199219,71.90255737304688
2020-11-05,30.417009353637695,60.493839263916016,11.999238967895508,22.83626937866211,74.7559814453125,58.04808044433594,56.02604675292969,29.646482467651367,27.17388916015625,100.61383819580078,73.30432891845703
2020-11-06,30.493234634399414,60.35171890258789,11.739531517028809,22.654741287231445,74.8295669555664,58.25409698486328,56.28546905517578,29.53043556213379,27.114694595336914,100.65046691894531,73.08426666259766
2020-11-09,31.17933464050293,59.84010314941406,13.415451049804688,24.515403747558594,77.37783813476562,57.83244705200195,56.15575408935547,30.309528350830078,27.61783790588379,101.59362030029297,72.84506225585938
2020-11-10,31.547042846679688,59.650611877441406,13.849644660949707,24.642475128173828,78.73939514160156,56.75437545776367,57.26262283325195,30.475290298461914,28.015277862548828,101.8866195678711,72.58671569824219
2020-11-11,31.07619857788086,60.19065475463867,13.707618713378906,24.542634963989258,78.0770263671875,58.100765228271484,57.755516052246094,30.707355499267578,28.12098503112793,101.7584457397461,73.2230224609375
2020-11-12,30.421489715576172,59.849586486816406,13.26530647277832,24.134201049804688,77.18467712402344,57.583290100097656,57.59986114501953,30.392410278320312,27.668577194213867,101.38301086425781,72.24223327636719
2020-11-13,30.946151733398438,60.740177154541016,13.748197555541992,24.5335636138916,78.89580535888672,58.0720329284668,58.395408630371094,31.088605880737305,27.94339942932129,102.66495513916016,73.4144058227539
2020-11-16,31.556011199951172,61.128604888916016,14.65311336517334,25.078147888183594,80.81849670410156,58.63261795043945,58.93155288696289,31.28752899169922,28.226682662963867,102.490966796875,74.37601470947266
2020-11-17,31.439422607421875,60.91069793701172,14.803253173828125,25.04183578491211,80.60692596435547,58.306800842285156,58.5164794921875,31.30410385131836,27.672800064086914,101.82255554199219,74.06026458740234
2020-11-18,31.17933464050293,60.29487609863281,14.373114585876465,24.80585289001465,80.24812316894531,57.68391418457031,57.7122688293457,30.77366065979004,27.131608963012695,99.92709350585938,73.55313110351562
2020-11-19,31.30937385559082,60.664371490478516,14.608474731445312,24.887540817260742,80.4505386352539,58.148685455322266,57.8679313659668,30.823394775390625,26.86100959777832,99.85384368896484,73.91673278808594
2020-11-20,31.282472610473633,60.52225112915039,14.531375885009766,24.669702529907227,79.72376251220703,57.54975128173828,57.50474548339844,30.616186141967773,26.86524200439453,99.62493896484375,73.52921295166016
2020-11-23,31.542566299438477,60.550682067871094,15.558028221130371,25.132606506347656,81.05770874023438,57.5353889465332,57.522029876708984,30.516735076904297,26.869474411010742,99.36852264404297,74.3377456665039
2020-11-24,32.327308654785156,61.79182052612305,16.357433319091797,26.013011932373047,82.47444152832031,58.335548400878906,57.91116714477539,30.500158309936523,27.156978607177734,99.66155242919922,75.44291687011719
2020-11-25,31.990991592407227,61.782344818115234,15.97598648071289,25.922252655029297,81.848876953125,58.46013641357422,57.8765754699707,30.57474136352539,27.228857040405273,99.2952880859375,75.53382873535156
2020-11-27,32.15691375732422,62.180259704589844,15.789323806762695,25.840564727783203,81.71086883544922,58.77157974243164,57.8679313659668,30.516735076904297,26.9582576751709,100.21094512939453,75.69647216796875
2020-11-30,31.834033966064453,61.96235275268555,14.916876792907715,25.3050537109375,80.98410034179688,59.16446304321289,57.859275817871094,30.251514434814453,26.56927490234375,100.48563385009766,75.23717498779297
2020-12-01,32.18381118774414,63.09927749633789,14.98586368560791,25.695343017578125,80.7817153930664,59.9215087890625,58.369468688964844,30.632766723632812,26.75531005859375,101.32806396484375,75.79695129394531
2020-12-02,31.771255493164062,63.68669509887695,15.472811698913574,25.97671127319336,80.8921127319336,59.83047103881836,57.88521957397461,30.309528350830078,26.932886123657227,102.08808135986328,75.32330322265625
2020-12-03,31.551528930664062,63.402469635009766,15.63512897491455,25.98578643798828,81.10369873046875,59.79214096069336,58.032230377197266,30.533309936523438,26.653839111328125,101.95989990234375,75.53382873535156
2020-12-04,32.18831253051758,63.45930480957031,16.487289428710938,26.303462982177734,82.0696792602539,60.39106369018555,58.48188781738281,30.939422607421875,26.387466430664062,103.04953002929688,75.60557556152344
2020-12-07,31.9775333404541,63.857242584228516,16.101787567138672,26.12193489074707,81.67406463623047,60.56356430053711,58.25706100463867,30.632766723632812,26.535449981689453,102.417724609375,75.433349609375
2020-12-08,32.15691375732422,63.762481689453125,16.341203689575195,26.11285400390625,82.0696792602539,60.760005950927734,58.57700729370117,30.491865158081055,26.455114364624023,103.19603729248047,75.27546691894531
2020-12-09,32.174842834472656,63.004539489746094,16.37772560119629,26.04932403564453,82.253662109375,59.59569549560547,58.343536376953125,30.21006965637207,26.408607482910156,102.83893585205078,75.20370483398438
2020-12-10,31.9775333404541,63.042449951171875,16.880903244018555,26.094701766967773,81.47168731689453,59.68193435668945,58.08409881591797,30.044321060180664,26.273303985595703,102.66495513916016,75.13671875
2020-12-11,31.793682098388672,63.421424865722656,16.686120986938477,25.83148193359375,81.66487121582031,59.55736541748047,58.21382522583008,30.060888290405273,26.315589904785156,102.26204681396484,74.77791595458984
2020-12-14,31.390094757080078,63.22244644165039,16.101787567138672,25.531963348388672,80.60692596435547,59.772972106933594,57.9890022277832,29.845396041870117,26.18029022216797,101.4928970336914,74.887939453125
2020-12-15,31.959590911865234,63.743534088134766,16.418302536010742,25.967628479003906,81.72926330566406,60.769596099853516,58.127357482910156,30.36754608154297,26.696115493774414,102.5916976928711,75.89739990234375
2020-12-16,31.86991310119629,63.68669509887695,16.337142944335938,26.013011932373047,81.22328186035156,61.18165588378906,58.2397575378418,30.375835418701172,26.387466430664062,102.2895278930664,76.39498138427734
2020-12-17,32.23762893676758,63.52562713623047,16.26003646850586,26.08562469482422,81.7200698852539,61.66558837890625,58.611610412597656,30.732229232788086,26.565048217773438,103.3883056640625,76.91647338867188
2020-12-18,32.381134033203125,63.58246994018555,15.988161087036133,25.858715057373047,81.72926330566406,61.44997787475586,58.74130630493164,30.20178985595703,26.336729049682617,103.4707260131836,76.54328155517578
2020-12-21,32.20941925048828,63.03873062133789,15.679752349853516,26.207298278808594,81.23597717285156,61.511451721191406,58.10825729370117,29.929771423339844,26.017793655395508,102.43546295166016,75.6785888671875
2020-12-22,32.01112365722656,62.45039367675781,15.416570663452148,25.951791763305664,80.85723114013672,62.04454040527344,57.69842529296875,30.13965606689453,25.966629028320312,102.12284851074219,75.35267639160156
2020-12-23,32.056190490722656,62.81098937988281,15.757882118225098,26.38067054748535,81.28216552734375,61.573883056640625,57.890254974365234,29.85421371459961,25.915464401245117,102.19639587402344,75.5156478881836
2020-12-24,32.258995056152344,62.877403259277344,15.67563247680664,26.417171478271484,81.2914047241211,61.98209762573242,58.178009033203125,30.148052215576172,26.098806381225586,102.4906005859375,75.673828125
2020-12-28,32.1328010559082,64.00666046142578,15.576947212219238,26.5449275970459,81.39302825927734,62.68326950073242,58.64016342163086,30.391515731811523,26.213932037353516,102.74806213378906,76.53656768798828
2020-12-29,32.056190490722656,63.9497184753418,15.474141120910645,26.45367431640625,80.9034423828125,62.38551330566406,58.465755462646484,30.156450271606445,26.209672927856445,103.2353515625,76.56053161621094
2020-12-30,32.497859954833984,63.522708892822266,15.716760635375977,26.572301864624023,81.42073822021484,62.35190200805664,58.40473556518555,30.324356079101562,26.341846466064453,103.21699523925781,77.02069091796875
2020-12-31,32.62403106689453,64.0351333618164,15.585171699523926,26.900800704956055,81.79949188232422,62.443153381347656,58.81455612182617,30.693758010864258,26.734115600585938,104.30191040039062,77.06381225585938
2021-01-04,32.31306457519531,63.08619689941406,15.609841346740723,26.53580093383789,79.82262420654297,61.42499923706055,58.178009033203125,29.703102111816406,26.0604305267334,103.85140228271484,76.41194915771484
2021-01-05,33.03865051269531,63.313926696777344,16.308914184570312,26.654422760009766,80.60782623291016,61.8236198425293,58.178009033203125,29.669509887695312,26.056171417236328,104.60533905029297,76.98233795166016
2021-01-06,34.39065933227539,63.0102653503418,16.806489944458008,27.831567764282227,82.52923583984375,60.75743103027344,58.221614837646484,29.52678680419922,26.70427131652832,106.03966522216797,77.76841735839844
2021-01-07,34.647552490234375,63.84532928466797,17.053218841552734,28.23307228088379,82.98189544677734,62.39512634277344,58.047218322753906,29.619138717651367,26.354639053344727,107.41885375976562,79.2686767578125
2021-01-08,34.480804443359375,64.04462432861328,17.03266143798828,28.214820861816406,82.77867889404297,62.79854965209961,58.3349723815918,29.938167572021484,26.576358795166016,107.9337158203125,80.90312194824219
2021-01-11,34.480804443359375,62.90587615966797,17.299949645996094,28.306074142456055,82.7509765625,62.27985382080078,57.83795166015625,29.4344425201416,26.32905387878418,108.43942260742188,79.3932876586914
2021-01-12,34.917945861816406,61.8905029296875,17.904441833496094,28.59807777404785,83.57310485839844,61.98209762573242,57.646114349365234,29.459625244140625,26.188344955444336,107.26253509521484,80.60594177246094
2021-01-13,34.56192398071289,62.1087532043457,17.764623641967773,28.579822540283203,82.85257720947266,62.375911712646484,57.73330307006836,29.862607955932617,26.70000648498535,107.55675506591797,80.60114288330078
2021-01-14,34.44474792480469,61.75765609741211,18.290985107421875,28.707576751708984,83.13894653320312,61.828426361083984,57.42811965942383,30.047298431396484,26.597673416137695,107.21656799316406,80.08831024169922
2021-01-15,33.953514099121094,61.956932067871094,17.579580307006836,28.23307228088379,82.0581283569336,61.19447326660156,57.22755813598633,30.509052276611328,26.857772827148438,107.54757690429688,79.469970703125
2021-01-19,34.0706901550293,63.07669448852539,17.933229446411133,28.306074142456055,82.3260269165039,61.99171829223633,56.97468185424805,30.30756950378418,26.755435943603516,108.35667419433594,79.92054748535156
2021-01-20,34.1833610534668,65.05998992919922,17.9990234375,28.187442779541016,82.8340835571289,63.22116470336914,57.079322814941406,30.937223434448242,26.913196563720703,108.95431518554688,81.43036651611328
2021-01-21,33.68311309814453,65.29722595214844,17.39042091369629,27.88631248474121,82.18746948242188,64.03760528564453,56.887481689453125,30.836475372314453,26.755435943603516,108.43942260742188,81.80901336669922
2021-01-22,33.52085876464844,65.32569122314453,17.299949645996094,27.685564041137695,81.76252746582031,63.79267120361328,56.7392578125,30.91204261779785,26.79380989074707,108.11762237548828,81.53101348876953
2021-01-25,33.34510803222656,65.70527648925781,17.12312889099121,27.484813690185547,81.20826721191406,64.32574462890625,57.306026458740234,31.189090728759766,27.331050872802734,108.82561492919922,81.83297729492188
2021-01-26,32.88542938232422,66.59728240966797,16.757139205932617,27.265806198120117,80.46002960205078,64.36897277832031,57.820491790771484,31.508113861083984,27.058168411254883,108.4210205078125,81.7802505493164
2021-01-27,31.91649055480957,64.44317626953125,16.53097152709961,26.462799072265625,78.86190795898438,63.15393829345703,56.84389114379883,31.105131149291992,26.32905387878418,105.12940979003906,79.25907897949219
2021-01-28,32.466304779052734,64.6709213256836,16.724245071411133,26.95555877685547,80.03508758544922,63.41327667236328,57.061893463134766,31.189090728759766,26.644580841064453,106.6648941040039,79.50830841064453
2021-01-29,31.835365295410156,63.46575164794922,16.16910171508789,26.417171478271484,78.30765533447266,61.91966247558594,55.88471221923828,30.861663818359375,26.499605178833008,105.76385498046875,77.65337371826172
2021-02-01,32.20941925048828,64.6519546508789,16.284242630004883,26.763927459716797,79.12055969238281,63.470909118652344,55.93703842163086,31.558486938476562,26.62752342224121,106.16839599609375,79.67129516601562
2021-02-02,32.63304901123047,65.63884735107422,16.461069107055664,27.41180992126465,80.80181121826172,64.3305435180664,56.311988830566406,31.69281578063965,26.8449764251709,106.47183990478516,81.36325073242188
2021-02-03,32.69614791870117,66.52137756347656,17.164249420166016,27.566940307617188,80.85723114013672,64.10962677001953,56.39918518066406,31.566879272460938,26.759702682495117,105.7178726196289,80.90792083740234
2021-02-04,32.5789680480957,66.91991424560547,17.353408813476562,28.178316116333008,81.72557067871094,65.13258361816406,56.80902099609375,31.743192672729492,26.9686279296875,106.15921020507812,81.77067565917969
2021-02-05,33.13779830932617,67.76451110839844,17.501449584960938,28.187442779541016,82.20592498779297,64.98851776123047,57.3409309387207,31.852327346801758,27.113595962524414,106.35227966308594,82.55197143554688
2021-02-08,33.412715911865234,68.03020477294922,18.233415603637695,28.552446365356445,82.90800476074219,65.67047882080078,57.55891799926758,31.91948890686035,26.904664993286133,106.48101043701172,83.02167510986328
2021-02-09,33.164833068847656,68.25796508789062,18.040145874023438,28.561569213867188,83.12046813964844,65.59363555908203,57.506591796875,32.06221389770508,26.94304656982422,106.6373291015625,82.56153106689453
2021-02-10,33.12879180908203,68.90323638916016,18.38556671142578,28.561569213867188,82.99113464355469,65.49759674072266,57.4455451965332,32.28049087524414,27.049636840820312,106.83041381835938,81.74671936035156
2021-02-11,33.160335540771484,68.97916412353516,18.10182762145996,28.470319747924805,82.81562042236328,66.21797943115234,57.192684173583984,32.22172546386719,26.896142959594727,107.03266906738281,81.52142333984375
2021-02-12,33.50284957885742,69.27333068847656,18.369115829467773,28.7623233795166,83.41606903076172,66.55897521972656,57.279876708984375,32.21333694458008,26.70000648498535,107.83258819580078,81.63645935058594
2021-02-16,33.43975067138672,69.60547637939453,18.829683303833008,29.255081176757812,83.33292388916016,66.34284973144531,57.17525100708008,31.869117736816406,26.401535034179688,106.76602935791016,81.28177642822266
2021-02-17,33.421714782714844,69.80474090576172,19.109312057495117,29.401086807250977,83.10196685791016,65.7569351196289,57.384521484375,31.894309997558594,26.42285919189453,107.15220642089844,81.75151824951172
2021-02-18,33.214412689208984,69.4631118774414,18.677528381347656,29.22770118713379,82.6863021850586,65.43513488769531,57.349639892578125,31.877517700195312,26.580617904663086,106.48101043701172,81.77547454833984
2021-02-19,33.82282638549805,68.77989196777344,18.99005699157715,29.574459075927734,84.04423522949219,65.33909606933594,56.62591552734375,31.978260040283203,26.1840877532959,105.19378662109375,81.30094146728516
2021-02-22,33.953514099121094,68.50470733642578,19.648006439208984,29.848217010498047,84.31210327148438,63.898319244384766,56.678226470947266,32.1629638671875,25.672426223754883,104.94554138183594,79.58499908447266
2021-02-23,34.0706901550293,69.03609466552734,19.972867965698242,30.030715942382812,84.57078552246094,63.72063064575195,56.75668716430664,32.28049087524414,25.88561248779297,104.77082824707031,79.06256103515625
2021-02-24,34.368125915527344,69.15946960449219,20.680160522460938,30.61472511291504,86.16888427734375,64.69554138183594,56.72182846069336,32.431602478027344,25.582881927490234,105.4972152709961,79.89175415039062
2021-02-25,33.574951171875,67.65062713623047,20.281282424926758,30.058090209960938,84.58000183105469,62.43353271484375,56.102725982666016,31.902692794799805,25.352643966674805,104.43984985351562,76.92002868652344
2021-02-26,33.146820068359375,67.91634368896484,19.80015754699707,29.483211517333984,83.70243835449219,62.76491928100586,55.195865631103516,31.348596572875977,24.883623123168945,103.53878784179688,77.24118041992188
2021-03-01,33.98506546020508,69.65291595458984,20.314180374145508,30.40484046936035,85.84557342529297,64.78682708740234,55.75393295288086,31.38218879699707,25.43365478515625,104.89037322998047,79.0529556274414
2021-03-02,34.17434310913086,69.1404800415039,20.203147888183594,30.295339584350586,85.59615325927734,63.759063720703125,55.65800857543945,31.189090728759766,25.35690689086914,104.58694458007812,78.14228057861328
2021-03-03,33.836341857910156,68.153564453125,20.49922752380371,30.5325984954834,85.68853759765625,62.15499496459961,55.396419525146484,30.802900314331055,25.05843734741211,103.26294708251953,76.30650329589844
2021-03-04,33.178375244140625,68.03020477294922,20.98857879638672,30.18584442138672,84.32135772705078,60.78144836425781,55.195865631103516,30.576229095458984,25.037118911743164,101.87459564208984,74.69122314453125
2021-03-05,33.93999099731445,69.62444305419922,21.774005889892578,30.760719299316406,86.31670379638672,61.92927551269531,56.416629791259766,30.9288330078125,25.446441650390625,103.91575622558594,75.1657485961914
2021-03-08,34.39516830444336,68.6944808959961,21.81512451171875,31.15311050415039,87.22198486328125,60.43086624145508,56.66078186035156,31.079944610595703,25.804601669311523,103.65830993652344,75.25682830810547
2021-03-09,34.60698699951172,69.4631118774414,21.432693481445312,30.870223999023438,86.8617172241211,62.48638153076172,56.608455657958984,31.43255615234375,26.14571189880371,104.26514434814453,78.09912872314453
2021-03-10,35.179344177246094,69.7573013305664,21.975500106811523,31.499855041503906,88.14574432373047,62.236629486083984,57.349639892578125,31.743192672729492,26.324792861938477,104.50421142578125,78.49697875976562
2021-03-11,35.368629455566406,71.07633209228516,21.983726501464844,31.40860366821289,88.21041107177734,63.56695556640625,57.210121154785156,32.21333694458008,26.256572723388672,105.13863372802734,79.70003509521484
2021-03-12,35.4632682800293,70.87705993652344,22.028961181640625,31.727985382080078,89.39282989501953,63.11071014404297,57.68098831176758,32.76742935180664,26.6104679107666,105.36848449707031,79.93490600585938
2021-03-15,35.50382614135742,71.37998962402344,21.778118133544922,31.54547882080078,90.14110565185547,63.7830810546875,57.93385696411133,33.1368408203125,26.951568603515625,106.09484100341797,81.00855255126953
2021-03-16,35.21088409423828,72.12967681884766,21.15717315673828,31.216978073120117,88.85704803466797,64.26332092285156,58.00361633300781,33.1368408203125,26.985681533813477,106.03047943115234,80.1697769165039
2021-03-17,35.52635192871094,72.13916015625,21.321664810180664,31.426849365234375,89.88243865966797,64.21049499511719,57.91641616821289,33.08645248413086,26.546512603759766,105.6443099975586,81.29615783691406
2021-03-18,35.328060150146484,70.94349670410156,20.363527297973633,31.591102600097656,89.79928588867188,62.42874526977539,57.68098831176758,32.87656784057617,26.448444366455078,105.42365264892578,79.3070297241211
2021-03-19,35.15229797363281,71.56029510498047,20.367637634277344,31.22610092163086,89.11571502685547,62.241451263427734,57.88154602050781,32.44001388549805,26.52092742919922,105.80062866210938,79.78153228759766
2021-03-22,35.17402648925781,72.16204071044922,20.172319412231445,30.82374382019043,89.065673828125,63.46530532836914,58.492591857910156,32.79783630371094,26.482698440551758,106.72140502929688,80.30672454833984
2021-03-23,34.440853118896484,71.62969207763672,19.877254486083984,30.392953872680664,87.50896453857422,63.0706672668457,58.73806381225586,32.89958190917969,26.877897262573242,105.64193725585938,79.55301666259766
2021-03-24,34.68976593017578,69.82349395751953,20.375951766967773,30.502941131591797,88.14835357666016,62.30545425415039,58.5101318359375,32.75543975830078,26.886489868164062,105.52196502685547,78.37682342529297
2021-03-25,35.19213104248047,69.48127746582031,20.450754165649414,31.016210556030273,89.55677032470703,62.266944885253906,59.0799674987793,33.03525161743164,27.174291610717773,105.96485900878906,79.0633316040039
2021-03-26,36.06559753417969,68.72077941894531,20.957765579223633,31.50198745727539,91.10420989990234,63.850337982177734,60.12324905395508,33.84079360961914,27.264507293701172,107.96697235107422,79.72103881835938
2021-03-29,35.94339370727539,69.42424774169922,20.708415985107422,31.22701644897461,91.12272644042969,63.518253326416016,60.72814178466797,33.76447296142578,27.556608200073242,108.47439575195312,79.28416442871094
2021-03-30,35.83929443359375,69.42424774169922,20.529712677001953,31.446998596191406,91.52119445800781,62.91666030883789,60.07940673828125,33.620323181152344,27.307456970214844,107.4964370727539,80.06190490722656
2021-03-31,35.66280746459961,69.6999282836914,20.388418197631836,31.208688735961914,91.22467041015625,63.91773223876953,59.88652038574219,33.48466110229492,27.509357452392578,107.70862579345703,80.68599700927734
2021-04-01,35.97507858276367,70.89771270751953,20.907894134521484,31.593647003173828,91.53046417236328,65.20270538330078,59.597206115722656,34.018856048583984,27.483585357666016,107.38571166992188,81.33407592773438
2021-04-05,36.418601989746094,72.39019012451172,20.40919303894043,31.84111213684082,92.6609115600586,66.5502700805664,60.35993194580078,34.19691848754883,27.784278869628906,108.13304901123047,83.18238067626953
2021-04-06,36.500064849853516,72.57080841064453,20.35517120361328,31.776952743530273,92.43852996826172,66.26631927490234,60.61418151855469,34.281707763671875,27.930328369140625,107.71786499023438,83.54241943359375
2021-04-07,35.87098693847656,73.13167572021484,20.425819396972656,31.932758331298828,92.0123062133789,66.61763763427734,60.46512985229492,34.32410430908203,27.895967483520508,107.47796630859375,83.29278564453125
2021-04-08,35.91624069213867,73.14118957519531,20.15984535217285,31.94193458557129,92.23466491699219,67.58018493652344,60.5265007019043,34.154518127441406,27.87448501586914,107.64405059814453,83.68645477294922
2021-04-09,36.228519439697266,73.12217712402344,20.026857376098633,32.21689987182617,93.13348388671875,68.22987365722656,60.421295166015625,34.20539093017578,27.844417572021484,108.82501220703125,84.48336791992188
2021-04-12,36.35523223876953,72.8274917602539,19.868940353393555,32.354373931884766,93.47632598876953,67.90265655517578,60.74568557739258,34.40890121459961,27.87019157409668,108.93573760986328,85.02586364746094
2021-04-13,36.26925277709961,72.92254638671875,19.889720916748047,32.05192947387695,93.02230072021484,68.542724609375,60.421295166015625,34.61240005493164,28.200960159301758,109.38782501220703,85.923583984375
2021-04-14,36.531742095947266,72.17155456542969,20.44244384765625,32.24439239501953,93.14273834228516,67.8160171508789,60.36871337890625,34.400413513183594,28.32553482055664,109.37861633300781,85.07865905761719
2021-04-15,36.96168518066406,73.0936508178711,20.276212692260742,32.21689987182617,93.51338195800781,68.9806900024414,60.85088348388672,35.053314208984375,28.639110565185547,111.25157165527344,85.68836975097656
2021-04-16,37.40974044799805,73.04612731933594,20.114133834838867,32.4460334777832,93.71724700927734,68.96623229980469,61.201560974121094,35.10419845581055,28.87108039855957,112.0819320678711,86.35086059570312
2021-04-19,37.237754821777344,72.63737487792969,20.09335708618164,32.354373931884766,93.32806396484375,68.39354705810547,60.96485137939453,35.21442413330078,28.72503089904785,112.10961151123047,85.38111877441406
2021-04-20,36.880218505859375,72.24758911132812,19.561412811279297,31.749454498291016,92.2995376586914,67.78713989257812,61.29799270629883,35.604469299316406,29.090152740478516,112.54326629638672,84.30574798583984
2021-04-21,37.55003356933594,72.37117767333984,19.810762405395508,32.18939971923828,93.55972290039062,68.47053527832031,61.6048469543457,35.76557922363281,28.845306396484375,113.8718490600586,85.42911529541016
2021-04-22,36.91643524169922,71.83882141113281,19.57803726196289,31.831953048706055,93.087158203125,67.66683959960938,61.148956298828125,35.61295700073242,28.639110565185547,113.36438751220703,84.48336791992188
2021-04-23,37.52287292480469,72.67538452148438,19.75673484802246,32.42770767211914,94.1064224243164,68.677490234375,60.99115753173828,35.81645584106445,28.60045623779297,114.11174011230469,85.36671447753906
2021-04-26,37.7446403503418,72.8274917602539,19.889720916748047,32.556026458740234,93.82843780517578,69.02882385253906,60.30732727050781,35.89276885986328,28.437213897705078,113.7242202758789,85.74116516113281
2021-04-27,37.64506912231445,72.53279113769531,20.130756378173828,32.812660217285156,94.60679626464844,68.86035919189453,60.26350021362305,35.89276885986328,28.218141555786133,113.06915283203125,85.64033508300781
2021-04-28,37.74916076660156,73.1982421875,20.82477378845215,32.94097900390625,94.41221618652344,68.22029113769531,60.30732727050781,35.76557922363281,28.179479598999023,112.72779083251953,85.53950500488281
2021-04-29,37.9845085144043,75.22307586669922,21.05750274658203,33.5275764465332,95.0793685913086,68.16251373291016,60.94731903076172,36.028446197509766,28.437213897705078,112.27568817138672,85.56353759765625
2021-04-30,37.58171081542969,74.19639587402344,20.52556037902832,33.23427963256836,94.44926452636719,67.23365783691406,60.99990463256836,36.26586151123047,28.66059112548828,111.94353485107422,85.894775390625
2021-05-03,38.14291000366211,73.80662536621094,21.09075355529785,33.39925003051758,95.4222183227539,67.04595947265625,61.49964141845703,36.07084274291992,28.656295776367188,113.2167739868164,85.48674011230469
2021-05-04,38.559268951416016,73.14118957519531,21.10321617126465,33.66504669189453,95.83919525146484,65.84280395507812,61.184024810791016,35.850372314453125,28.548900604248047,113.33671569824219,84.59379577636719
2021-05-05,39.04804229736328,72.99860382080078,21.784772872924805,33.94001388549805,95.93183898925781,65.6839599609375,61.14018249511719,35.32466506958008,28.06778907775879,113.53971862792969,84.32975006103516
2021-05-06,39.37843322753906,73.85417175292969,21.896984100341797,34.44412612915039,96.59899139404297,66.34329986572266,61.9292106628418,35.49424362182617,28.282569885253906,113.68731689453125,84.5121841430664
2021-05-07,39.76765060424805,74.41503143310547,22.287628173828125,34.62743377685547,97.6182632446289,66.91122436523438,61.9292106628418,35.92668151855469,28.368492126464844,114.47156524658203,85.27068328857422
2021-05-10,39.59114456176758,72.98910522460938,22.29593276977539,34.59994125366211,97.71092987060547,65.22196197509766,62.402610778808594,36.087799072265625,28.656295776367188,114.61917877197266,83.75364685058594
2021-05-11,39.72238540649414,72.77995300292969,21.722436904907227,33.9858512878418,96.26543426513672,65.0246353149414,61.85905838012695,35.66383361816406,28.304048538208008,113.3828353881836,82.80792999267578
2021-05-12,38.72219467163086,71.35401916503906,21.82632827758789,33.63755798339844,93.95817565917969,63.195796966552734,61.03499221801758,34.7989501953125,27.642518997192383,112.31258392333984,80.00428009033203
2021-05-13,39.3150749206543,71.86734771728516,21.560359954833984,34.1783332824707,95.71873474121094,64.03321075439453,61.894142150878906,35.2398681640625,28.175174713134766,113.32748413085938,80.57076263427734
2021-05-14,39.78574752807617,73.2837905883789,22.22944450378418,34.71909713745117,97.04377746582031,65.4433364868164,62.165916442871094,35.570556640625,28.31264305114746,113.89952850341797,81.96778106689453
2021-05-17,40.13423538208008,72.70391845703125,22.744762420654297,34.78324890136719,96.74727630615234,64.9620590209961,62.078243255615234,35.58751678466797,28.08068084716797,113.68731689453125,81.8189468383789
2021-05-18,39.69070053100586,71.9624252319336,22.216976165771484,34.29747772216797,95.33880615234375,64.4422836303711,61.885379791259766,35.65534591674805,28.076383590698242,113.7242202758789,81.18047332763672
2021-05-19,39.084266662597656,72.07648468017578,21.66425323486328,34.086666107177734,94.80139923095703,64.66849517822266,61.68374252319336,35.51968765258789,28.029130935668945,113.53047180175781,80.49874114990234
2021-05-20,39.10688781738281,73.31230926513672,21.631006240844727,34.10499954223633,95.01451873779297,65.90534973144531,62.25358963012695,35.96061325073242,28.273983001708984,114.72065734863281,81.3244857788086
2021-05-21,39.19287109375,73.06513977050781,21.67671775817871,34.44412612915039,95.4778060913086,65.54441833496094,62.2623405456543,35.90125274658203,28.420040130615234,114.73912048339844,80.91641998291016
2021-05-24,39.54136276245117,74.39602661132812,21.892820358276367,34.609100341796875,96.07083129882812,66.70909118652344,62.44646072387695,36.29129409790039,28.368492126464844,114.8498306274414,81.71813201904297
2021-05-25,39.206443786621094,74.37699127197266,21.448148727416992,34.26081848144531,95.78358459472656,66.72832489013672,62.463993072509766,36.393035888671875,28.024837493896484,114.5084457397461,81.97737121582031
2021-05-26,39.220027923583984,74.86181640625,21.639314651489258,34.36164093017578,96.08935546875,66.7235336303711,62.332489013671875,36.47783660888672,28.029130935668945,113.84416198730469,82.75990295410156
2021-05-27,39.53230667114258,75.14701080322266,21.65594482421875,34.755760192871094,97.40515899658203,66.3721923828125,61.946754455566406,36.43544387817383,27.840120315551758,113.59505462646484,83.09115600585938
2021-05-28,39.491573333740234,74.89985656738281,21.69749641418457,34.819923400878906,97.40515899658203,66.60801696777344,62.078243255615234,36.68134307861328,27.9904727935791,114.03791809082031,82.97593688964844
2021-06-01,40.04372024536133,74.94737243652344,22.53281593322754,35.030723571777344,97.78507995605469,66.28076171875,61.867835998535156,37.308807373046875,27.81864356994629,112.16497039794922,82.81752014160156
2021-06-02,39.70880889892578,74.7192153930664,22.952550888061523,35.08571243286133,97.50708770751953,66.73796081542969,62.09578323364258,37.8260498046875,27.96469497680664,111.94353485107422,82.4334487915039
2021-06-03,39.699764251708984,74.21540832519531,23.014892578125,35.16820526123047,97.2939682006836,66.11713409423828,62.48153305053711,37.74972915649414,28.132226943969727,112.28490447998047,81.45409393310547
2021-06-04,39.78574752807617,75.28009796142578,23.168655395507812,35.25986862182617,97.6090087890625,67.38768005371094,62.70069122314453,37.78364944458008,28.089269638061523,112.64471435546875,82.10700988769531
2021-06-07,39.30149459838867,75.66986083984375,23.06891632080078,35.030723571777344,96.93257904052734,67.37324523925781,62.595497131347656,38.1397819519043,28.14081382751465,113.05070495605469,82.10700988769531
2021-06-08,39.373905181884766,75.45122528076172,23.268402099609375,34.939064025878906,97.18276977539062,67.3780517578125,62.069480895996094,38.343284606933594,27.900259017944336,112.70008850097656,82.76952362060547
2021-06-09,39.066158294677734,75.37516784667969,23.122940063476562,34.609100341796875,96.1912841796875,67.42618560791016,61.77140808105469,38.38568115234375,28.1494083404541,113.78882598876953,82.31343078613281
2021-06-10,38.83081817626953,75.783935546875,23.09385108947754,34.20582580566406,95.71873474121094,67.92189025878906,62.15715026855469,38.77573013305664,28.334117889404297,115.73558044433594,82.70230865478516
2021-06-11,38.97564697265625,75.8694839477539,23.014892578125,34.42580032348633,95.91331481933594,68.32615661621094,62.19221115112305,38.52981948852539,28.3985538482666,114.9144287109375,83.15357208251953
2021-06-14,38.49591064453125,76.3733139038086,22.915151596069336,34.06834030151367,95.4778060913086,69.0191879272461,62.15715026855469,38.75027847290039,28.458696365356445,115.01589965820312,83.17757415771484
2021-06-15,38.41444778442383,75.93601989746094,23.351516723632812,34.13249969482422,95.885498046875,68.59567260742188,62.00812530517578,38.3941535949707,28.544607162475586,115.05282592773438,82.73590087890625
2021-06-16,37.98902893066406,75.2706069946289,23.226839065551758,34.09584045410156,94.97745513916016,68.2250747680664,61.184024810791016,38.0465087890625,28.115039825439453,114.60993957519531,82.77430725097656
2021-06-17,37.1427116394043,75.58430480957031,22.43723487854004,33.08762741088867,93.51338195800781,69.01435852050781,61.403202056884766,38.19065475463867,28.269691467285156,115.4864501953125,83.08635711669922
2021-06-18,36.540794372558594,74.7001953125,21.772302627563477,32.290225982666016,92.2995376586914,68.38390350341797,60.31610870361328,37.588626861572266,27.53512954711914,114.1670913696289,82.64949035644531
2021-06-21,37.29941177368164,75.42493438720703,22.70012664794922,33.04385757446289,94.32966613769531,69.11678314208984,61.00790023803711,38.33536148071289,27.891841888427734,115.5388412475586,83.2865219116211
2021-06-22,37.44942092895508,76.07252502441406,22.85126495361328,33.09906768798828,94.43189239501953,69.74356842041016,61.09613037109375,38.16469192504883,27.72300910949707,115.7889175415039,84.07022094726562
2021-06-23,37.2085075378418,75.99635314941406,22.914236068725586,33.163482666015625,94.21810913085938,69.66644287109375,60.716712951660156,38.04520797729492,27.428640365600586,115.3072738647461,84.71928405761719
2021-06-24,37.326698303222656,76.7105941772461,23.11155891418457,33.57756805419922,94.95243835449219,70.10519409179688,61.016727447509766,37.865989685058594,27.40266227722168,115.90007019042969,85.00774383544922
2021-06-25,37.331233978271484,76.80583190917969,23.233306884765625,33.98244857788086,95.13836669921875,70.02323913574219,61.48438262939453,38.139076232910156,27.697038650512695,116.42801666259766,85.54623413085938
2021-06-28,37.331233978271484,77.67244720458984,22.44822883605957,33.73399353027344,94.63642120361328,70.75613403320312,61.53731155395508,38.15614318847656,27.87452507019043,116.60403442382812,85.5654525756836
2021-06-29,37.313053131103516,77.25343322753906,22.33907127380371,33.61436462402344,94.45049285888672,71.27201843261719,61.2637939453125,38.13053894042969,27.424306869506836,116.73371124267578,85.7770004272461
2021-06-30,37.413047790527344,77.11058807373047,22.616159439086914,33.76158905029297,95.1848373413086,71.19486236572266,61.740264892578125,37.831851959228516,27.372356414794922,116.65958404541016,85.84431457519531
2021-07-01,37.61759567260742,77.68196868896484,23.010801315307617,34.0284538269043,95.86339569091797,71.31541442871094,61.55497741699219,37.98545837402344,27.671056747436523,117.69695281982422,86.32991790771484
2021-07-02,37.672142028808594,78.22481536865234,22.96041488647461,33.991641998291016,96.01211547851562,72.25560760498047,61.70497131347656,38.16469192504883,27.714353561401367,118.82698822021484,87.08956146240234
2021-07-06,37.113059997558594,78.03433227539062,22.213123321533203,33.457950592041016,95.09187316894531,72.53043365478516,61.44907760620117,38.50604248046875,27.831239700317383,118.7158432006836,87.19050598144531
2021-07-07,37.499420166015625,77.9200668334961,21.85207176208496,33.50394058227539,96.04000854492188,72.92581176757812,61.77556610107422,38.70233154296875,28.013050079345703,119.46610260009766,87.14244079589844
2021-07-08,36.99032974243164,77.06295776367188,21.726118087768555,32.832218170166016,94.70146179199219,72.2363052368164,61.546138763427734,38.66819381713867,27.930803298950195,118.80846405029297,86.92607116699219
2021-07-09,37.71760177612305,77.74864196777344,22.18793487548828,33.78001022338867,96.19801330566406,72.90169525146484,61.899105072021484,39.18023681640625,27.96543312072754,119.21603393554688,87.73860931396484
2021-07-12,37.84032440185547,78.3010025024414,22.154348373413086,34.111263275146484,96.32815551757812,72.9595718383789,61.80204391479492,39.5216064453125,28.05634307861328,119.44757080078125,88.33959197998047
2021-07-13,37.494869232177734,78.10101318359375,21.986413955688477,33.743202209472656,95.39860534667969,73.25849914550781,61.78438949584961,39.00955581665039,27.844221115112305,119.33642578125,87.2818603515625
2021-07-14,37.4176025390625,78.04385375976562,21.33148193359375,33.58676528930664,95.38932800292969,73.79849243164062,62.33146667480469,39.35093688964844,28.086645126342773,119.22528076171875,87.12319946289062
2021-07-15,37.42214584350586,77.49149322509766,21.033403396606445,33.69718933105469,95.57523345947266,73.19097900390625,62.587379455566406,39.410667419433594,28.402667999267578,118.80846405029297,86.65201568603516
2021-07-16,36.858516693115234,77.00582122802734,20.437252044677734,33.23708724975586,94.72936248779297,72.46776580810547,62.68441390991211,39.45333480834961,28.68838119506836,119.13264465332031,85.58468627929688
2021-07-19,36.06761932373047,75.83443450927734,19.71514320373535,32.307716369628906,92.74943542480469,71.46968078613281,62.499122619628906,38.8388786315918,28.23383140563965,117.8822250366211,84.60386657714844
2021-07-20,36.476715087890625,76.69154357910156,19.979633331298828,33.1082649230957,95.34284973144531,72.53043365478516,62.51675796508789,39.53867721557617,28.355043411254883,119.31790924072266,86.16643524169922
2021-07-21,36.8766975402832,77.32960510253906,20.67654800415039,33.67877960205078,96.25379943847656,73.22954559326172,62.35792541503906,39.41919708251953,28.043354034423828,119.51239776611328,86.95973205566406
2021-07-22,36.89033508300781,77.59628295898438,20.445648193359375,33.31071472167969,95.90058135986328,73.76956176757812,62.25205993652344,39.137569427490234,28.086645126342773,120.392333984375,87.33474731445312
2021-07-23,37.14942932128906,79.51998138427734,20.37007713317871,33.36591720581055,96.30956268310547,74.50244140625,63.00208282470703,39.496009826660156,28.445959091186523,121.78168487548828,88.11360931396484
2021-07-26,37.46304702758789,79.92948913574219,20.873870849609375,33.55916976928711,96.2630844116211,74.46388244628906,63.10795974731445,39.496009826660156,28.454612731933594,120.9944076538086,88.76749420166016
2021-07-27,37.51305389404297,78.97715759277344,20.680747985839844,33.54995346069336,95.73326873779297,73.75991821289062,63.24031066894531,39.811771392822266,28.94379234313965,121.55937957763672,87.86842346191406
2021-07-28,37.62213897705078,79.5961685180664,20.869670867919922,33.50394058227539,95.51017761230469,73.6683120727539,62.68441390991211,39.57281494140625,28.723012924194336,121.99472045898438,87.58475494384766
2021-07-29,38.0357666015625,78.73907470703125,21.07118797302246,33.87202835083008,96.2630844116211,74.01065063476562,62.99325942993164,39.45333480834961,28.800935745239258,122.29113006591797,88.57037353515625
2021-07-30,38.19031524658203,78.47241973876953,20.735326766967773,33.605167388916016,96.07718658447266,73.96241760253906,63.09916305541992,39.58134841918945,28.55851173400879,122.4022445678711,86.7481918334961
2021-08-02,37.726680755615234,78.29146575927734,20.57999038696289,33.61436462402344,95.41722869873047,73.69725036621094,62.834442138671875,39.598419189453125,28.7792911529541,122.56900024414062,86.99817657470703
2021-08-03,38.117591857910156,77.9391098022461,20.932647705078125,33.991641998291016,96.66278076171875,74.16976928710938,63.11679458618164,39.760562896728516,28.94379234313965,124.27324676513672,87.6424560546875
2021-08-04,37.75395965576172,78.15813446044922,20.365877151489258,33.70639419555664,95.3521499633789,74.31922912597656,62.29617691040039,39.6325569152832,28.900501251220703,123.74531555175781,86.79144287109375
2021-08-05,37.69941711425781,78.87239837646484,20.596782684326172,34.148075103759766,95.7983169555664,74.72904968261719,62.5961799621582,39.94831085205078,29.216524124145508,123.23587036132812,87.62321472167969
2021-08-06,38.24485397338867,78.87239837646484,20.785709381103516,34.83821487426758,96.24449920654297,74.6663818359375,62.5961799621582,39.88003921508789,29.199201583862305,123.13399505615234,87.02704620361328
2021-08-09,38.19941329956055,78.72953796386719,20.4918270111084,34.930240631103516,95.86339569091797,74.42529296875,62.825592041015625,39.700836181640625,29.1905460357666,123.60635375976562,86.90685272216797
2021-08-10,38.77666091918945,78.88194274902344,20.852876663208008,35.298309326171875,96.83940887451172,73.8901138305664,63.27561569213867,39.27412033081055,29.220848083496094,123.31926727294922,87.24819946289062
2021-08-11,39.32211685180664,79.0342788696289,21.01661491394043,35.70319747924805,98.09429168701172,73.8997573852539,63.487388610839844,39.48747634887695,29.493576049804688,122.09661865234375,87.50303649902344
2021-08-12,39.25847625732422,79.1771469116211,20.99561882019043,35.76760482788086,97.90837097167969,74.32403564453125,63.45210647583008,39.624019622802734,29.523880004882812,123.05989074707031,87.54147338867188
2021-08-13,39.29484176635742,79.22476959228516,20.747920989990234,35.50074768066406,97.60163879394531,74.72904968261719,63.98151779174805,39.88858413696289,29.731672286987305,123.82865905761719,87.29147338867188
2021-08-16,39.09939193725586,79.35809326171875,20.365877151489258,35.40873718261719,97.9362564086914,75.06658172607422,64.35211944580078,39.931251525878906,29.91349220275879,125.23651885986328,86.88761138916016
2021-08-17,38.64939498901367,78.70098876953125,20.15596580505371,35.1602783203125,96.8765869140625,74.44457244873047,64.38742065429688,40.008056640625,29.930805206298828,126.7185287475586,84.82504272460938
2021-08-18,38.19941329956055,78.10101318359375,19.736135482788086,34.72780227661133,95.81690979003906,73.41758728027344,63.58445358276367,39.58987808227539,29.77928924560547,124.79192352294922,85.12794494628906
2021-08-19,37.858497619628906,78.11050415039062,19.223949432373047,34.47014236450195,95.14765167236328,74.1360092163086,64.09622192382812,39.92271041870117,29.90050506591797,125.35697937011719,84.58463287353516
2021-08-20,38.08121871948242,78.78668212890625,19.26593017578125,34.68178939819336,95.39860534667969,75.09066772460938,64.2021255493164,40.1104621887207,30.272798538208008,126.0701675415039,85.39718627929688
2021-08-23,38.408485412597656,79.73902130126953,19.988035202026367,34.967041015625,96.17942810058594,76.05979919433594,63.99917984008789,39.956851959228516,29.8831844329834,126.11647033691406,86.4981918334961
2021-08-24,38.64939498901367,79.99615478515625,20.319698333740234,35.178688049316406,96.66278076171875,75.9730224609375,63.51386642456055,39.65816116333008,29.68838119506836,125.671875,87.10875701904297
2021-08-25,38.82666778564453,80.11995697021484,20.475034713745117,35.59276580810547,97.28558349609375,75.92962646484375,63.407958984375,39.615478515625,29.74466323852539,125.32916259765625,87.4453353881836
2021-08-26,38.55849075317383,79.42475891113281,20.16436004638672,35.417938232421875,96.85799407958984,75.45228576660156,63.11679458618164,39.64108657836914,29.67106819152832,124.8382339477539,86.63761138916016
2021-08-27,39.06757354736328,80.68184661865234,20.701740264892578,35.88723373413086,97.52725982666016,76.18035125732422,63.33737564086914,39.96538543701172,29.66240692138672,124.6993408203125,87.42610931396484
2021-08-30,39.026668548583984,81.23419189453125,20.458240509033203,35.38113021850586,97.41573333740234,77.00001525878906,63.619747161865234,40.45183563232422,29.705699920654297,125.40326690673828,88.08477020263672
2021-08-31,38.91303253173828,81.5389404296875,20.319698333740234,35.335121154785156,97.14617156982422,76.5949935913086,63.760921478271484,40.6907958984375,29.67106819152832,125.23651885986328,88.29631805419922
2021-09-01,38.813018798828125,81.9484634399414,20.02161979675293,35.13267517089844,96.77434539794922,76.6142807006836,64.09622192382812,41.39058303833008,30.06067657470703,125.27361297607422,88.29150390625
2021-09-02,39.063026428222656,81.39608001708984,20.529613494873047,35.25231170654297,97.8154296875,76.53231811523438,64.3432846069336,41.58687210083008,30.333406448364258,126.61664581298828,88.28671264648438
2021-09-03,38.80393981933594,81.39608001708984,20.412057876586914,35.03144836425781,97.22051239013672,76.83606719970703,64.26387786865234,41.58687210083008,30.082321166992188,126.75557708740234,88.23382568359375
2021-09-07,38.54939651489258,81.5865478515625,20.290311813354492,34.8198127746582,95.53805541992188,76.8553466796875,63.5226936340332,41.12602615356445,29.684057235717773,126.01460266113281,88.49344635009766
2021-09-08,38.18122482299805,81.16752624511719,20.030014038085938,34.736995697021484,95.6681900024414,76.56123352050781,64.06975555419922,41.3735237121582,30.21652603149414,125.95902252197266,88.59439849853516
2021-09-09,38.194854736328125,80.76753997802734,20.071998596191406,34.83821487426758,95.20343017578125,76.27195739746094,63.69916534423828,40.494510650634766,30.05201530456543,124.50482177734375,88.4790267944336
2021-09-10,38.185768127441406,80.2437515258789,20.0635986328125,34.58057403564453,94.77583312988281,75.51979064941406,63.42560577392578,39.982460021972656,29.632104873657227,123.36553955078125,87.93572998046875
2021-09-13,38.17668533325195,80.44375610351562,20.638769149780273,34.97624588012695,95.02680969238281,75.54389190673828,63.58445358276367,40.204341888427734,29.58015251159668,122.60601806640625,88.1520767211914
2021-09-14,37.75849914550781,79.7485580444336,20.340686798095703,34.50695037841797,93.88346862792969,75.44747161865234,63.29326629638672,40.118995666503906,29.480587005615234,122.58751678466797,87.85879516601562
2021-09-15,38.15849304199219,80.1390151977539,21.100576400756836,34.83821487426758,94.91525268554688,76.10803985595703,63.5226936340332,40.272613525390625,29.441631317138672,123.38407897949219,88.42610931396484
2021-09-16,37.74486541748047,80.06281280517578,20.861276626586914,34.736995697021484,94.26457214355469,76.15141296386719,63.310916900634766,40.34941482543945,29.19487953186035,123.06916046142578,88.83000946044922
2021-09-17,36.96760940551758,79.1771469116211,20.7059383392334,34.58057403564453,93.26067352294922,74.96529388427734,62.966758728027344,39.982460021972656,28.744653701782227,123.18958282470703,88.51747131347656
2021-09-20,36.25724792480469,77.58594512939453,20.07364845275879,33.77838897705078,92.19105529785156,73.5998764038086,62.33816909790039,39.708683013916016,28.69188117980957,121.90408325195312,86.49756622314453
2021-09-21,36.170509338378906,77.26158142089844,20.12038803100586,33.732181549072266,91.70611572265625,73.62884521484375,62.26713943481445,39.71726608276367,28.61336898803711,122.08995819091797,86.6275863647461
2021-09-22,36.544857025146484,77.22341918945312,20.74078369140625,34.295921325683594,92.43350982666016,74.63832092285156,62.4446907043457,40.05197525024414,28.595918655395508,122.2944564819336,87.8072738647461
2021-09-23,37.0653076171875,78.01522064208984,21.46741485595703,35.13691711425781,93.85098266601562,75.63813781738281,62.675559997558594,39.85457992553711,28.443260192871094,123.17749786376953,88.69803619384766
2021-09-24,37.01051712036133,78.65436553955078,21.628887176513672,35.32175064086914,94.04681396484375,75.69125366210938,62.70219039916992,39.39973831176758,28.4127254486084,122.675537109375,89.0302734375
2021-09-27,37.298133850097656,78.64484405517578,22.398008346557617,35.80232238769531,94.14006805419922,74.95710754394531,62.41806411743164,38.74750518798828,28.07686424255371,120.9281234741211,89.50696563720703
2021-09-28,36.8370361328125,76.72735595703125,22.474496841430664,35.21084976196289,93.04899597167969,72.73529815673828,61.68113708496094,38.515804290771484,27.723562240600586,118.85530090332031,87.78318786621094
2021-09-29,36.68638610839844,76.66058349609375,22.474496841430664,35.23857116699219,93.15158081054688,72.64352416992188,62.240501403808594,38.764671325683594,28.085588455200195,119.7940902709961,87.86985778808594
2021-09-30,36.11573028564453,76.42208099365234,22.134552001953125,34.684078216552734,91.23985290527344,72.12188720703125,61.12174606323242,38.14677429199219,27.863140106201172,118.32549285888672,86.40608215332031
2021-10-01,36.69095230102539,77.7099380493164,22.878177642822266,35.25706100463867,92.48944854736328,73.20864868164062,61.28157424926758,38.558712005615234,27.863140106201172,118.35335540771484,87.05610656738281
2021-10-04,36.531166076660156,76.03097534179688,23.25211524963379,34.95207977294922,91.98587799072266,71.51329040527344,61.08625411987305,38.601619720458984,28.246976852416992,116.55013275146484,86.36754608154297
2021-10-05,36.85529708862305,77.16619110107422,23.38808822631836,35.63597106933594,93.01168823242188,72.53243255615234,61.39700698852539,38.30125045776367,28.177186965942383,117.24726104736328,86.71424865722656
2021-10-06,36.78682327270508,77.29974365234375,23.141632080078125,35.67292404174805,93.4220199584961,73.00578308105469,61.99187088012695,38.67028045654297,28.61336898803711,117.03346252441406,86.98870849609375
2021-10-07,37.266170501708984,77.63362884521484,23.320100784301758,35.885501861572266,94.14939880371094,73.67232513427734,62.26713943481445,38.71318435668945,28.46070098876953,118.58574676513672,88.34174346923828
2021-10-08,37.06074142456055,77.25205993652344,24.03822898864746,36.06108474731445,94.14006805419922,73.3969955444336,62.196109771728516,38.29267501831055,28.251338958740234,117.9908676147461,87.9372787475586
2021-10-11,37.0653076171875,76.08821868896484,23.948999404907227,35.700653076171875,93.38470458984375,72.99127960205078,62.178340911865234,38.34416198730469,27.867502212524414,117.07064819335938,87.58094787597656
2021-10-12,37.11552429199219,75.38227081298828,23.970239639282227,35.58974838256836,93.07697296142578,72.61453247070312,62.20498275756836,38.859073638916016,28.055057525634766,116.503662109375,88.27430725097656
2021-10-13,37.394004821777344,75.73524475097656,23.948999404907227,35.386444091796875,93.27281951904297,73.05889129638672,62.32040786743164,39.082210540771484,28.382190704345703,116.68956756591797,88.7076644897461
2021-10-14,38.302490234375,76.8036880493164,24.24219512939453,35.9779052734375,95.03530883789062,74.7059326171875,63.0218391418457,39.63144302368164,28.73114013671875,118.36265563964844,89.63697052001953
2021-10-15,38.416622161865234,76.6224136352539,24.361181259155273,36.51392364501953,95.94917297363281,75.30485534667969,62.870872497558594,39.64860534667969,28.648263931274414,118.9482650756836,91.00926971435547
2021-10-18,38.389225006103516,77.21388244628906,24.378173828125,36.52317810058594,96.01445770263672,75.94242858886719,62.497982025146484,39.71726608276367,28.373470306396484,118.13957977294922,92.1215591430664
2021-10-19,38.590091705322266,77.95796966552734,24.654380798339844,36.88359451293945,96.58332061767578,76.6958999633789,62.52460479736328,39.897491455078125,28.73114013671875,119.69185638427734,91.86152648925781
2021-10-20,38.900535583496094,78.11060333251953,24.854097366333008,37.17932891845703,97.18946075439453,76.48338317871094,62.88865661621094,40.506813049316406,29.184764862060547,121.40213775634766,91.79412078857422
2021-10-21,38.80009460449219,78.33956909179688,24.395170211791992,37.022216796875,97.38530731201172,76.77801513671875,62.80873107910156,40.63554382324219,29.184764862060547,121.89478302001953,93.14234924316406
2021-10-22,38.72705841064453,76.67964935302734,24.6246337890625,37.539756774902344,97.73037719726562,76.51237487792969,63.29706573486328,40.927330017089844,29.33306312561035,122.38739776611328,92.81011199951172
2021-10-25,39.11509704589844,77.0135726928711,24.985822677612305,37.493553161621094,97.95417022705078,76.76353454589844,63.25267791748047,41.047481536865234,29.206567764282227,122.5361328125,95.11168670654297
2021-10-26,39.22465896606445,76.32670593261719,25.13030242919922,37.52126693725586,97.3480224609375,76.98088836669922,63.47464370727539,41.23627471923828,29.363597869873047,123.14029693603516,95.12614440917969
2021-10-27,38.66314697265625,76.11683654785156,24.407922744750977,36.90208435058594,96.2103042602539,76.91326141357422,63.101741790771484,40.9359016418457,29.16731834411621,122.16429138183594,95.33800506591797
2021-10-28,39.04661560058594,76.3648681640625,24.58214569091797,37.354923248291016,97.41327667236328,77.68607330322266,63.323707580566406,41.53664016723633,29.359233856201172,123.18677520751953,96.60436248779297
2021-10-29,38.85944366455078,76.60334777832031,24.420669555664062,37.20704650878906,97.4412612915039,78.0193099975586,63.26156997680664,41.03889465332031,29.184764862060547,124.38581085205078,96.85472869873047
2021-11-01,38.950748443603516,76.72735595703125,24.841346740722656,37.22553634643555,97.7116928100586,77.90342712402344,63.359222412109375,41.133296966552734,29.289445877075195,124.23711395263672,98.63147735595703
2021-11-02,39.39358901977539,76.7369155883789,24.607635498046875,37.31795120239258,98.0380859375,78.58927154541016,63.7854118347168,41.51948547363281,29.31561851501465,125.01789855957031,97.96700286865234
2021-11-03,39.8044548034668,77.0135726928711,24.403667449951172,37.456581115722656,97.8236083984375,79.04812622070312,64.38030242919922,41.7597770690918,29.206567764282227,125.75218963623047,99.72933197021484
2021-11-04,39.781620025634766,77.31883239746094,24.437664031982422,36.96676254272461,98.21527862548828,80.28461456298828,64.44244384765625,41.28776550292969,29.045183181762695,124.88774108886719,101.07272338867188
2021-11-05,40.09206771850586,77.93891906738281,24.756362915039062,36.985260009765625,99.21310424804688,80.69999694824219,64.81535339355469,41.382171630859375,29.319976806640625,123.4935073852539,101.72274780273438
2021-11-08,40.5942497253418,77.59547424316406,24.9815731048584,37.188568115234375,99.62342834472656,81.13468933105469,64.30038452148438,41.37358474731445,28.883798599243164,124.22782897949219,100.28307342529297
2021-11-09,40.78142166137695,77.40467071533203,25.08355712890625,36.985260009765625,99.87517547607422,80.80142211914062,64.52235412597656,41.52805709838867,29.03209686279297,123.77235412597656,98.42927551269531
2021-11-10,40.5029411315918,76.52702331542969,24.420669555664062,36.920562744140625,99.3156967163086,79.46834564208984,64.71768951416016,41.32209014892578,29.26763916015625,124.12556457519531,98.06332397460938
2021-11-11,40.82707214355469,76.3743896484375,24.51415252685547,37.022216796875,98.90534973144531,79.84026336669922,64.67327880859375,41.33926010131836,29.08880043029785,123.76306915283203,97.79847717285156
2021-11-12,41.1329460144043,77.49053192138672,24.454660415649414,37.10540008544922,99.6886978149414,80.81108093261719,64.67327880859375,41.35641860961914,29.071352005004883,124.37650299072266,98.12590789794922
2021-11-15,40.94577407836914,77.7099380493164,24.658626556396484,37.10540008544922,99.87517547607422,80.72895812988281,64.98405456542969,41.588134765625,29.455196380615234,123.60504150390625,98.04405975341797
2021-11-16,40.831642150878906,77.12804412841797,24.696870803833008,37.06843185424805,99.89384460449219,81.57904815673828,64.57562255859375,41.33067321777344,29.31561851501465,124.12556457519531,99.5896987915039
2021-11-17,40.562294006347656,76.83230590820312,24.318681716918945,36.64331817626953,99.2970199584961,81.33273315429688,64.43355560302734,41.60530471801758,29.34178352355957,124.3021469116211,100.22526550292969
2021-11-18,40.3888053894043,76.27899169921875,24.17420768737793,36.45847702026367,99.09187316894531,82.14418029785156,64.20271301269531,41.59672164916992,29.189117431640625,124.34864044189453,101.36162567138672
2021-11-19,40.31576156616211,76.02143096923828,23.230867385864258,36.06108474731445,98.59761810302734,82.74311065673828,63.971885681152344,41.37358474731445,29.354875564575195,123.59575653076172,101.79979705810547
2021-11-22,40.379676818847656,75.0960922241211,23.643047332763672,36.56938171386719,98.86805725097656,81.82054901123047,64.47795867919922,41.16762161254883,29.533706665039062,123.03804016113281,101.54459381103516
2021-11-23,40.4207649230957,74.89574432373047,24.369678497314453,37.142372131347656,99.03588104248047,81.6321792602539,64.90412902832031,41.60530471801758,29.564237594604492,123.1681900024414,100.8078842163086
2021-11-24,40.13315200805664,75.00070190429688,24.607635498046875,37.05918502807617,98.92401123046875,82.22628784179688,64.70880889892578,42.16312789916992,29.581689834594727,123.1217041015625,101.01493835449219
2021-11-26,39.44379425048828,73.62698364257812,23.617555618286133,35.830047607421875,96.24759674072266,80.17353820800781,63.8919677734375,41.02173614501953,29.11933708190918,122.666259765625,98.2607421875
2021-11-29,39.626407623291016,74.256591796875,23.75353240966797,35.94093704223633,96.41546630859375,82.17797088623047,64.05177307128906,41.53664016723633,29.551156997680664,123.0008773803711,99.78712463378906
2021-11-30,38.6448860168457,71.90030670166016,23.19687271118164,35.08146286010742,93.97219848632812,81.49211883544922,62.40919494628906,40.66986846923828,28.687515258789062,120.58416748046875,98.43888092041016
2021-12-01,38.25227355957031,70.24039459228516,22.950408935546875,34.69331741333008,92.66665649414062,80.37639617919922,62.1073112487793,40.13778305053711,28.739856719970703,120.37039947509766,96.66213989257812
2021-12-02,39.032928466796875,71.42333221435547,23.617555618286133,35.7283821105957,95.41764068603516,81.11538696289062,62.764347076416016,41.23627471923828,29.106252670288086,120.95597839355469,98.03924560546875
2021-12-03,38.9461784362793,71.26115417480469,23.430580139160156,35.14615249633789,95.30574798583984,79.75814819335938,63.545677185058594,41.03030776977539,29.398488998413086,121.17904663085938,96.13248443603516
2021-12-06,39.51683807373047,72.43452453613281,23.779024124145508,35.68217086791992,96.91902923583984,80.51644134521484,64.66441345214844,41.622467041015625,29.847759246826172,121.86688995361328,97.23028564453125
2021-12-07,40.11945724487305,73.17862701416016,24.335681915283203,36.319854736328125,97.90752410888672,83.3275375366211,64.80647277832031,42.36051940917969,30.07021141052246,123.437744140625,99.49820709228516
2021-12-08,40.28837203979492,73.71282958984375,24.33143424987793,36.12578201293945,98.14999389648438,83.70911407470703,64.60225677490234,42.54072952270508,30.039682388305664,124.36724090576172,99.74858093261719
2021-12-09,40.06467819213867,73.13092803955078,24.14446449279785,36.051841735839844,97.84226989746094,82.80590057373047,64.77983093261719,42.000064849853516,30.00041961669922,124.6554183959961,98.01998901367188
2021-12-10,40.31119155883789,73.16907501220703,24.32293701171875,36.08880615234375,98.24324035644531,84.4674072265625,65.87194061279297,42.214622497558594,30.16180419921875,125.09226989746094,98.7037353515625
2021-12-13,40.06923294067383,72.78749084472656,23.64729881286621,35.700653076171875,97.22677612304688,83.21160125732422,66.7331771850586,42.781028747558594,30.532562255859375,126.27268981933594,96.16136932373047
2021-12-14,40.028160095214844,72.59668731689453,23.549562454223633,35.913211822509766,96.30357360839844,81.84469604492188,66.77754211425781,42.30902099609375,30.349361419677734,125.7614974975586,95.60283660888672
2021-12-15,40.11490249633789,73.35986328125,23.434837341308594,36.0148811340332,97.14285278320312,84.01341247558594,67.45236206054688,42.93549728393555,30.846599578857422,128.3362274169922,96.81623077392578
2021-12-16,40.52576446533203,73.25494384765625,23.58356285095215,36.46772384643555,97.18946075439453,81.6321792602539,67.93184661865234,43.09856414794922,31.00363540649414,129.098388671875,94.67833709716797
2021-12-17,40.01902389526367,72.95921325683594,23.10338592529297,35.663692474365234,95.5295639038086,81.08638763427734,66.76870727539062,42.952674865722656,30.536916732788086,128.19679260253906,94.03311920166016
2021-12-20,39.30415344238281,72.44969940185547,22.817153930664062,34.9709587097168,93.99909973144531,80.1219482421875,66.7883529663086,42.671363830566406,30.565929412841797,127.42044067382812,92.51507568359375
2021-12-21,39.7996940612793,73.82623291015625,23.467103958129883,35.69525909423828,95.8712158203125,82.1495590209961,66.69895935058594,42.91372299194336,30.521970748901367,127.95232391357422,94.91175079345703
2021-12-22,40.116294860839844,74.00787353515625,23.617753982543945,35.862403869628906,96.14266967773438,83.22386932373047,67.119140625,43.337833404541016,30.653858184814453,129.44522094726562,96.64292907714844
2021-12-23,40.52006912231445,74.66746520996094,23.63066864013672,36.04813003540039,97.27532196044922,83.68840789794922,67.27108764648438,43.2079963684082,30.649457931518555,129.9770965576172,97.98353576660156
2021-12-27,41.130332946777344,75.39395904541016,24.147184371948242,36.4195671081543,98.30498504638672,85.48374938964844,67.98628234863281,44.09085464477539,30.798925399780273,131.3487091064453,98.93830871582031
2021-12-28,41.36893081665039,75.35572052001953,24.129972457885742,36.43814468383789,98.80108642578125,85.0385513305664,68.37069702148438,44.28127670288086,31.075881958007812,131.00347900390625,98.98172760009766
2021-12-29,41.538692474365234,74.98291015625,23.975013732910156,36.3917121887207,98.97894287109375,85.11112976074219,68.68356323242188,44.549598693847656,31.242929458618164,131.74990844726562,99.17945861816406
2021-12-30,41.391868591308594,75.29834747314453,23.82866668701172,36.32671356201172,98.62323760986328,84.54979705810547,68.4690170288086,44.74867248535156,31.357229232788086,132.02052307128906,98.82259368896484
2021-12-31,41.57539367675781,74.25640869140625,23.888925552368164,36.26170349121094,99.04444885253906,84.13844299316406,68.93389129638672,44.8438835144043,31.467134475708008,131.46066284179688,98.58631896972656
2022-01-03,41.03397750854492,74.7726058959961,24.629270553588867,36.707435607910156,98.2301025390625,84.9369125366211,68.92494201660156,44.42842102050781,31.155014038085938,130.10769653320312,101.41697692871094
2022-01-04,41.538692474365234,74.61009979248047,25.481525421142578,37.67318344116211,100.2051773071289,84.03682708740234,69.3897933959961,44.255313873291016,31.05829429626465,128.39088439941406,100.79972076416016
2022-01-05,41.53410720825195,72.7364730834961,25.477218627929688,37.236732482910156,99.25039672851562,81.45272827148438,69.32721710205078,42.81850814819336,31.040712356567383,127.47644805908203,98.07996368408203
2022-01-06,41.011024475097656,73.06149291992188,26.04538345336914,37.78460693359375,99.70906829833984,81.0414047241211,69.13948059082031,42.870445251464844,30.719791412353516,126.0021743774414,97.82438659667969
2022-01-07,40.97432327270508,73.07106018066406,26.402645111083984,38.23032760620117,99.68098449707031,80.2961654663086,69.21099090576172,42.64540100097656,30.952795028686523,125.35836029052734,96.19445037841797
2022-01-10,40.5567741394043,72.61222076416016,26.320863723754883,38.1003303527832,98.5577163696289,80.31067657470703,68.6656723022461,42.39439010620117,30.750568389892578,126.64601135253906,95.60614776611328
2022-01-11,41.001853942871094,73.52034759521484,27.216157913208008,38.43461990356445,99.14742279052734,81.27367401123047,68.58523559570312,42.32514953613281,30.473615646362305,127.65369415283203,96.52718353271484
2022-01-12,41.414817810058594,73.61593627929688,27.26780891418457,38.46248245239258,99.4656982421875,81.65597534179688,68.61205291748047,42.43766784667969,30.570329666137695,127.28987884521484,97.16373443603516
2022-01-13,41.093624114990234,72.85118865966797,27.130075454711914,38.313907623291016,99.68098449707031,79.54125213623047,68.73719787597656,42.29051971435547,30.719791412353516,125.31172943115234,95.2107162475586
2022-01-14,40.74489974975586,73.18578338623047,27.76711082458496,37.914608001708984,99.08189392089844,80.21390533447266,68.86235046386719,41.79716110229492,30.508787155151367,125.09712219238281,94.76705169677734
2022-01-18,40.20806121826172,72.29676055908203,27.879018783569336,37.0695915222168,97.93990325927734,78.28790283203125,67.87005615234375,41.511539459228516,30.14391326904297,123.34291076660156,92.97320556640625
2022-01-19,40.10710906982422,72.17247009277344,27.67672348022461,36.44742965698242,96.84471130371094,77.19426727294922,68.29917907714844,40.974891662597656,30.280189514160156,122.83907318115234,91.29502868652344
2022-01-20,39.52438735961914,71.45552825927734,27.42276382446289,36.21527862548828,95.60911560058594,76.19740295410156,67.85218811035156,40.61136245727539,30.319753646850586,122.03662872314453,89.63136291503906
2022-01-21,38.560829162597656,69.03704071044922,26.88041877746582,35.4724006652832,94.7292251586914,74.68275451660156,67.90581512451172,40.58539962768555,30.262601852416992,120.80497741699219,87.00322723388672
2022-01-24,38.583770751953125,69.5436782836914,27.061203002929688,35.57454299926758,95.27214050292969,75.06986999511719,67.68232727050781,40.67195510864258,29.972463607788086,120.40374755859375,88.04966735839844
2022-01-25,38.23505401611328,68.1193618774414,28.111454010009766,35.72312545776367,94.3360824584961,73.33262634277344,66.931396484375,40.55942916870117,29.502077102661133,119.62931060791016,86.55957794189453
2022-01-26,37.83585739135742,67.12518310546875,28.064105987548828,35.81598663330078,93.5123519897461,73.7632827758789,66.42182159423828,39.88431167602539,29.260295867919922,119.00416564941406,86.14005279541016
2022-01-27,37.96433639526367,67.20166778564453,28.369714736938477,35.49097442626953,92.67925262451172,73.25518798828125,66.86881256103516,39.16590881347656,29.51966667175293,119.31206512451172,84.05198669433594
2022-01-28,38.18458557128906,69.1230697631836,28.249191284179688,35.95527648925781,93.32513427734375,76.4587173461914,67.65550994873047,40.52481460571289,29.875749588012695,121.74736785888672,85.88447570800781
2022-01-31,38.74894714355469,70.6907958984375,28.374019622802734,36.270992279052734,94.29864501953125,78.37985229492188,67.91476440429688,40.974891662597656,30.442838668823242,122.44718170166016,89.1877212524414
2022-02-01,39.3454475402832,71.3025894165039,29.385526657104492,36.77243423461914,95.59976196289062,78.5831069946289,67.85218811035156,40.69792175292969,30.038400650024414,122.7737808227539,89.72781372070312
2022-02-02,39.469329833984375,72.7269287109375,29.480228424072266,37.02315902709961,96.26436614990234,79.22186279296875,68.6656723022461,41.39902114868164,30.48241424560547,124.42530059814453,89.19253540039062
2022-02-03,38.78107833862305,67.86124420166016,29.200441360473633,36.61457824707031,94.7292251586914,76.92327880859375,68.68356323242188,40.974891662597656,30.346128463745117,123.89344787597656,86.46315002441406
2022-02-04,38.13869857788086,68.03330993652344,29.656707763671875,37.236732482910156,93.70891571044922,77.23299407958984,67.84323120117188,40.41229248046875,30.10434913635254,123.44557189941406,88.9224853515625
2022-02-07,37.950565338134766,66.84798431396484,30.035484313964844,37.34817123413086,93.7838134765625,76.72002410888672,67.96839141845703,40.42095184326172,30.06038475036621,123.23097229003906,88.73924255371094
2022-02-08,38.53789520263672,66.81929016113281,29.38983154296875,37.86817932128906,94.7198715209961,77.66851043701172,68.22765350341797,40.05741500854492,30.082368850708008,124.23868560791016,89.98822021484375
2022-02-09,39.3775634765625,68.70245361328125,29.635181427001953,38.109622955322266,96.02098846435547,79.39124298095703,68.24552917480469,41.026832580566406,30.214248657226562,125.19971466064453,91.17930603027344
2022-02-10,39.14814758300781,67.71784973144531,29.450096130371094,37.77532196044922,94.44841003417969,77.31523895263672,67.51246643066406,39.858341217041016,29.4493350982666,123.24029541015625,89.60725402832031
2022-02-11,38.5424690246582,66.25529479980469,30.306655883789062,37.24602127075195,93.00688934326172,74.95372772216797,67.27108764648438,39.313045501708984,29.46691131591797,121.53276824951172,87.03216552734375
2022-02-14,38.22587585449219,66.26486206054688,29.592138290405273,36.828147888183594,92.66053009033203,74.92955017089844,67.0833511352539,38.888938903808594,29.21633529663086,120.29179382324219,87.52886199951172
2022-02-15,38.92790222167969,67.19210815429688,29.2822322845459,37.3296012878418,94.05525970458984,76.89908599853516,67.1995849609375,39.079349517822266,29.080059051513672,121.64473724365234,89.48670196533203
2022-02-16,39.21238708496094,66.72370910644531,29.518966674804688,37.35744857788086,94.55138397216797,76.8216552734375,67.32473754882812,39.183223724365234,29.145999908447266,121.83135223388672,89.74227142333984
2022-02-17,38.5424690246582,64.94566345214844,29.471620559692383,36.42885208129883,92.8196792602539,74.52303314208984,67.84323120117188,38.84566116333008,29.16358184814453,119.87191772460938,87.34078216552734
2022-02-18,38.47823715209961,64.43904113769531,29.29083824157715,36.4195671081543,92.0521011352539,73.76815032958984,67.96839141845703,38.672550201416016,29.110830307006836,118.97615051269531,86.80070495605469
2022-02-22,37.93221664428711,63.779422760009766,28.81735610961914,36.233856201171875,91.1628189086914,73.08580780029297,67.4409408569336,38.568687438964844,29.080059051513672,118.67755126953125,84.26901245117188
2022-02-23,37.44585418701172,62.70880889892578,29.114356994628906,35.60240936279297,89.48729705810547,71.2566146850586,66.89562225341797,38.06666946411133,28.587697982788086,118.08041381835938,81.45281982421875
2022-02-24,37.33572769165039,64.46770477294922,28.88623046875,35.17524719238281,90.62928771972656,73.6906967163086,65.74241638183594,38.72447204589844,28.816295623779297,118.55625915527344,83.31420135498047
2022-02-25,38.69847106933594,65.50965118408203,29.64809226989746,36.30813217163086,92.79158020019531,74.6924057006836,67.86111450195312,39.69389343261719,29.70870018005371,122.18592834472656,84.96341705322266
2022-02-28,38.25799560546875,65.43319702148438,30.379825592041016,35.769554138183594,93.50299072265625,74.55693817138672,66.95822143554688,39.010108947753906,29.862560272216797,121.26219177246094,85.56136322021484
2022-03-01,37.377017974853516,64.61109924316406,30.68543243408203,34.45094680786133,92.10826110839844,73.06647491455078,66.56486511230469,38.932212829589844,29.603193283081055,120.59039306640625,84.26419067382812
2022-03-02,38.19834518432617,65.16554260253906,31.387039184570312,35.342403411865234,94.07398986816406,74.64888000488281,67.27108764648438,39.6246452331543,29.963665008544922,122.40985107421875,86.03395080566406
2022-03-03,38.24423599243164,64.4867935180664,31.473119735717773,35.23096466064453,94.17694091796875,73.75846099853516,67.8164291381836,40.05741500854492,30.491201400756836,123.03504180908203,84.08576202392578
2022-03-04,38.111167907714844,63.55957794189453,32.381324768066406,34.57166290283203,93.97100830078125,72.46637725830078,67.82534790039062,40.394989013671875,31.16379737854004,123.65084838867188,82.75
2022-03-07,36.789710998535156,61.44697570800781,32.85911178588867,33.30876541137695,91.45301818847656,69.8145523071289,66.59169006347656,39.659263610839844,31.568239212036133,121.49544525146484,78.6944808959961
2022-03-08,36.601585388183594,61.294036865234375,33.37562561035156,33.11376190185547,90.89137268066406,69.475830078125,64.7947998046875,39.30439376831055,31.080280303955078,119.01348114013672,78.85843658447266
2022-03-09,37.73492431640625,63.129417419433594,32.355506896972656,34.33022689819336,92.53885650634766,72.2244644165039,65.23284912109375,39.96220016479492,30.860464096069336,121.26219177246094,81.39495086669922
2022-03-10,37.83585739135742,62.661006927490234,33.34549331665039,34.0423583984375,92.41712951660156,70.96142578125,64.61602020263672,40.10070037841797,31.067089080810547,121.21554565429688,81.9736328125
2022-03-11,37.55596923828125,61.53301239013672,33.07863235473633,33.800926208496094,91.67766571044922,69.71292114257812,63.865081787109375,39.70254135131836,30.961584091186523,120.3104476928711,80.39674377441406
2022-03-14,37.50092315673828,60.81607437133789,32.08864212036133,34.22808074951172,91.98656463623047,68.42086791992188,64.20479583740234,39.4601936340332,30.92641258239746,121.15955352783203,79.0561294555664
2022-03-15,37.93221664428711,61.982295989990234,30.91356658935547,34.71095275878906,93.44681549072266,70.7194595336914,65.64407348632812,39.77178955078125,31.32206153869629,123.57622528076172,81.70355987548828
2022-03-16,38.52871322631836,63.69340515136719,30.771514892578125,35.685977935791016,94.68242645263672,73.01807403564453,65.71559143066406,40.213218688964844,31.26491355895996,125.0597915649414,84.49083709716797
2022-03-17,39.26744079589844,64.38167572021484,31.83037757873535,36.131710052490234,95.89930725097656,73.53585052490234,66.17152404785156,40.78446960449219,31.396791458129883,127.03787994384766,85.89893341064453
2022-03-18,39.50603485107422,65.22289276123047,31.80024528503418,36.21527862548828,96.26436614990234,75.04084014892578,66.32350158691406,40.87968063354492,31.12862777709961,127.82169342041016,87.70729064941406
2022-03-21,39.83442306518555,64.61241149902344,33.08216094970703,36.17985916137695,96.48131561279297,74.89830780029297,66.40879821777344,40.669898986816406,31.33662223815918,127.72434997558594,86.97268676757812
2022-03-22,40.050880432128906,65.8199691772461,32.83882522583008,36.76716232299805,97.00725555419922,75.9745864868164,66.90271759033203,40.696014404296875,31.38088607788086,127.75240325927734,89.13155364990234
2022-03-23,39.866661071777344,64.9190902709961,33.40373992919922,36.086631774902344,96.07747650146484,74.80619812011719,66.36389923095703,40.23464584350586,31.42513656616211,125.45923614501953,88.02555084228516
2022-03-24,40.66804885864258,65.98286437988281,33.486289978027344,36.3756217956543,96.81002807617188,76.7502670288086,66.83087158203125,40.54802703857422,31.748193740844727,126.95682525634766,88.71137237548828
2022-03-25,41.12400817871094,66.29911041259766,34.22068405151367,36.841739654541016,97.41110229492188,76.70665740966797,67.38764190673828,41.02680587768555,32.20843505859375,127.54650115966797,88.55681610107422
2022-03-28,40.93978500366211,66.50996398925781,33.373321533203125,36.73918914794922,97.43925476074219,77.61810302734375,67.666015625,41.54910659790039,32.41643142700195,128.47311401367188,90.91854095458984
2022-03-29,41.28520584106445,67.6695785522461,33.28640365600586,36.823089599609375,98.34087371826172,79.26644897460938,68.26770782470703,42.7678108215332,32.71737289428711,129.23129272460938,92.50265502929688
2022-03-30,41.14704132080078,67.19038391113281,33.67314529418945,36.56206512451172,98.2281723022461,78.2095718383789,68.31261444091797,42.53276443481445,32.98732376098633,129.48397827148438,91.09722137451172
2022-03-31,40.59897232055664,65.915771484375,33.216888427734375,35.72306442260742,96.71611785888672,77.05084991455078,68.15097045898438,42.06269836425781,32.95191955566406,128.22042846679688,89.34889221191406
2022-04-01,41.02729415893555,66.40454864501953,33.486289978027344,35.629844665527344,95.96476745605469,76.82299041748047,68.83345794677734,42.898380279541016,33.412166595458984,129.23129272460938,89.45996856689453
2022-04-04,41.0365104675293,68.23499298095703,33.52975845336914,35.47135925292969,95.84268188476562,78.28228759765625,68.6179428100586,42.7678108215332,33.15548324584961,128.1549072265625,91.46910858154297
2022-04-05,40.709510803222656,67.36290740966797,33.00395202636719,35.24761962890625,94.48088836669922,76.63392639160156,68.68081665039062,42.80262756347656,33.36348342895508,128.42628479003906,89.32474517822266
2022-04-06,40.23972702026367,66.10746765136719,33.199493408203125,35.005245208740234,93.74830627441406,74.82074737548828,69.5518798828125,43.43809509277344,34.02730178833008,130.3825225830078,87.04513549804688
2022-04-07,40.50224685668945,65.53243255615234,33.6340446472168,34.967952728271484,94.06764221191406,74.93708801269531,70.39603424072266,43.08118438720703,33.94321823120117,132.89096069335938,87.48947143554688
2022-04-08,40.750953674316406,65.24492645263672,34.55962371826172,35.322200775146484,93.54169464111328,73.88990020751953,70.6923828125,43.237876892089844,34.05828094482422,133.6865692138672,86.68291473388672
2022-04-11,40.548309326171875,64.40157318115234,33.52106857299805,35.16372299194336,93.24116516113281,72.02823638916016,70.40499114990234,42.64594268798828,33.59360885620117,131.02835083007812,85.07461547851562
2022-04-12,40.55751419067383,63.87448501586914,34.07728576660156,34.78151321411133,93.09091186523438,71.708251953125,70.42296600341797,42.51536178588867,33.72193908691406,129.75543212890625,85.26297760009766
2022-04-13,41.156246185302734,64.81368255615234,34.5857048034668,34.78151321411133,93.9643325805664,72.86209869384766,70.81807708740234,42.6894645690918,33.65557098388672,130.39187622070312,87.38319396972656
2022-04-14,41.01808547973633,63.7115592956543,34.698692321777344,34.38996887207031,93.86100769042969,71.09254455566406,70.8001480102539,42.44571304321289,33.67325973510742,129.7647705078125,86.16129302978516
2022-04-18,41.05492401123047,63.500736236572266,35.20711135864258,34.595069885253906,93.53230285644531,71.32525634765625,70.21642303466797,42.341251373291016,33.491825103759766,128.33273315429688,86.42210388183594
2022-04-19,41.44180679321289,64.7657470703125,34.920310974121094,35.07049560546875,95.23220825195312,72.66333770751953,71.28506469726562,43.22917556762695,33.70867156982422,129.55886840820312,88.9287109375
2022-04-20,41.70432662963867,61.957767486572266,35.055015563964844,35.3128776550293,95.74874877929688,72.59545135498047,72.35371398925781,44.047447204589844,33.98305130004883,131.2998046875,87.78407287597656
2022-04-21,41.02268981933594,60.19438934326172,33.94257736206055,34.753543853759766,94.77203369140625,71.3640365600586,72.29084777832031,43.76018142700195,33.42101287841797,129.84901428222656,86.9340591430664
2022-04-22,39.48899841308594,58.76643753051758,33.11259078979492,33.7187614440918,92.44287872314453,69.36661529541016,71.15933990478516,42.97672653198242,32.858978271484375,125.1129379272461,84.9152603149414
2022-04-25,39.37846755981445,59.57145309448242,32.017513275146484,33.77470016479492,92.44287872314453,70.4089584350586,71.47364807128906,42.776512145996094,32.633277893066406,125.9553451538086,85.52862548828125
2022-04-26,38.770511627197266,57.61641311645508,32.060977935791016,32.926368713378906,90.42363739013672,67.78614807128906,70.36910247802734,42.10622024536133,32.30580139160156,123.73704528808594,81.20122528076172
2022-04-27,39.34161376953125,56.332210540771484,32.53028869628906,32.89840316772461,90.76173400878906,68.78968811035156,70.62950897216797,41.85377502441406,32.150917053222656,123.46562194824219,81.21088409423828
2022-04-28,39.963375091552734,58.584354400634766,33.51670455932617,33.31790542602539,91.78545379638672,71.54340362548828,71.67121124267578,42.619815826416016,32.50937271118164,125.16910552978516,82.87712860107422
2022-04-29,39.161991119384766,56.60055923461914,32.65631103515625,32.171268463134766,89.35298919677734,68.56182861328125,69.7225112915039,40.56543731689453,31.53577995300293,121.94931030273438,78.66565704345703
2022-05-02,39.0422477722168,58.16267776489258,33.177764892578125,32.180580139160156,89.54080200195312,69.60420227050781,68.80653381347656,39.51211929321289,31.212709426879883,121.191162109375,79.81511688232422
2022-05-03,39.47978591918945,58.31601333618164,34.107696533203125,32.60009002685547,90.13249969482422,69.72537231445312,68.60896301269531,39.99089431762695,31.33220863342285,121.57492065429688,79.6170883178711
2022-05-04,40.760162353515625,60.318973541259766,35.52432632446289,33.59757614135742,92.74340057373047,72.1736831665039,70.153564453125,40.46097946166992,32.03142547607422,124.27056121826172,81.95465850830078
2022-05-05,39.49821090698242,58.0955810546875,34.98982620239258,32.61873245239258,90.3203353881836,68.70243835449219,68.82450103759766,39.42507553100586,31.703935623168945,121.85572814941406,77.36163330078125
2022-05-06,38.93170928955078,56.897640228271484,36.032745361328125,32.38567352294922,89.70985412597656,68.1497573852539,68.89633178710938,39.0246467590332,31.956186294555664,121.47198486328125,76.38121795654297
2022-05-09,37.701995849609375,55.42177963256836,33.0517463684082,31.611927032470703,87.5403823852539,65.51238250732422,68.86940002441406,37.20530319213867,31.71721076965332,118.32707214355469,73.12602233886719
2022-05-10,37.46711349487305,55.67094802856445,33.35158920288086,31.332260131835938,86.96747589111328,66.51107788085938,68.3934326171875,36.37831115722656,31.33220863342285,118.74825286865234,72.90869140625
2022-05-11,37.48553466796875,54.664669036865234,33.79916763305664,31.043264389038086,86.17857360839844,64.41185760498047,68.09708404541016,36.32608413696289,31.557899475097656,117.96202850341797,70.29584503173828
2022-05-12,37.416439056396484,55.258846282958984,33.94257736206055,30.810205459594727,86.3382339477539,63.74766540527344,68.07913208007812,36.59593963623047,31.239267349243164,119.10391998291016,70.77881622314453
2022-05-13,37.99216079711914,56.552635192871094,35.10280990600586,31.257680892944336,87.43706512451172,65.86628723144531,69.10287475585938,37.50997543334961,31.611005783081055,120.36751556396484,73.56551361083984
2022-05-16,37.92306900024414,56.188453674316406,36.02840805053711,30.996658325195312,87.31497192382812,65.28453063964844,69.41718292236328,37.20530319213867,31.708372116088867,121.25670623779297,71.9765625
2022-05-17,38.996192932128906,57.41515350341797,36.44557571411133,31.82633399963379,89.29663848876953,67.17528533935547,68.94123840332031,37.60572052001953,32.035850524902344,122.92274475097656,73.79251098632812
2022-05-18,37.78490447998047,55.53677749633789,35.51129913330078,30.950042724609375,85.97196197509766,64.10159301757812,64.50499725341797,36.508888244628906,31.72606658935547,119.74977111816406,68.96768951416016
2022-05-19,38.05203628540039,55.460121154785156,35.38092041015625,30.744951248168945,85.20182037353516,63.39861297607422,63.35552978515625,36.43925476074219,31.65968894958496,120.01185607910156,69.01598358154297
2022-05-20,37.959922790527344,55.603858947753906,35.533016204833984,30.68901252746582,84.28144073486328,63.53920364379883,63.4902229309082,36.86579513549805,31.748193740844727,121.47198486328125,67.8133773803711
2022-05-23,38.655372619628906,56.4376220703125,36.47164535522461,31.686500549316406,85.66203308105469,64.99847412109375,64.80136108398438,37.34457778930664,32.128787994384766,122.53900146484375,68.32051086425781
2022-05-24,38.434303283691406,54.434661865234375,36.61069869995117,31.621253967285156,85.6150894165039,64.03370666503906,65.86100006103516,37.77983093261719,32.770469665527344,122.90404510498047,66.56251525878906
2022-05-25,38.60470962524414,55.163021087646484,37.36681365966797,31.872949600219727,86.11283874511719,64.78031921386719,65.87895965576172,37.98875045776367,32.74834060668945,122.8666000366211,68.44124603271484
2022-05-26,39.31398010253906,56.50471878051758,37.77962875366211,32.609413146972656,87.85969543457031,66.33656311035156,66.57942962646484,37.945220947265625,32.841278076171875,123.39075469970703,71.79785919189453
2022-05-27,40.23511505126953,57.71225357055664,38.4705696105957,33.159427642822266,89.66291046142578,68.58124542236328,67.35174560546875,39.01594543457031,33.354637145996094,125.44053649902344,74.26099395751953
2022-05-31,39.62256622314453,57.673919677734375,37.892616271972656,33.06620788574219,88.93972778320312,68.09158325195312,66.87578582763672,38.49363708496094,32.89439010620117,123.76513671875,74.63771057128906
2022-06-01,39.226470947265625,57.01264572143555,38.50967788696289,32.53483963012695,88.39501953125,67.88795471191406,66.00469207763672,38.07579040527344,32.841278076171875,121.98675537109375,73.8601303100586
2022-06-02,40.308799743652344,58.40225601196289,38.387996673583984,32.982303619384766,90.08552551269531,69.53146362304688,66.965576171875,38.650325775146484,33.062557220458984,122.95081329345703,76.12041473388672
2022-06-03,39.91732406616211,57.137237548828125,38.89642333984375,32.506866455078125,89.738037109375,67.86854553222656,66.29205322265625,38.162845611572266,32.903236389160156,121.50941467285156,73.8939437866211
2022-06-06,40.29499053955078,57.424747467041016,38.852970123291016,32.60009002685547,90.11370086669922,67.8734130859375,66.31900024414062,38.0496826171875,33.049278259277344,121.52811431884766,74.63288879394531
2022-06-07,40.585147857666016,57.836830139160156,40.01321029663086,32.85179138183594,91.32525634765625,68.68301391601562,66.66922760009766,38.49363708496094,33.24842071533203,123.10994720458984,74.44935607910156
2022-06-08,39.74231719970703,57.68349838256836,40.10012435913086,32.27379608154297,89.67231750488281,67.9073486328125,65.8520278930664,37.57090377807617,32.597877502441406,122.13653564453125,74.00985717773438
2022-06-09,38.80275344848633,55.91054153442383,39.21364212036133,31.4627628326416,87.90665435791016,66.09416961669922,64.86422729492188,36.7091064453125,31.814571380615234,119.3753662109375,72.6720199584961
2022-06-10,37.61448669433594,54.34842300415039,38.54878616333008,30.3254451751709,85.31453704833984,63.55374526977539,64.5858154296875,35.83860397338867,31.571176528930664,117.45658874511719,69.77423858642578
2022-06-13,36.14528274536133,51.78002166748047,36.536827087402344,29.42118263244629,82.7506103515625,60.73700714111328,63.193885803222656,34.11500549316406,30.1196231842041,113.89986419677734,66.55284881591797
2022-06-14,35.86894226074219,51.636268615722656,36.60635757446289,29.169483184814453,82.54398345947266,61.12001037597656,62.44852828979492,33.87126541137695,29.35845184326172,112.8141098022461,66.49971771240234
2022-06-15,35.859737396240234,52.795875549316406,35.798095703125,29.49576187133789,83.34227752685547,62.40959930419922,62.51138687133789,34.64601516723633,29.548742294311523,113.95601654052734,68.36880493164062
2022-06-16,34.56554412841797,50.86958312988281,33.78179168701172,28.749977111816406,80.56230163574219,59.86919403076172,62.035430908203125,33.81903839111328,28.977863311767578,112.28060913085938,65.02185821533203
2022-06-17,34.50566482543945,51.59792709350586,31.934965133666992,28.833879470825195,80.35568237304688,60.41702651977539,61.81093215942383,34.019248962402344,28.707908630371094,112.21510314941406,65.73180389404297
2022-06-21,35.02739334106445,51.962989807128906,33.58938217163086,29.409318923950195,81.82158660888672,61.95447540283203,63.46031951904297,34.6528205871582,29.25436782836914,115.23603057861328,67.61199188232422
2022-06-22,34.577545166015625,52.0494499206543,32.2447509765625,29.34371566772461,81.36881256103516,61.69199752807617,63.415069580078125,35.214420318603516,29.562164306640625,116.83393096923828,67.48127746582031
2022-06-23,34.10451889038086,52.69309616088867,31.04952621459961,29.23124885559082,80.95375061035156,62.615516662597656,64.64554595947266,35.90764236450195,30.258058547973633,119.45634460449219,68.54141998291016
2022-06-24,35.45867156982422,54.70092010498047,31.458175659179688,30.30903434753418,83.78363800048828,64.86602783203125,65.91224670410156,36.68864059448242,30.784442901611328,121.43961334228516,71.15546417236328
2022-06-27,35.16652297973633,54.18215560913086,32.38097381591797,30.20594024658203,83.58555603027344,64.42857360839844,65.73127746582031,36.5570182800293,31.034250259399414,121.8907699584961,70.40998840332031
2022-06-28,34.79087448120117,52.60663604736328,33.25541687011719,29.906038284301758,82.61395263671875,62.49886703491211,64.85366821289062,36.056827545166016,30.91826629638672,119.76653289794922,67.59747314453125
2022-06-29,34.54045486450195,52.769954681396484,32.0997428894043,29.73733901977539,82.13287353515625,62.62525177001953,65.26081085205078,35.828670501708984,30.940574645996094,120.80984497070312,67.5442123413086
2022-06-30,34.1323356628418,52.135902404785156,31.42303466796875,29.474925994873047,82.3875503540039,61.78920364379883,65.3060302734375,35.85499954223633,31.284061431884766,120.53727722167969,66.55184173583984
2022-07-01,34.373497009277344,52.664283752441406,31.893207550048828,29.877918243408203,83.1044692993164,61.930171966552734,66.24699401855469,36.495582580566406,32.05133056640625,121.8907699584961,67.77658081054688
2022-07-05,33.6825065612793,53.884334564208984,30.627685546875,29.774831771850586,81.85929870605469,62.707881927490234,65.82176971435547,36.346397399902344,30.95841407775879,121.18582916259766,69.29175567626953
2022-07-06,33.89582824707031,53.89395523071289,30.10477638244629,29.699853897094727,82.33094024658203,63.24742126464844,66.01174926757812,36.3200798034668,31.279598236083984,122.00357818603516,69.06423950195312
2022-07-07,34.197261810302734,54.73934555053711,31.190143585205078,30.130966186523438,83.30255889892578,64.55493927001953,66.0750961303711,36.346397399902344,31.248374938964844,122.5205307006836,70.84566497802734
2022-07-08,33.86335754394531,54.4799690246582,31.176950454711914,30.06536293029785,82.92525482177734,64.58409881591797,65.95747375488281,36.17967987060547,31.145774841308594,122.88711547851562,70.8553466796875
2022-07-11,33.7706184387207,52.827598571777344,30.878145217895508,29.82168960571289,82.36870574951172,63.69460678100586,65.86701202392578,36.17967987060547,31.342056274414062,122.57694244384766,68.91414642333984
2022-07-12,33.705692291259766,52.79877853393555,30.276142120361328,29.63425064086914,82.114013671875,62.82453155517578,65.67698669433594,35.95152282714844,31.190380096435547,121.01664733886719,68.49785614013672
2022-07-13,33.51091003417969,52.55860900878906,30.22780418395996,29.371829986572266,81.11408996582031,62.659271240234375,65.72223663330078,35.75846862792969,31.06102180480957,119.84172821044922,69.05940246582031
2022-07-14,32.89411544799805,51.895748138427734,29.656553268432617,28.809513092041016,80.65190124511719,63.23283004760742,65.7765121459961,35.407474517822266,31.06102180480957,119.49394989013672,69.00129699707031
2022-07-15,33.40888977050781,53.231082916259766,30.13991928100586,29.784196853637695,81.9159164428711,64.34593963623047,65.99368286132812,35.97785186767578,31.119016647338867,122.3795394897461,70.11469268798828
2022-07-18,33.48772430419922,52.962093353271484,30.82981300354004,29.67173957824707,81.42542266845703,63.7237663269043,65.35128784179688,35.62684631347656,30.686304092407227,119.79473114013672,70.31802368164062
2022-07-19,34.50798797607422,54.84502029418945,31.778966903686523,30.562074661254883,84.33075714111328,65.66804504394531,66.03889465332031,36.60966491699219,30.882579803466797,121.8343734741211,72.4721908569336
2022-07-20,34.56827926635742,55.748050689697266,32.0865592956543,30.674537658691406,84.98162078857422,66.69365692138672,65.59557342529297,36.42538070678711,30.472185134887695,120.63126373291016,73.66304016113281
2022-07-21,35.05985641479492,55.719234466552734,31.52409553527832,30.87135124206543,85.59476470947266,67.63175964355469,65.79460906982422,36.80270767211914,30.552478790283203,122.53933715820312,75.3476333618164
2022-07-22,34.80942153930664,53.78827667236328,31.26483726501465,30.693286895751953,85.32123565673828,66.69852447509766,66.22889709472656,37.08351135253906,30.9718017578125,122.03176879882812,74.91197204589844
2022-07-25,34.953189849853516,53.60574722290039,32.41173553466797,30.890094757080078,85.7268295288086,66.27564239501953,66.55462646484375,37.109832763671875,31.35989761352539,122.67091369628906,74.26811981201172
2022-07-26,34.7166748046875,52.529788970947266,32.11731719970703,30.458982467651367,85.26461791992188,65.201416015625,66.40081024169922,37.18003463745117,31.547250747680664,123.30067443847656,71.87675476074219
2022-07-27,35.134063720703125,54.74895095825195,32.84236145019531,30.92758560180664,86.58524322509766,68.00603485107422,66.85317993164062,37.381866455078125,31.574018478393555,124.07142639160156,74.59732055664062
2022-07-28,35.75548553466797,54.124507904052734,33.02691650390625,31.152515411376953,88.3963623046875,69.04137420654297,67.92080688476562,38.759552001953125,32.70707321166992,124.86099243164062,75.88011932373047
2022-07-29,36.233154296875,54.15332794189453,34.459442138671875,31.59299659729004,90.21692657470703,70.10101318359375,67.39605712890625,38.908729553222656,32.98810958862305,124.44740295410156,78.82337188720703
2022-08-01,35.94099044799805,54.076473236083984,33.7475700378418,31.330581665039062,90.3112564086914,69.9503173828125,68.23750305175781,38.55772018432617,33.02379608154297,123.52627563476562,79.21546936035156
2022-08-02,35.574623107910156,53.99001693725586,33.66847229003906,30.983816146850586,89.35853576660156,69.45452117919922,67.69462585449219,38.048770904541016,32.956878662109375,123.08451080322266,78.67330169677734
2022-08-03,35.61172103881836,55.28693389892578,32.701744079589844,31.452421188354492,90.19806671142578,71.30159759521484,68.13795471191406,38.206722259521484,33.162086486816406,124.21239471435547,80.59026336669922
2022-08-04,35.63490676879883,55.527103424072266,31.48895263671875,31.34932518005371,90.5282211303711,71.62725830078125,67.68558502197266,38.24182891845703,33.233463287353516,123.60147094726562,80.9194564819336
2022-08-05,35.76012420654297,54.84502029418945,32.11293029785156,31.574251174926758,90.66971588134766,71.46200561523438,67.53177642822266,38.36467361450195,33.113006591796875,123.55448150634766,79.53980255126953
2022-08-08,35.959537506103516,55.162052154541016,32.279903411865234,31.55550765991211,90.64140319824219,70.85442352294922,67.4955825805664,38.645469665527344,33.162086486816406,123.84583282470703,79.89803314208984
2022-08-09,35.783302307128906,54.62406921386719,32.846763610839844,31.714832305908203,90.3112564086914,70.14474487304688,67.39605712890625,38.952606201171875,33.5323371887207,123.46985626220703,78.6249008178711
2022-08-10,36.79893112182617,56.16114807128906,33.08404541015625,32.427101135253906,92.29217529296875,72.05986022949219,67.8936767578125,39.47911071777344,33.679542541503906,124.8139877319336,80.84199523925781
2022-08-11,36.92414474487305,56.21878433227539,34.22214126586914,32.81135559082031,92.78269958496094,71.77793884277344,67.7308120727539,39.294830322265625,33.67508316040039,124.0056381225586,80.43052673339844
2022-08-12,37.619781494140625,57.2178840637207,34.48141098022461,33.32681655883789,94.17877197265625,73.20697784423828,68.31891632080078,39.96175003051758,34.223777770996094,125.59413146972656,82.25068664550781
2022-08-15,37.596588134765625,57.41962814331055,33.8090934753418,33.31744384765625,94.40516662597656,73.66876220703125,68.99749755859375,40.13724899291992,34.50926971435547,126.22388458251953,82.8170394897461
2022-08-16,37.80528259277344,57.534912109375,33.72999572753906,33.56111526489258,94.82965087890625,73.46947479248047,69.77559661865234,39.97929000854492,34.60740661621094,125.8855209350586,83.73197174072266
2022-08-17,37.2858772277832,56.42052459716797,34.011226654052734,33.392425537109375,94.07500457763672,72.94451141357422,69.5765151977539,39.86521911621094,34.549415588378906,125.1523208618164,82.83157348632812
2022-08-18,37.40182113647461,56.334068298339844,34.92522430419922,33.42989730834961,94.45231628417969,73.32363891601562,69.81177520751953,39.59318161010742,34.67877960205078,124.5978012084961,82.80738830566406
2022-08-19,36.71546173095703,55.42142868041992,34.91643524169922,32.76449203491211,93.23548126220703,71.99182891845703,69.5855941772461,39.207088470458984,34.66093826293945,124.93616485595703,81.09856414794922
2022-08-22,36.131134033203125,53.836307525634766,34.850521087646484,32.04285430908203,91.46207427978516,69.98434448242188,68.87986755371094,38.3910026550293,34.18808364868164,123.30067443847656,78.84757232666016
2022-08-23,36.48821258544922,53.37518310546875,36.10725784301758,31.911649703979492,91.63186645507812,69.79965209960938,68.58130645751953,37.81184768676758,33.98287582397461,121.58059692382812,79.07024383544922
2022-08-24,36.56705093383789,53.69220733642578,36.55107879638672,32.0803337097168,91.93372344970703,69.8433837890625,68.7531967163086,38.11020278930664,34.089942932128906,121.73099517822266,79.40909576416016
2022-08-25,37.39717483520508,54.73934555053711,36.83231735229492,32.57705307006836,93.33922576904297,71.0245361328125,69.06986999511719,38.698123931884766,34.29960250854492,123.07511138916016,80.35791015625
2022-08-26,36.251705169677734,52.99091339111328,36.40167999267578,31.60236167907715,90.10372161865234,67.99146270751953,67.35985565185547,37.71531295776367,33.77322006225586,119.64434051513672,77.2984848022461
2022-08-29,35.99664306640625,52.57781982421875,36.950950622558594,31.377429962158203,89.69811248779297,67.09223175048828,67.25129699707031,37.3906364440918,33.875823974609375,118.80780792236328,76.88703155517578
2022-08-30,35.40766143798828,52.116695404052734,35.6985969543457,31.2087459564209,88.40577697753906,66.39228057861328,66.55462646484375,36.8553581237793,33.38067626953125,118.01824188232422,76.03020477294922
2022-08-31,34.971744537353516,52.24159240722656,35.37342834472656,30.974443435668945,87.66059112548828,65.74581146240234,66.14746856689453,36.72373580932617,33.162086486816406,117.26629638671875,75.27987670898438
2022-09-01,34.51262664794922,52.721927642822266,34.50337600708008,31.068164825439453,87.7832260131836,65.42500305175781,66.51841735839844,36.8553581237793,33.639404296875,119.19315338134766,75.9672622680664
2022-09-02,34.480167388916016,51.72282791137695,35.13614273071289,30.824491500854492,86.93425750732422,64.57439422607422,65.64984893798828,36.22356033325195,33.27806091308594,117.48248291015625,75.27018737792969
2022-09-06,34.373497009277344,51.07916259765625,34.810977935791016,30.7495174407959,87.07574462890625,64.14663696289062,65.27888488769531,36.600887298583984,33.36281967163086,117.59526824951172,75.11526489257812
2022-09-07,35.32419204711914,52.10709762573242,34.406707763671875,31.358692169189453,88.47183990478516,65.1722640991211,66.455078125,37.30289077758789,34.40665817260742,119.51274871826172,77.41950225830078
2022-09-08,35.66737365722656,51.982208251953125,34.55611038208008,31.911649703979492,88.73594665527344,65.39582824707031,66.28318786621094,37.4081916809082,34.379905700683594,121.59001922607422,78.14080047607422
2022-09-09,36.205326080322266,53.43282699584961,35.41737747192383,32.20217514038086,89.88677215576172,66.68880462646484,66.93462371826172,37.76797103881836,34.51817321777344,122.66155242919922,79.62210083007812
2022-09-12,36.54387283325195,53.71140670776367,36.067718505859375,32.4645881652832,90.42445373535156,67.75813293457031,67.19699096679688,38.08387756347656,34.848289489746094,123.479248046875,80.64836120605469
2022-09-13,35.2407112121582,50.76213455200195,35.158119201660156,31.255603790283203,87.01914978027344,64.16121673583984,64.95318603515625,36.635986328125,33.92042922973633,119.39997100830078,76.49008178710938
2022-09-14,34.80942153930664,50.848602294921875,36.15121078491211,31.161884307861328,86.849365234375,64.39454650878906,64.92604064941406,36.188453674316406,34.196998596191406,119.46574401855469,77.47276306152344
2022-09-15,34.35031509399414,50.627647399902344,35.219642639160156,31.264976501464844,85.94379425048828,62.91201400756836,64.38318634033203,35.39869689941406,33.3449821472168,120.13311004638672,77.07582092285156
2022-09-16,33.807716369628906,50.08966827392578,34.468223571777344,30.983816146850586,84.15153503417969,62.56205749511719,64.5369873046875,35.407474517822266,33.2200813293457,119.79473114013672,76.45619201660156
2022-09-19,34.36736297607422,50.37849044799805,34.4886589050293,31.335233688354492,85.29364013671875,63.07223129272461,64.96591186523438,35.34017562866211,33.665138244628906,119.14926147460938,77.53794860839844
2022-09-20,33.71443176269531,49.598690032958984,34.24878692626953,30.87358856201172,84.2320785522461,62.701900482177734,64.61074829101562,34.41040802001953,33.17561340332031,117.75260162353516,76.22335815429688
2022-09-21,32.977561950683594,48.38568115234375,33.746822357177734,30.232938766479492,83.1136703491211,61.72248840332031,64.36487579345703,33.905662536621094,32.72201156616211,115.7991714477539,74.41877746582031
2022-09-22,32.581146240234375,48.21239471435547,33.626888275146484,29.72418785095215,81.86256408691406,61.09391403198242,64.2738037109375,33.58689498901367,32.60524368286133,116.4125747680664,72.7015380859375
2022-09-23,31.914216995239258,47.278568267822266,31.308101654052734,29.25312614440918,80.32709503173828,60.2947883605957,63.18102264404297,33.17070388793945,32.227996826171875,115.81805419921875,71.02796173095703
2022-09-26,31.396543502807617,46.508399963378906,30.539608001708984,28.791479110717773,79.4835433959961,59.875736236572266,63.226558685302734,32.2763557434082,31.451032638549805,114.71393585205078,70.86787414550781
2022-09-27,31.46649742126465,46.25809097290039,30.881649017333984,28.66900634765625,79.21817016601562,59.95370101928711,62.133785247802734,31.851308822631836,30.92109489440918,114.36478424072266,71.09101867675781
2022-09-28,32.27798843383789,47.836936950683594,32.24982452392578,29.234281539916992,80.9621353149414,60.58715057373047,62.88051223754883,32.45345687866211,31.253433227539062,116.86553955078125,73.01199340820312
2022-09-29,31.802289962768555,46.672054290771484,32.24982452392578,28.866851806640625,79.55937194824219,59.008399963378906,61.84237289428711,31.55024528503418,30.00042724609375,115.88410949707031,70.48949432373047
2022-09-30,31.718341827392578,46.104061126708984,31.9921817779541,28.603055953979492,78.51678466796875,57.877933502197266,60.767791748046875,31.886734008789062,29.421072006225586,114.2892837524414,69.10213470458984
2022-10-03,32.74903869628906,47.39409255981445,33.80012130737305,29.375598907470703,80.88630676269531,59.671085357666016,61.81505584716797,32.48001480102539,30.283357620239258,116.6390380859375,69.17003631591797
2022-10-04,33.952301025390625,48.84777069091797,35.25270462036133,30.46847152709961,83.7013168334961,61.67376708984375,62.753021240234375,32.99360275268555,30.925582885742188,119.347412109375,71.58582305908203
2022-10-05,33.56986618041992,48.472320556640625,35.98120880126953,30.232938766479492,83.2463607788086,61.878421783447266,62.388755798339844,32.38261795043945,30.23845100402832,119.7437744140625,71.16377258300781
2022-10-06,33.215415954589844,48.21239471435547,36.62088394165039,29.80898094177246,82.2890853881836,61.37166213989258,61.47810363769531,31.320011138916016,29.241424560546875,118.21501159667969,70.65926361083984
2022-10-07,32.394588470458984,46.91273498535156,36.336585998535156,29.102380752563477,80.7157211303711,58.84759521484375,60.558345794677734,30.57619857788086,28.635129928588867,115.7142562866211,68.22894287109375
2022-10-10,32.46455001831055,46.7875862121582,35.590301513671875,28.970487594604492,81.00005340576172,57.858436584472656,60.77690887451172,30.23085594177246,28.684532165527344,114.98762512207031,67.8069076538086
2022-10-11,32.212703704833984,45.911521911621094,35.306007385253906,28.603055953979492,80.9811019897461,56.97160339355469,61.27776336669922,30.51421546936035,28.581239700317383,115.60102081298828,67.25389099121094
2022-10-12,31.970186233520508,45.853763580322266,35.590301513671875,28.537105560302734,80.34606170654297,56.79618835449219,61.605594635009766,30.106891632080078,27.629127502441406,115.0348129272461,67.42852783203125
2022-10-13,32.90760803222656,46.96086502075195,37.04288101196289,29.714767456054688,82.11846160888672,58.560115814208984,62.62553024291992,30.673606872558594,28.32075309753418,117.71485900878906,68.16588592529297
2022-10-14,31.797632217407227,46.190704345703125,35.661380767822266,29.215438842773438,80.31761932373047,56.913143157958984,61.49632263183594,29.903223037719727,27.91206932067871,116.92215728759766,65.61911010742188
2022-10-17,32.59046936035156,47.46146774291992,36.105594635009766,29.95030403137207,82.07107543945312,58.6478271484375,62.16109848022461,31.01895523071289,28.495908737182617,118.80010223388672,68.28229522705078
2022-10-18,33.229408264160156,47.81768035888672,36.42098617553711,30.430784225463867,84.05200958251953,59.144832611083984,62.971580505371094,31.4262752532959,29.01687240600586,119.4606704711914,69.22339630126953
2022-10-19,32.837646484375,47.85619354248047,37.4959831237793,29.931459426879883,83.45489501953125,58.97428512573242,62.68016815185547,30.63818359375,28.639623641967773,117.79036712646484,68.4472427368164
2022-10-20,32.599796295166016,47.971717834472656,37.531517028808594,29.450971603393555,81.81517791748047,59.008399963378906,61.805946350097656,30.487653732299805,27.91655921936035,116.79005432128906,67.12291717529297
2022-10-21,33.72843933105469,48.279781341552734,38.615394592285156,30.327152252197266,84.06148529052734,60.58715057373047,62.753021240234375,30.700166702270508,28.433029174804688,119.4134750366211,69.07784271240234
2022-10-24,33.53254699707031,48.61672592163086,38.79751968383789,30.732269287109375,85.17989349365234,61.425254821777344,63.88222122192383,30.682464599609375,28.67105484008789,121.71607208251953,69.36407470703125
2022-10-25,34.36269760131836,49.90675354003906,38.837493896484375,31.099687576293945,86.3267593383789,62.59957504272461,64.72003173828125,31.89558982849121,29.24591827392578,122.6408920288086,71.10072326660156
2022-10-26,34.60521697998047,48.327911376953125,39.36610794067383,31.17506980895996,86.63006591796875,61.20598602294922,65.14804077148438,31.833602905273438,29.232446670532227,123.99978637695312,70.52831268310547
2022-10-27,34.51660919189453,46.036678314208984,39.508270263671875,31.429445266723633,87.64421844482422,60.509193420410156,65.20268249511719,31.851308822631836,29.465980529785156,123.3486328125,70.25665283203125
2022-10-28,34.861724853515625,47.20154571533203,39.64596939086914,32.21140670776367,89.68201446533203,63.14044952392578,66.63239288330078,32.60398864746094,30.274377822875977,125.37754821777344,70.3197021484375
2022-10-31,34.549259185791016,46.41212463378906,39.9791259765625,32.01356506347656,89.42610168457031,62.307212829589844,66.24081420898438,32.5242919921875,29.99143409729004,125.27375793457031,69.8685531616211
2022-11-01,34.63786697387695,46.11369705200195,40.365596771240234,32.09835433959961,89.34080505371094,61.78583526611328,66.03135681152344,32.47116470336914,30.10820770263672,125.34923553466797,69.16033172607422
2022-11-02,33.737754821777344,44.81403350830078,39.392757415771484,31.693235397338867,87.7674331665039,59.65159606933594,64.88396453857422,31.621084213256836,29.816282272338867,123.21653747558594,66.54563903808594
2022-11-03,33.994258880615234,43.716548919677734,40.12127685546875,31.37291717529297,88.68682098388672,57.897422790527344,64.66539764404297,31.603374481201172,29.946523666381836,122.6974868774414,66.14786529541016
2022-11-04,35.174198150634766,44.01499557495117,40.60990524291992,31.947616577148438,90.10852813720703,58.954795837402344,65.43033599853516,32.046119689941406,30.130664825439453,123.44300079345703,66.70087432861328
2022-11-07,35.449363708496094,44.804412841796875,41.30732345581055,32.26793670654297,91.07527923583984,59.9390869140625,66.0131607055664,32.037269592285156,29.555803298950195,124.76417541503906,66.23519897460938
2022-11-08,36.06031799316406,44.852535247802734,41.34729766845703,32.45636749267578,91.87145233154297,60.514060974121094,66.20438385009766,32.232078552246094,29.762392044067383,125.38700103759766,66.07026672363281
2022-11-09,35.47735595703125,44.24604034423828,39.32612991333008,31.909929275512695,90.5919189453125,58.940185546875,65.4849853515625,31.877878189086914,29.528858184814453,124.03753662109375,64.05225372314453
2022-11-10,37.4407958984375,46.92236328125,40.201236724853516,33.52097702026367,94.39263916015625,63.78364944458008,67.02396392822266,34.321842193603516,30.92109489440918,127.18940734863281,68.73343658447266
2022-11-11,37.893184661865234,48.15462875366211,41.369510650634766,33.794189453125,94.33576965332031,64.8751220703125,66.95111846923828,34.304141998291016,30.57527732849121,125.63233184814453,70.38275909423828
2022-11-14,37.84188461303711,47.96207809448242,41.3561897277832,33.3137092590332,93.75760650634766,64.31964111328125,66.42295837402344,33.39207077026367,30.211496353149414,125.74562072753906,69.26704406738281
2022-11-15,37.78591537475586,48.67449188232422,41.79151916503906,33.38907241821289,94.40210723876953,65.09928131103516,66.97846984863281,33.808258056640625,30.543846130371094,125.58516693115234,70.2129898071289
2022-11-16,37.41748046875,48.19314193725586,40.93862533569336,33.228912353515625,93.71966552734375,64.20758056640625,67.3062744140625,33.56917953491211,30.817790985107422,125.52853393554688,69.14093780517578
2022-11-17,37.058372497558594,47.82731246948242,41.027462005615234,33.04990768432617,93.5585708618164,64.2904052734375,67.2880630493164,33.26810836791992,30.278865814208984,125.47190856933594,68.30171203613281
2022-11-18,37.3055419921875,47.682899475097656,40.70319366455078,33.323123931884766,94.25048065185547,64.36347961425781,68.00749206542969,33.693153381347656,30.92109489440918,126.99125671386719,68.39388275146484
2022-11-21,37.43147277832031,47.28819274902344,40.15236282348633,33.4267578125,94.55376434326172,63.671573638916016,68.65404510498047,33.93223571777344,31.060314178466797,127.0478744506836,67.40428924560547
2022-11-22,38.2802734375,47.990962982177734,41.40948486328125,33.765926361083984,95.2835693359375,64.90436553955078,69.1548843383789,34.10047912597656,31.325288772583008,128.15199279785156,68.16588592529297
2022-11-23,38.42951965332031,48.59747314453125,40.96083068847656,33.90724563598633,95.64376068115234,65.47935485839844,69.39166259765625,34.15361022949219,31.675594329833984,128.66156005859375,69.15061950683594
2022-11-25,38.415531158447266,48.327911376953125,40.8098030090332,34.02029800415039,96.0134048461914,65.09928131103516,69.43721771240234,34.357269287109375,31.859731674194336,129.4259490966797,69.18944549560547
2022-11-28,37.557395935058594,47.557743072509766,39.69038772583008,33.436180114746094,94.26942443847656,63.7056770324707,69.1731185913086,33.39207077026367,31.531879425048828,128.45396423339844,68.7625503540039
2022-11-29,37.683319091796875,47.577003479003906,40.29006576538086,33.634037017822266,94.84757995605469,63.08198547363281,68.90902709960938,33.94994354248047,31.29833984375,128.1331024169922,68.54425811767578
2022-11-30,38.59275436401367,49.58906936645508,40.489967346191406,34.20872116088867,96.41148376464844,66.24922943115234,70.29322814941406,34.746891021728516,32.07979202270508,131.1906280517578,70.90667724609375
2022-12-01,38.63938522338867,49.877872467041016,40.3567008972168,34.01087951660156,96.43990325927734,66.3418197631836,69.9744873046875,34.676048278808594,32.05284881591797,131.5680694580078,70.89697265625
2022-12-02,39.06378936767578,50.003021240234375,40.11682891845703,33.8507194519043,96.98963165283203,65.95687103271484,70.29322814941406,34.507808685302734,31.900135040283203,131.9078369140625,70.80481719970703
2022-12-05,38.28960037231445,49.21359634399414,38.92634201049805,33.01222610473633,95.36888885498047,64.86050415039062,69.4098892211914,33.92337417602539,31.720500946044922,130.643310546875,68.7625503540039
2022-12-06,37.949153900146484,47.798431396484375,37.900203704833984,32.72016143798828,94.24098205566406,63.47178268432617,68.98187255859375,33.666587829589844,31.91811180114746,129.6524200439453,67.69048309326172
2022-12-07,37.865196228027344,47.557743072509766,37.81137466430664,32.58826446533203,94.11779022216797,63.15019607543945,69.27330017089844,33.737422943115234,31.7698974609375,130.71878051757812,67.28300476074219
2022-12-08,38.1450309753418,47.46146774291992,37.64255905151367,32.616519927978516,94.67697143554688,64.1832275390625,69.64666748046875,33.98535919189453,31.976499557495117,131.89842224121094,67.93304443359375
2022-12-09,37.76726150512695,47.596256256103516,36.72748947143555,32.531734466552734,93.89977264404297,63.78852462768555,69.109375,33.91452407836914,31.810331344604492,130.20921325683594,67.63713073730469
2022-12-12,38.09372329711914,47.971717834472656,37.69143295288086,32.965110778808594,95.51104736328125,65.18211364746094,69.837890625,34.19788360595703,32.53788375854492,131.596435546875,67.8069076538086
2022-12-13,38.6207275390625,48.78037643432617,38.4066162109375,33.04990768432617,95.87122344970703,65.95198822021484,69.73771667480469,34.95055389404297,32.636680603027344,132.002197265625,67.8069076538086
2022-12-14,38.20565414428711,48.14500045776367,38.171180725097656,32.635372161865234,95.69113159179688,65.39651489257812,69.69219207763672,34.61406326293945,32.59626770019531,132.20982360839844,67.30239868164062
2022-12-15,37.039710998535156,46.26771926879883,37.940189361572266,31.994722366333008,93.37847900390625,62.950416564941406,68.50833892822266,34.215599060058594,32.2010498046875,129.78456115722656,66.1963882446289
2022-12-16,36.88114547729492,46.25809097290039,37.4737663269043,31.749773025512695,92.98040008544922,62.117183685302734,68.1714096069336,33.20612335205078,31.653139114379883,127.89718627929688,64.95938110351562
2022-12-19,36.40188980102539,45.17528533935547,37.46928024291992,31.664445877075195,92.49091339111328,61.28888702392578,68.12830352783203,32.8129768371582,31.52726936340332,127.41960906982422,63.916481018066406
2022-12-20,36.64127731323242,45.48410415649414,38.03474426269531,31.79716682434082,92.60517120361328,61.38173294067383,68.07325744628906,32.741336822509766,31.536319732666016,127.39119720458984,63.17224884033203
2022-12-21,36.960472106933594,46.082454681396484,38.75729751586914,32.29015350341797,94.34795379638672,62.39815902709961,68.75196075439453,33.072689056396484,31.975521087646484,129.0684051513672,64.1791763305664
2022-12-22,36.60372543334961,45.68675994873047,37.864219665527344,32.005733489990234,93.14801025390625,60.82464599609375,68.59605407714844,32.911495208740234,31.780824661254883,128.8883514404297,62.53016662597656
2022-12-23,36.85720443725586,46.13070297241211,39.07144546508789,32.18586349487305,93.70034790039062,60.88817596435547,68.95375061035156,33.2070198059082,32.10682678222656,128.96412658691406,62.958221435546875
2022-12-27,36.89005661010742,45.7157096862793,39.48883056640625,32.17637634277344,93.986083984375,60.311546325683594,69.28394317626953,33.18014907836914,32.30604934692383,128.63250732421875,61.93673324584961
2022-12-28,36.3267822265625,45.0498161315918,38.604713439941406,32.0626220703125,92.7575454711914,59.3390998840332,68.42179870605469,32.65178298950195,31.998157501220703,127.79861450195312,61.416255950927734
2022-12-29,36.7210807800293,46.294761657714844,39.00861740112305,32.5081901550293,93.90035247802734,60.89306640625,68.71528625488281,33.37717819213867,32.22907638549805,129.19155883789062,62.99713134765625
2022-12-30,36.462913513183594,46.31406784057617,39.255455017089844,32.42287063598633,93.52893829345703,60.80998992919922,68.37592315673828,33.072689056396484,31.921184539794922,128.72726440429688,62.82688522338867
2023-01-03,36.42536163330078,46.912410736083984,37.87767791748047,32.536643981933594,93.72891998291016,60.23336410522461,68.1191177368164,33.19807434082031,31.921184539794922,128.35769653320312,62.45233917236328
2023-01-04,37.05904769897461,47.7906379699707,37.873191833496094,33.05805587768555,94.55746459960938,60.389739990234375,68.3851089477539,33.95927810668945,32.21097183227539,128.69883728027344,63.35709762573242
2023-01-05,36.47229766845703,47.85818862915039,38.5643196105957,32.81156921386719,93.5384750366211,59.2169303894043,67.69721221923828,32.9652214050293,31.51367950439453,127.3816909790039,62.76852035522461
2023-01-06,37.72559356689453,48.6399040222168,39.29584503173828,33.54155731201172,96.1002426147461,60.95170211791992,69.50405883789062,33.9234619140625,32.14757537841797,128.55670166015625,64.2424087524414
2023-01-09,37.96498489379883,48.71711349487305,39.15672302246094,33.418312072753906,95.67168426513672,61.660274505615234,68.8253402709961,33.905548095703125,32.36491394042969,126.40569305419922,64.63154602050781
2023-01-10,38.34519577026367,49.45057678222656,39.43497085571289,33.60791778564453,96.19548797607422,62.04143524169922,68.73363494873047,34.00406265258789,32.373966217041016,127.46698760986328,65.44386291503906
2023-01-11,38.94602584838867,49.80765151977539,39.5561408996582,33.92076873779297,97.11925506591797,63.116519927978516,68.77033233642578,35.23991775512695,32.63658142089844,128.18714904785156,67.20958709716797
2023-01-12,39.09154510498047,50.35774612426758,40.31010055541992,33.98713684082031,97.69065856933594,63.58562469482422,68.22917175292969,35.633968353271484,32.414710998535156,127.77965545654297,67.32147216796875
2023-01-13,39.330936431884766,50.52180862426758,40.36844253540039,34.243099212646484,97.57637786865234,63.76643371582031,68.5501937866211,35.4279899597168,32.2969970703125,128.3482208251953,67.95384216308594
2023-01-17,38.9366340637207,50.04891586303711,40.45371627807617,34.01557540893555,96.74784088134766,64.05475616455078,68.59605407714844,35.43695068359375,32.251712799072266,127.75122833251953,68.00247192382812
2023-01-18,38.38744354248047,49.44091796875,39.71321487426758,33.38039016723633,94.92886352539062,63.22890090942383,66.72501373291016,34.89065933227539,31.477455139160156,125.95086669921875,67.11717224121094
2023-01-19,38.091732025146484,49.69184112548828,40.206886291503906,32.99169158935547,92.97657775878906,62.49101638793945,66.09214782714844,34.72050094604492,31.160512924194336,126.25410461425781,66.00325775146484
2023-01-20,38.856842041015625,51.245609283447266,40.606300354003906,33.51311111450195,94.27175903320312,64.1817855834961,66.60577392578125,35.12350082397461,31.346149444580078,126.88898468017578,67.60358428955078
2023-01-23,38.983577728271484,52.143131256103516,40.660152435302734,33.90180587768555,95.30027770996094,65.64293670654297,66.81672668457031,35.222007751464844,31.35520362854004,127.32484436035156,68.65914916992188
2023-01-24,39.00704574584961,51.99837875366211,40.503082275390625,33.92076873779297,95.92882537841797,65.61360931396484,67.09188079833984,35.3742561340332,31.51367950439453,126.48149871826172,68.5813217163086
2023-01-25,39.08684158325195,52.181739807128906,40.50757598876953,34.186222076416016,95.39552307128906,65.47676849365234,67.2569808959961,35.41007614135742,31.08806610107422,126.51942443847656,68.93154907226562
2023-01-26,39.27461242675781,52.99240493774414,41.786617279052734,34.3663444519043,95.9193115234375,66.52252960205078,67.01847839355469,35.813079833984375,31.19220542907715,126.75630950927734,70.3421859741211
2023-01-27,39.14786911010742,53.35914611816406,40.94289779663086,34.3663444519043,96.31928253173828,66.80107116699219,66.82588958740234,36.135475158691406,31.19220542907715,125.89401245117188,71.93767547607422
2023-01-30,38.88031768798828,52.51951599121094,40.00493240356445,34.19569778442383,95.37649536132812,65.52564239501953,66.908447265625,35.69664764404297,31.051843643188477,124.75692749023438,70.71185302734375
2023-01-31,39.734619140625,53.156471252441406,40.359466552734375,34.660240173339844,96.99542999267578,66.43946838378906,67.63301849365234,36.350406646728516,31.282758712768555,126.36780548095703,72.3316650390625
2023-02-01,39.99748229980469,53.78377151489258,39.56512451171875,34.660240173339844,97.7001724243164,68.00318908691406,68.17416381835938,36.61906814575195,31.33709716796875,126.96478271484375,73.70338439941406
2023-02-02,39.8707389831543,57.31594467163086,38.66305160522461,34.75504684448242,98.46205139160156,69.86013793945312,67.587158203125,37.46088790893555,31.405012130737305,126.10248565673828,75.96041107177734
2023-02-03,39.152565002441406,56.167510986328125,38.57778549194336,34.68867492675781,97.94778442382812,69.27863311767578,67.32117462158203,36.6817626953125,30.74847984313965,125.73292541503906,73.62069702148438
2023-02-06,38.72071838378906,55.49195098876953,38.40276336669922,34.67919921875,97.7096939086914,68.43321990966797,67.4037094116211,36.44890594482422,31.011091232299805,125.03173065185547,73.51368713378906
2023-02-07,39.24174880981445,56.52458572387695,39.650390625,35.07737731933594,98.01443481445312,70.14356231689453,67.11940002441406,36.30562210083008,30.99751091003418,125.83716583251953,73.68392944335938
2023-02-08,38.92725372314453,54.748844146728516,39.29584503173828,34.86880874633789,97.46209716796875,69.29817962646484,66.60577392578125,36.207115173339844,30.476806640625,125.46760559082031,73.05644226074219
2023-02-09,38.36396789550781,53.55215835571289,38.95924758911133,34.48011779785156,96.58592224121094,68.9170150756836,66.3122787475586,35.85785675048828,30.060245513916016,124.36843872070312,72.92024230957031
2023-02-10,38.504791259765625,53.0406608581543,40.485130310058594,34.59387969970703,97.27162170410156,68.59937286376953,66.92679595947266,35.92949676513672,30.657922744750977,125.54342651367188,72.06412506103516
2023-02-13,38.70663070678711,53.79341506958008,40.38191604614258,34.9920539855957,98.15728759765625,69.78683471679688,67.68803405761719,36.26084518432617,30.843564987182617,126.58573913574219,73.11968994140625
2023-02-14,38.79582214355469,53.81272506713867,40.3953742980957,34.80244445800781,97.89066314697266,70.08492279052734,67.07353210449219,35.88472366333008,30.712255477905273,125.83716583251953,73.9952392578125
2023-02-15,38.964813232421875,54.304908752441406,39.70873260498047,34.84036636352539,98.5001449584961,70.4123306274414,67.20193481445312,35.98323059082031,30.91147804260254,125.21175384521484,74.86107635498047
2023-02-16,38.5235710144043,53.474945068359375,39.31829071044922,34.489601135253906,97.48114013671875,69.190673828125,66.71582794189453,35.65187072753906,30.676036834716797,123.96100616455078,73.22669219970703
2023-02-17,38.162139892578125,53.417030334472656,37.91806411743164,34.49906921386719,98.11920166015625,68.32572937011719,67.57798767089844,35.4727668762207,31.006572723388672,125.06964111328125,73.24130249023438
2023-02-21,37.53314208984375,52.239646911621094,37.729576110839844,33.788047790527344,95.8716812133789,66.7033462524414,67.32117462158203,34.77423858642578,30.427000045776367,123.44928741455078,70.79454803466797
2023-02-22,37.81477355957031,52.34580993652344,37.47825241088867,33.75012969970703,95.63359069824219,66.6056137084961,67.22028350830078,34.460792541503906,30.309276580810547,123.03235626220703,71.15451049804688
2023-02-23,37.85702896118164,52.10453414916992,38.043724060058594,33.778560638427734,96.0811996459961,67.70999908447266,67.13773345947266,34.792144775390625,30.150808334350586,123.36402130126953,71.09615325927734
2023-02-24,38.11050033569336,51.3807258605957,37.99435806274414,33.807003021240234,95.52885437011719,66.50299835205078,66.68831634521484,34.1473503112793,30.159860610961914,121.7720947265625,69.97735595703125
2023-02-27,38.23723602294922,51.544795989990234,38.1065559387207,33.79752731323242,96.37641143798828,66.8597183227539,66.61493682861328,34.20107650756836,29.95611000061035,121.40254211425781,70.84320831298828
2023-02-28,38.410919189453125,51.631649017333984,37.55904006958008,33.863887786865234,96.15739440917969,66.7131118774414,66.06462860107422,34.218994140625,29.430879592895508,120.50236511230469,70.79454803466797
2023-03-01,38.711326599121094,51.2359619140625,38.299530029296875,33.75012969970703,96.53832244873047,66.22444152832031,65.57852172851562,33.69062042236328,28.94640350341797,120.30335998535156,69.9043960571289
2023-03-02,39.152565002441406,51.718509674072266,38.63611602783203,33.588958740234375,97.67159271240234,67.04051971435547,66.47737121582031,34.12944412231445,29.49427032470703,121.04247283935547,69.67091369628906
2023-03-03,39.711143493652344,52.8476448059082,39.16121292114258,34.11986541748047,98.72870635986328,68.48209381103516,66.53239440917969,34.70259094238281,29.996862411499023,122.39749145507812,71.16909790039062
2023-03-06,39.06807327270508,52.8476448059082,39.179161071777344,34.14829635620117,98.5477523803711,68.80950164794922,66.70664978027344,34.56825256347656,30.141746520996094,122.34063720703125,70.64863586425781
2023-03-07,38.29825973510742,52.30720520019531,38.49699783325195,33.266632080078125,97.28114318847656,67.95433044433594,66.0462875366211,33.6995735168457,29.648218154907227,120.36968994140625,69.68550872802734
2023-03-08,38.486019134521484,52.33615493774414,38.10206604003906,33.14337921142578,97.50971984863281,68.51630401611328,66.15635681152344,34.17422103881836,29.874605178833008,119.72534942626953,69.55902862548828
2023-03-09,37.49558639526367,51.158748626708984,37.56351852416992,31.79716682434082,96.0716781616211,67.53406524658203,65.54183959960938,33.39509201049805,29.63462257385254,118.51246643066406,67.90032196044922
2023-03-10,36.69761276245117,50.43495178222656,37.08331298828125,31.218862533569336,94.28129577636719,66.34660339355469,65.2208251953125,32.32938003540039,29.168262481689453,117.64070892333984,67.22419738769531
2023-03-13,36.322086334228516,50.43495178222656,36.32935333251953,29.98641586303711,93.74799346923828,66.7082290649414,65.55101776123047,32.84880065917969,29.61652374267578,118.7398681640625,67.3652572631836
2023-03-14,36.78680419921875,51.8632698059082,36.68838119506836,30.59316635131836,94.7384033203125,68.2475357055664,66.14717102050781,33.189109802246094,30.00591278076172,119.8011474609375,68.50833892822266
2023-03-15,35.594520568847656,52.42300796508789,34.71821212768555,29.777849197387695,92.40519714355469,68.28663635253906,66.5782470703125,33.2070198059082,30.41341781616211,119.69692993164062,68.40621948242188
2023-03-16,36.002899169921875,53.600399017333984,35.095191955566406,30.346668243408203,93.5956039428711,70.20220947265625,66.62410736083984,33.2070198059082,30.617170333862305,120.8150634765625,69.64173126220703
2023-03-17,35.444313049316406,53.08891296386719,34.543190002441406,29.370193481445312,92.06234741210938,70.10448455810547,66.13800048828125,32.445804595947266,30.322858810424805,119.26102447509766,68.7515640258789
2023-03-20,36.17363357543945,53.48567581176758,35.23472595214844,29.69698143005371,93.28156280517578,70.29351043701172,67.05499267578125,32.793949127197266,30.560043334960938,120.77259826660156,69.04920196533203
2023-03-21,36.6120719909668,54.62757873535156,36.454566955566406,30.44965171813965,94.36212921142578,70.86163330078125,66.99967956542969,32.60453796386719,29.944284439086914,121.50507354736328,70.9569091796875
2023-03-22,35.96148681640625,53.6695442199707,35.679134368896484,29.744617462158203,92.5548095703125,70.15638732910156,66.3822250366211,31.41400146484375,29.355884552001953,119.66912841796875,69.37608337402344
2023-03-23,35.9190559387207,54.54048156738281,35.18484878540039,29.544544219970703,92.28707885742188,71.29749298095703,66.12418365478516,31.224594116210938,29.054847717285156,119.44082641601562,69.30289459228516
2023-03-24,36.21134948730469,54.821136474609375,35.32088851928711,29.525489807128906,92.6695556640625,71.48360443115234,67.24853515625,32.027305603027344,29.962526321411133,121.09603881835938,69.07844543457031
2023-03-27,36.48006820678711,54.51145553588867,36.073646545410156,29.935169219970703,93.44412231445312,70.93017578125,67.6079330444336,31.91907501220703,29.999013900756836,121.59068298339844,69.21996307373047
2023-03-28,36.65450668334961,54.06631088256836,36.63142776489258,29.925640106201172,93.92223358154297,70.59716796875,67.72775268554688,31.810850143432617,30.08111572265625,120.85821533203125,69.13701629638672
2023-03-29,37.163658142089844,54.78242111206055,37.13930892944336,30.36390495300293,95.28966522216797,72.07620239257812,68.1056137084961,32.56846237182617,30.518997192382812,121.1911392211914,70.4494857788086
2023-03-30,37.418235778808594,55.043697357177734,37.30255889892578,30.297208786010742,95.49047088623047,72.91365814208984,68.29913330078125,32.99237060546875,30.651268005371094,121.84750366210938,71.06427001953125
2023-03-31,38.026397705078125,56.098514556884766,37.56103515625,30.630674362182617,96.75273132324219,73.95684051513672,68.85208129882812,33.713905334472656,30.874765396118164,123.15077209472656,72.96223449707031
2023-04-03,38.26682662963867,56.33076095581055,39.26155471801758,30.68783187866211,96.92485046386719,73.83929443359375,69.21150970458984,33.39823532104492,30.66495132446289,124.53010559082031,72.29380798339844
2023-04-04,37.715248107910156,56.50495910644531,38.54960632324219,30.402013778686523,94.7541732788086,73.43280029296875,69.0732650756836,33.40725326538086,30.82003402709961,124.54910278320312,72.17671203613281
2023-04-05,37.6303825378418,56.321083068847656,39.130043029785156,30.36390495300293,93.5206298828125,72.59532928466797,69.39582824707031,33.23588180541992,31.61824607849121,126.69898223876953,70.69832611083984
2023-04-06,37.54080581665039,57.02751922607422,38.53600311279297,30.47823143005371,93.49193572998047,73.00672912597656,69.45113372802734,33.46136474609375,31.84174346923828,127.01290893554688,70.71297454833984
2023-04-10,37.7199592590332,56.90171432495117,38.844364166259766,30.544923782348633,94.34298706054688,72.96754455566406,69.45113372802734,33.63273620605469,31.77787971496582,126.92728424072266,71.02522277832031
2023-04-11,38.012245178222656,56.75656509399414,39.211673736572266,30.81169319152832,94.90717315673828,72.28191375732422,69.65387725830078,33.79507827758789,31.805253982543945,127.3553466796875,71.137451171875
2023-04-12,38.04053497314453,56.16625213623047,39.23887252807617,30.74500274658203,95.22274017333984,71.87051391601562,69.34053802490234,33.69586944580078,31.7733211517334,127.3934097290039,70.0347671508789
2023-04-13,38.431827545166016,57.33719253540039,39.48375701904297,31.02129364013672,95.5765380859375,73.20751190185547,69.72760772705078,33.58763885498047,31.77787971496582,129.048583984375,71.5814437866211
2023-04-14,38.1536865234375,57.317832946777344,39.55632019042969,31.326171875,95.46180725097656,72.801025390625,69.2852554321289,33.010406494140625,31.42211151123047,128.01173400878906,71.67414093017578
2023-04-17,38.37525939941406,56.988807678222656,39.089237213134766,31.68821144104004,96.21723175048828,73.06548309326172,69.72760772705078,33.75900650024414,31.595439910888672,127.9070816040039,72.18157958984375
2023-04-18,38.535545349121094,56.69849395751953,39.24341583251953,31.783485412597656,96.67623138427734,73.29078674316406,69.9395751953125,33.70488357543945,31.431236267089844,127.03192901611328,72.29867553710938
2023-04-19,38.4271240234375,56.272705078125,39.10737991333008,31.859710693359375,96.5997085571289,73.0801773071289,69.89348602294922,33.90330505371094,31.672977447509766,127.42195892333984,72.2303695678711
2023-04-20,38.38468933105469,55.69207000732422,38.76273727416992,31.76443099975586,96.4276123046875,72.60022735595703,70.05937957763672,33.4974479675293,31.663848876953125,126.89872741699219,71.11792755126953
2023-04-21,38.045249938964844,55.82754898071289,38.53600311279297,31.650110244750977,96.2076644897461,72.36515045166016,70.56624603271484,33.53352355957031,31.755081176757812,127.75487518310547,71.90348052978516
2023-04-24,38.304542541503906,55.76948928833008,39.125511169433594,31.573881149291992,96.43716430664062,72.04682159423828,70.8519515991211,33.443328857421875,31.914716720581055,128.4683380126953,71.89372253417969
2023-04-25,37.47481155395508,54.89854049682617,38.390892028808594,31.030826568603516,94.65855407714844,70.5090103149414,70.75978088378906,33.13668441772461,31.88278579711914,127.09855651855469,70.46900939941406
2023-04-26,37.03165817260742,54.31791305541992,37.87846755981445,30.735469818115234,92.87037658691406,71.55707550048828,70.20683288574219,32.86610412597656,31.134754180908203,125.29113006591797,70.10796356201172
2023-04-27,37.53609848022461,57.47266387939453,38.01451110839844,31.23089599609375,94.70635223388672,73.07528686523438,70.99018096923828,33.659786224365234,31.50876808166504,125.94747161865234,71.95713806152344
2023-04-28,37.97453308105469,57.96620559692383,38.60402297973633,31.602466583251953,95.62435150146484,73.8686752319336,71.36803436279297,34.04761505126953,31.463165283203125,127.02243041992188,72.1425552368164
2023-05-01,37.95568084716797,57.95652389526367,38.16868591308594,31.516727447509766,96.1407241821289,73.91273498535156,71.42333221435547,33.73194122314453,31.517894744873047,127.67877960205078,71.43020629882812
2023-05-02,37.58795928955078,56.882362365722656,36.50898742675781,30.80216407775879,95.13668060302734,73.22222137451172,71.22978210449219,33.15470886230469,31.134754180908203,127.12702941894531,71.50337982177734
2023-05-03,37.17308807373047,56.6597900390625,35.819705963134766,30.44965171813965,94.7732925415039,72.6051254272461,70.6491928100586,32.947269439697266,31.048086166381836,126.95580291748047,70.93740844726562
2023-05-04,36.932647705078125,55.75012969970703,35.420654296875,30.059024810791016,93.74056243896484,72.25740051269531,70.4740982055664,33.25392532348633,31.2852725982666,125.94747161865234,70.39095306396484
2023-05-05,37.554954528808594,56.4468879699707,36.38200759887695,30.80216407775879,95.15579986572266,74.0694808959961,71.12842559814453,33.768028259277344,31.485965728759766,127.07947540283203,71.81565856933594
2023-05-08,37.432373046875,57.01784133911133,36.38200759887695,30.84980010986328,94.81155395507812,74.03030395507812,70.91645050048828,33.53352355957031,31.390180587768555,126.8036117553711,72.05960083007812
2023-05-09,37.09294128417969,56.6597900390625,36.39562225341797,30.735469818115234,95.02191925048828,73.4621810913086,70.69526672363281,33.425289154052734,31.349136352539062,125.95698547363281,72.04009246826172
2023-05-10,37.11651611328125,57.162994384765625,35.98295211791992,30.563980102539062,94.67767333984375,74.35843658447266,70.58468627929688,33.740970611572266,31.636484146118164,126.30896759033203,72.40602111816406
2023-05-11,36.753509521484375,57.733951568603516,35.55215835571289,30.516338348388672,94.10391235351562,74.02540588378906,70.7966537475586,33.38920974731445,31.31264877319336,125.91893768310547,72.74269104003906
2023-05-12,36.81951141357422,57.78234100341797,35.60657501220703,30.39248275756836,94.17085266113281,73.92744445800781,71.0731201171875,33.45234298706055,31.485965728759766,125.74773406982422,72.1279067993164
2023-05-15,37.13066101074219,58.05329895019531,35.7879638671875,30.640195846557617,94.62986755371094,74.5396499633789,70.89803314208984,33.38920974731445,31.089147567749023,125.52891540527344,72.2206039428711
2023-05-16,36.517784118652344,57.98556137084961,34.90822982788086,30.35437774658203,93.34850311279297,74.61799621582031,70.29898834228516,32.496307373046875,30.400400161743164,124.48253631591797,71.92787170410156
2023-05-17,36.758216857910156,58.691993713378906,35.579368591308594,30.96413230895996,94.9549789428711,75.61217498779297,70.26213073730469,32.92021560668945,30.290935516357422,124.63471984863281,73.42576599121094
2023-05-18,36.97507858276367,59.746803283691406,35.83784484863281,31.192792892456055,95.64347076416016,77.1597900390625,69.921142578125,32.71277618408203,30.199708938598633,124.33030700683594,74.56746673583984
2023-05-19,37.06937026977539,59.427452087402344,36.114463806152344,31.059406280517578,95.41397857666016,77.1255111694336,69.96721649169922,32.658653259277344,30.154094696044922,124.91060638427734,73.94293212890625
2023-05-22,36.876075744628906,59.96937561035156,35.96481704711914,31.11656951904297,95.39485931396484,77.27242279052734,68.90737915039062,32.87511444091797,30.16322135925293,125.03426361083984,73.71361541748047
2023-05-23,36.30563735961914,59.22423553466797,36.35026931762695,30.754526138305664,94.24736022949219,76.13130950927734,68.40049743652344,32.4692497253418,30.058317184448242,123.66444396972656,73.04031372070312
2023-05-24,35.89076614379883,58.95328140258789,36.50898742675781,30.35437774658203,93.03292846679688,75.57300567626953,67.95814514160156,31.75673484802246,29.862180709838867,122.81781768798828,72.77195739746094
2023-05-25,35.76348114013672,58.95328140258789,35.86052322387695,30.344850540161133,93.33893585205078,78.4723129272461,67.44206237792969,31.828886032104492,29.460790634155273,121.56214141845703,72.44505310058594
2023-05-26,35.942623138427734,60.15324020385742,35.71993637084961,30.592561721801758,94.0369873046875,80.7006607055664,67.67247009277344,32.19867706298828,29.460790634155273,121.31481170654297,74.14787292480469
2023-05-30,35.74933624267578,60.25001525878906,35.352630615234375,30.58303451538086,93.89356231689453,81.13164520263672,66.89832305908203,32.297882080078125,29.34676170349121,120.56330871582031,74.64553833007812
2023-05-31,35.367469787597656,60.23065948486328,34.73137664794922,30.259103775024414,92.6121826171875,80.45578002929688,66.9720458984375,32.505332946777344,29.61587905883789,121.6001968383789,73.97221374511719
2023-06-01,35.83891296386719,61.043540954589844,35.16217041015625,30.58303451538086,93.79792785644531,81.27367401123047,66.91674041748047,32.514347076416016,29.39693260192871,122.39925384521484,74.84557342529297
2023-06-02,37.04108810424805,61.12095260620117,36.23236083984375,31.249956130981445,96.52323150634766,81.73892211914062,67.83834838867188,33.19981384277344,29.70254135131836,123.96886444091797,76.60205078125
2023-06-05,37.01279830932617,61.27580261230469,35.992027282714844,31.087984085083008,95.85385131835938,81.26876831054688,67.58950805664062,33.04648208618164,29.843935012817383,124.41593170166016,76.83136749267578
2023-06-06,37.24851608276367,61.527400970458984,36.28224182128906,31.478612899780273,96.45628356933594,81.24918365478516,67.24853515625,33.244911193847656,29.82112693786621,123.3790512084961,77.63156127929688
2023-06-07,37.69166946411133,60.84031677246094,37.24360656738281,31.602466583251953,98.00540161132812,80.03460693359375,67.02735137939453,33.858211517333984,30.327423095703125,122.89392852783203,77.1046142578125
2023-06-08,37.554954528808594,61.14998245239258,37.08489990234375,31.573881149291992,98.17752838134766,80.9014663696289,67.48815155029297,33.6507682800293,30.45969581604004,123.68346405029297,78.2463150024414
2023-06-09,37.243797302246094,61.169342041015625,36.880828857421875,31.583415985107422,97.91935729980469,81.30304718017578,67.3775405883789,33.47941207885742,30.281810760498047,124.06394958496094,78.65128326416016
2023-06-12,37.41353225708008,61.89512634277344,36.52711868286133,31.573881149291992,98.61739349365234,83.07105255126953,67.3591079711914,33.46136474609375,30.227073669433594,124.51107025146484,80.0028076171875
2023-06-13,38.280967712402344,62.098350524902344,36.69944381713867,31.76443099975586,99.764892578125,83.57548522949219,67.63558959960938,33.70488357543945,30.222515106201172,125.13890838623047,80.8322525024414
2023-06-14,38.12068176269531,62.204795837402344,36.32305908203125,31.640579223632812,99.49713134765625,84.43742370605469,68.05029296875,33.88527297973633,30.20427131652832,123.85469055175781,80.7737045288086
2023-06-15,38.44597625732422,63.19186782836914,36.72211456298828,32.05978775024414,100.99844360351562,85.5246810913086,68.73229217529297,34.029579162597656,30.53267478942871,125.77625274658203,81.3006362915039
2023-06-16,38.54026412963867,62.66930389404297,36.667694091796875,31.993101119995117,100.83588409423828,84.8194351196289,68.81522369384766,33.99349594116211,30.696882247924805,125.7667465209961,81.17866516113281
2023-06-20,38.01866149902344,62.363975524902344,35.847007751464844,31.753841400146484,100.08702087402344,84.24622344970703,68.29176330566406,33.628353118896484,30.336868286132812,125.62538146972656,81.7868423461914
2023-06-21,38.141841888427734,61.74363708496094,36.13063049316406,31.715553283691406,100.64387512207031,82.9996566772461,68.5330581665039,33.48265838623047,30.58055305480957,125.64447784423828,80.80416870117188
2023-06-22,38.051822662353516,62.22827911376953,35.64571762084961,31.466732025146484,99.9142074584961,83.67691802978516,68.93215942382812,33.009151458740234,30.34606170654297,126.50414276123047,81.83573150634766
2023-06-23,37.74388885498047,62.09257888793945,35.38954162597656,31.3327579498291,99.15575408935547,82.76898956298828,68.47738647460938,32.65401840209961,29.900068283081055,126.0838623046875,80.88726806640625
2023-06-26,38.1370964050293,61.47223663330078,36.025413513183594,31.265762329101562,99.9814224243164,82.17516326904297,68.57019805908203,33.38249206542969,30.1943302154541,125.36747741699219,79.85083770751953
2023-06-27,38.67717742919922,62.509368896484375,36.10776138305664,31.514585494995117,101.18151092529297,83.79471588134766,68.77438354492188,33.74673080444336,30.20353126525879,125.0809326171875,81.56683349609375
2023-06-28,38.41187286376953,62.79047393798828,36.473731994628906,31.438026428222656,101.18151092529297,83.84378814697266,68.31031036376953,33.837791442871094,29.757532119750977,124.67972564697266,81.88951873779297
2023-06-29,38.89510726928711,62.45120620727539,36.89459991455078,31.983524322509766,102.16077423095703,83.99102020263672,68.24535369873047,34.14738845825195,29.757532119750977,125.49163818359375,81.9775161743164
2023-06-30,39.25989532470703,63.08126449584961,37.132484436035156,32.26105880737305,103.03443145751953,85.325927734375,68.83935546875,34.32040786743164,30.088581085205078,126.78112030029297,83.01885223388672
2023-07-03,39.40675735473633,63.29449462890625,37.21940231323242,32.44289779663086,103.05364227294922,85.14434051513672,69.37767028808594,34.593589782714844,30.313875198364258,125.739990234375,84.02108001708984
2023-07-05,38.43555450439453,63.779144287109375,37.0135383605957,32.37589645385742,102.49679565429688,84.61920166015625,69.25701904296875,34.76659393310547,30.658714294433594,125.67313385009766,84.0552978515625
2023-07-06,38.15605926513672,63.275123596191406,36.18095779418945,32.09836959838867,101.72872924804688,84.39347076416016,69.0806655883789,34.57537078857422,30.286291122436523,124.67018127441406,82.7010726928711
2023-07-07,38.4876708984375,63.05217361450195,36.95864486694336,32.14621353149414,101.95915222167969,84.0253677368164,68.1803970336914,34.41146469116211,30.06559181213379,123.21833038330078,82.8037338256836
2023-07-10,38.478206634521484,62.88739013671875,37.24684143066406,32.28977584838867,103.40886688232422,84.24622344970703,68.16181945800781,34.52984619140625,29.936853408813477,124.19259643554688,83.05796813964844
2023-07-11,38.85720443725586,63.982696533203125,38.065711975097656,32.672576904296875,104.6281509399414,84.42781066894531,68.26393127441406,34.92140197753906,30.309280395507812,124.22126007080078,83.75218200683594
2023-07-12,39.36885452270508,64.75811004638672,38.4179573059082,32.88311767578125,104.44573211669922,85.38481140136719,68.42170715332031,35.08530807495117,30.750673294067383,123.8869400024414,84.5051040649414
2023-07-13,39.67679214477539,65.70802307128906,38.271575927734375,32.997962951660156,104.58012390136719,86.49887084960938,68.70941925048828,35.32206726074219,30.856428146362305,123.93470764160156,85.2970962524414
2023-07-14,39.44465255737305,65.08769226074219,37.26057052612305,32.77785110473633,104.27291870117188,86.37127685546875,68.94144439697266,35.32206726074219,30.73688507080078,125.79729461669922,85.51710510253906
2023-07-17,39.48255157470703,64.85505676269531,37.1873779296875,33.093658447265625,104.66654205322266,87.47551727294922,68.73726654052734,35.02156448364258,30.382844924926758,125.22418975830078,85.86420440673828
2023-07-18,39.79049301147461,65.30093383789062,37.562503814697266,33.46689987182617,105.25218963623047,88.46687316894531,68.66301727294922,34.73017501831055,30.148353576660156,126.1507339477539,86.21622467041016
2023-07-19,39.577308654785156,65.4850845336914,37.78208541870117,33.61044692993164,105.20419311523438,88.24601745605469,69.35911560058594,35.11262512207031,30.456409454345703,126.73338317871094,86.51932525634766
2023-07-20,39.672061920166016,64.18624877929688,38.225830078125,33.859275817871094,105.67462158203125,86.4841537475586,69.95311737060547,34.9942512512207,31.012752532958984,128.8347930908203,83.57130432128906
2023-07-21,39.67679214477539,63.5465087890625,38.56435012817383,33.74443054199219,105.17538452148438,86.43999481201172,70.19441986083984,35.1490478515625,31.47713851928711,130.13381958007812,83.59085845947266
2023-07-24,39.79997634887695,63.6628303527832,39.18650817871094,34.06982421875,105.41541290283203,86.59212493896484,70.46357727050781,35.4859733581543,31.394380569458008,129.8472900390625,84.138427734375
2023-07-25,40.51533508300781,63.86637496948242,39.39236068725586,33.849700927734375,105.28099060058594,87.58348846435547,70.44501495361328,35.221900939941406,31.449552536010742,129.78997802734375,83.94286346435547
2023-07-26,40.377952575683594,64.86473846435547,39.40608596801758,34.05067825317383,106.02024841308594,86.40563201904297,70.52855682373047,35.34938430786133,31.449552536010742,129.70399475097656,83.92329406738281
2023-07-27,40.11738586425781,65.40753936767578,39.154483795166016,33.62002182006836,105.1081771850586,86.15533447265625,69.9067153930664,34.602699279785156,30.893217086791992,128.7488250732422,83.05308532714844
2023-07-28,40.39690399169922,66.69669342041016,39.27342224121094,33.68701171875,105.76103210449219,87.32829284667969,70.63064575195312,34.50252914428711,30.82423973083496,129.13084411621094,84.46109008789062
2023-07-31,40.61009216308594,66.67731475830078,40.01908874511719,33.81143569946289,106.01063537597656,87.52949523925781,70.30580139160156,34.77570343017578,30.838041305541992,128.13748168945312,84.9402084350586
2023-08-01,40.43006134033203,66.59008026123047,39.8315315246582,33.81143569946289,106.32746887207031,87.6767349243164,69.9252700805664,34.71196365356445,30.461008071899414,127.46887969970703,83.97708129882812
2023-08-02,39.92788314819336,65.33968353271484,39.310020446777344,33.524322509765625,105.21379089355469,85.50749969482422,70.1758804321289,34.56626892089844,30.461008071899414,127.5548324584961,82.4712905883789
2023-08-03,39.68153381347656,65.1749038696289,39.708011627197266,33.54345703125,104.55133056640625,85.15906524658203,69.98094940185547,34.0927619934082,29.766727447509766,126.91488647460938,82.6668472290039
2023-08-04,39.59151840209961,65.02952575683594,39.76291275024414,33.40947723388672,103.9177017211914,84.00082397460938,69.28486633300781,33.75584030151367,29.421886444091797,126.4659194946289,83.86953735351562
2023-08-07,39.85208511352539,66.03759765625,39.808658599853516,33.878414154052734,105.19458770751953,84.23640441894531,69.85102081298828,34.18381118774414,29.417287826538086,127.92736053466797,84.72997283935547
2023-08-08,39.43044662475586,65.85340881347656,40.005367279052734,33.572174072265625,104.71456146240234,83.58858489990234,69.34982299804688,34.01081085205078,29.555225372314453,128.91119384765625,84.0552978515625
2023-08-09,39.26936721801758,65.14584350585938,40.50857925415039,33.32334518432617,104.65695190429688,82.50887298583984,69.4519271850586,34.0927619934082,29.619596481323242,128.8729705810547,83.05796813964844
2023-08-10,39.29779052734375,65.3687744140625,40.50400161743164,33.352054595947266,104.3689193725586,82.51869201660156,69.31271362304688,33.98348617553711,29.52763557434082,128.7869873046875,83.25841522216797
2023-08-11,39.18883514404297,65.05859375,41.12615966796875,33.41904830932617,104.54173278808594,81.91012573242188,69.42407989501953,34.04722595214844,29.688562393188477,129.58937072753906,82.97486877441406
2023-08-14,39.274112701416016,65.5335464477539,40.95232391357422,33.352054595947266,104.58012390136719,83.2155990600586,69.0806655883789,33.86510467529297,29.454069137573242,129.9810028076172,83.22908782958984
2023-08-15,38.634544372558594,64.95198822021484,40.101436614990234,32.739566802978516,103.24564361572266,82.39600372314453,68.33816528320312,33.519081115722656,28.97589111328125,129.50341796875,82.0948486328125
2023-08-16,38.37397766113281,64.17654418945312,39.753761291503906,32.691715240478516,102.66961669921875,81.61077117919922,68.1803970336914,33.109317779541016,29.104633331298828,128.51956176757812,81.07794952392578
2023-08-17,38.29817199707031,63.439884185791016,40.229515075683594,32.52903366088867,101.80555725097656,80.83534240722656,67.52141571044922,32.86345291137695,29.040260314941406,127.49750518798828,79.70416259765625
2023-08-18,38.29343795776367,63.061859130859375,40.62751770019531,32.51945114135742,101.99755859375,80.95804595947266,67.77201080322266,32.95451354980469,29.191991806030273,127.5452880859375,79.52328491210938
2023-08-21,38.29817199707031,63.51742172241211,40.371341705322266,32.481170654296875,101.87274932861328,82.50397491455078,67.31722259521484,32.67222595214844,29.008079528808594,127.67898559570312,80.43749237060547
2023-08-22,38.2650146484375,63.51742172241211,40.06026840209961,32.1749267578125,101.63272857666016,82.41072845458984,66.93669891357422,32.772396087646484,29.090837478637695,127.23006439208984,80.5548324584961
2023-08-23,38.326595306396484,64.54486846923828,39.959617614746094,32.49074172973633,102.67920684814453,83.89775848388672,67.3822021484375,33.2550048828125,29.205787658691406,127.61214447021484,81.20018005371094
2023-08-24,38.165523529052734,63.3041877746582,39.685142517089844,32.37589645385742,101.43112182617188,81.96412658691406,66.8438720703125,33.10020446777344,29.035667419433594,126.50414276123047,79.61126708984375
2023-08-25,38.279232025146484,63.372032165527344,40.06941223144531,32.52903366088867,102.28558349609375,82.79844665527344,67.21511840820312,33.19126510620117,29.256362915039062,127.43069458007812,80.50105285644531
2023-08-28,38.55874252319336,64.1474609375,40.339317321777344,32.71085739135742,103.12084197998047,83.47571563720703,67.52141571044922,33.455345153808594,29.251760482788086,127.7267837524414,80.82372283935547
2023-08-29,39.19830322265625,65.57232666015625,40.4491081237793,33.00752639770508,103.90809631347656,85.14924621582031,67.76272583007812,33.837791442871094,29.362112045288086,128.8729705810547,82.84284210205078
2023-08-30,39.28832244873047,65.58201599121094,40.650394439697266,33.02667236328125,104.37852478027344,85.79215240478516,67.87409973144531,33.95616912841797,29.228775024414062,128.7774658203125,83.19973754882812
2023-08-31,39.26936721801758,65.64986419677734,40.6778450012207,32.90226364135742,103.90809631347656,86.20930480957031,67.53070068359375,33.710304260253906,28.948301315307617,127.2396469116211,83.4588623046875
2023-09-01,39.7099609375,65.0392074584961,41.51042938232422,33.19893264770508,104.45533752441406,86.47433471679688,66.95526123046875,33.692100524902344,28.801172256469727,127.58350372314453,82.95040130615234
2023-09-05,38.975643157958984,65.02952575683594,41.73001480102539,32.863975524902344,102.69841766357422,86.78352355957031,66.37980651855469,33.35517501831055,28.359771728515625,126.26535034179688,83.00907135009766
2023-09-06,38.89036178588867,64.82596588134766,41.748313903808594,32.84484100341797,102.25678253173828,85.86577606201172,66.30558013916016,33.29143142700195,28.424142837524414,125.57760620117188,82.27084350585938
2023-09-07,38.71508026123047,64.70965576171875,41.70713806152344,32.758705139160156,101.92074584960938,84.62411499023438,66.46334075927734,33.564613342285156,28.796571731567383,126.14115905761719,82.5006332397461
2023-09-08,38.75298309326172,64.90351104736328,42.109710693359375,32.82569885253906,101.41191101074219,84.80079650878906,66.54688262939453,33.346065521240234,29.049457550048828,126.14115905761719,82.5006332397461
2023-09-11,38.91878890991211,65.88248443603516,41.556175231933594,32.978816986083984,101.44072723388672,85.24250030517578,67.12232208251953,33.36428451538086,29.169002532958984,127.0103759765625,84.72020721435547
2023-09-12,38.82878875732422,65.19429779052734,42.53515625,33.19893264770508,101.07588958740234,83.69654846191406,66.54688262939453,33.36428451538086,29.205787658691406,126.8479995727539,83.95263671875
2023-09-13,38.601375579833984,65.40753936767578,42.214927673339844,33.19893264770508,100.40384674072266,83.9075927734375,66.7510757446289,33.02735900878906,29.555225372314453,126.86709594726562,84.61753845214844
2023-09-14,39.14619064331055,66.31866455078125,42.708984375,33.50518035888672,101.39273071289062,84.51615142822266,67.42860412597656,33.628353118896484,29.9874267578125,127.26830291748047,85.44865417480469
2023-09-15,38.7103385925293,65.43661499023438,42.09141159057617,33.33292007446289,100.80707550048828,82.89167022705078,66.87173461914062,33.50086975097656,29.858688354492188,126.26535034179688,83.98686981201172
2023-09-18,38.54944610595703,65.48326873779297,42.44810485839844,33.42424392700195,100.91889953613281,83.29005432128906,66.8483657836914,33.20807647705078,29.836437225341797,126.07352447509766,83.07345581054688
2023-09-19,38.516117095947266,65.53184509277344,42.05177688598633,33.38578414916992,100.4947509765625,83.24580383300781,66.68952178955078,33.03368377685547,29.674205780029297,126.17900848388672,82.65715789794922
2023-09-20,38.11148452758789,64.63787078857422,41.66006088256836,33.15507888793945,100.09951782226562,81.93755340576172,66.75492858886719,33.09793472290039,29.70201873779297,126.18861389160156,81.83435821533203
2023-09-21,37.345069885253906,63.8410758972168,41.08861541748047,32.60714340209961,98.46074676513672,80.68832397460938,65.895263671875,31.950607299804688,29.391464233398438,125.08563232421875,79.60103607177734
2023-09-22,37.30698776245117,63.763343811035156,41.15774154663086,32.357200622558594,98.12335205078125,80.86045837402344,65.54016876220703,31.73031997680664,29.335838317871094,124.82670593261719,78.81742095947266
2023-09-25,37.60213088989258,63.91881561279297,41.67388916015625,32.43410873413086,98.61499786376953,81.12113189697266,65.30657958984375,31.675251007080078,29.294124603271484,125.5076675415039,79.30230712890625
2023-09-26,37.059444427490234,63.20947265625,41.43424606323242,32.001522064208984,97.1111831665039,79.66041564941406,64.82068634033203,31.11536407470703,28.41807746887207,124.44305419921875,77.85749053955078
2023-09-27,37.0546875,63.374656677246094,42.466529846191406,31.95345115661621,97.83416748046875,79.78336334228516,64.28807067871094,30.840002059936523,27.871131896972656,123.81964874267578,77.55873107910156
2023-09-28,37.454559326171875,64.07429504394531,42.51261520385742,32.184173583984375,98.24868774414062,80.3489761352539,64.48429107666016,31.161252975463867,27.268566131591797,124.41427612304688,78.42562103271484
2023-09-29,37.39267349243164,63.71474838256836,41.65545654296875,31.88616943359375,97.72811889648438,80.62437438964844,64.29739379882812,31.271394729614258,27.314916610717773,123.47437286376953,78.84191131591797
2023-10-02,36.8975944519043,64.19088745117188,40.82593536376953,31.617006301879883,96.77378845214844,81.489990234375,63.858219146728516,30.70232391357422,26.044883728027344,123.30172729492188,78.90557861328125
2023-10-03,36.797630310058594,63.32606506347656,40.79829025268555,31.117130279541016,96.0989990234375,80.10797882080078,63.40035629272461,30.14242935180664,26.34617042541504,122.20834350585938,76.9857177734375
2023-10-04,37.2308235168457,63.928531646728516,39.517147064208984,31.347841262817383,96.40747833251953,81.10637664794922,63.90494918823242,30.463680267333984,26.318359375,122.72626495361328,78.50397491455078
2023-10-05,36.778587341308594,63.8410758972168,39.27289962768555,31.492036819458008,95.83873748779297,81.21456909179688,62.64348602294922,30.6839656829834,26.1653995513916,123.39764404296875,78.1121826171875
2023-10-06,37.12609100341797,65.01685333251953,39.507930755615234,31.761198043823242,97.14974975585938,82.73432159423828,62.29773712158203,30.803287506103516,26.536209106445312,124.6924057006836,78.66069030761719
2023-10-09,37.17368698120117,65.71646118164062,40.82593536376953,31.780427932739258,98.6728286743164,83.16218566894531,62.353816986083984,31.2071475982666,26.8004150390625,125.12403869628906,78.74395751953125
2023-10-10,37.568809509277344,66.09542846679688,40.87663269042969,32.011138916015625,99.2705078125,83.29005432128906,62.98921203613281,31.317289352416992,27.16659164428711,125.71866607666016,79.60594177246094
2023-10-11,37.65925216674805,66.69789123535156,40.35127258300781,32.0592041015625,99.86814880371094,84.06222534179688,62.55937957763672,31.950607299804688,27.606931686401367,125.16238403320312,79.8899917602539
2023-10-12,37.0975341796875,65.91081237792969,40.39735412597656,31.857324600219727,98.96202850341797,84.14092254638672,61.87724685668945,31.528392791748047,27.180498123168945,124.08818054199219,79.01822662353516
2023-10-13,36.95947265625,65.17231750488281,41.28677749633789,31.92462158203125,98.08480834960938,82.93596649169922,62.41921615600586,31.519214630126953,27.486419677734375,124.86505889892578,77.85749053955078
2023-10-16,37.32126235961914,66.22177124023438,41.56328582763672,32.26107406616211,99.12591552734375,83.73269653320312,63.0639762878418,31.84046745300293,27.769161224365234,125.80498504638672,79.1161880493164
2023-10-17,37.68781280517578,66.45496368408203,41.99647903442383,32.41489028930664,99.43437194824219,83.34416961669922,63.33495330810547,31.675251007080078,27.694997787475586,125.63232421875,79.30230712890625
2023-10-18,36.711944580078125,65.308349609375,42.37896728515625,31.857324600219727,97.0340805053711,82.4884033203125,63.56855773925781,30.977680206298828,27.453968048095703,124.53894805908203,77.44119262695312
2023-10-19,36.283504486083984,65.2403335571289,42.30523681640625,31.43436050415039,96.13758087158203,82.01624298095703,63.101341247558594,30.215856552124023,27.180498123168945,123.31131744384766,75.46255493164062
2023-10-20,35.84555435180664,64.63787078857422,41.59553909301758,30.95371437072754,95.1446762084961,80.62931823730469,62.8583869934082,30.05982208251953,26.89775276184082,122.8221664428711,74.29202270507812
2023-10-23,35.44568634033203,64.97798919677734,40.9227180480957,30.761451721191406,94.70122528076172,80.7227554321289,62.73692321777344,29.802820205688477,26.670629501342773,122.05490112304688,74.38017272949219
2023-10-24,35.864593505859375,65.7456283569336,40.34666442871094,30.97294044494629,95.41458129882812,81.27849578857422,63.26953125,30.17914581298828,27.356630325317383,122.42894744873047,75.173583984375
2023-10-25,35.44568634033203,62.89852523803711,40.272926330566406,30.857582092285156,94.1903305053711,80.31945037841797,63.484466552734375,29.545822143554688,27.509593963623047,121.33556365966797,73.65533447265625
2023-10-26,35.69322204589844,61.528411865234375,39.959556579589844,30.79029083251953,93.79511260986328,78.78497314453125,63.07331466674805,30.169967651367188,27.74598503112793,120.1366958618164,72.50437927246094
2023-10-27,35.67893600463867,61.304927825927734,39.000999450683594,30.232742309570312,92.96609497070312,79.24237060546875,62.21364212036133,29.69268035888672,27.222213745117188,118.1034164428711,73.26351928710938
2023-10-30,36.045494079589844,62.568138122558594,39.13004684448242,30.77106285095215,94.12285614013672,80.09322357177734,63.18544387817383,29.784467697143555,27.4307918548584,118.76519775390625,73.93450927734375
2023-10-31,36.207340240478516,62.88880157470703,39.25907516479492,31.107515335083008,94.81690216064453,80.66374206542969,63.40969467163086,30.381074905395508,27.667186737060547,119.44615173339844,74.49282836914062
2023-11-01,36.22637939453125,63.81192398071289,39.16691207885742,31.309396743774414,95.1253890991211,82.22280883789062,63.34428405761719,30.537113189697266,27.982376098632812,119.69551849365234,75.41358947753906
2023-11-02,36.92615509033203,64.65731048583984,40.35127258300781,32.04958724975586,97.082275390625,83.61466979980469,64.16658020019531,31.482500076293945,28.506145477294922,121.59452819824219,77.3824234008789
2023-11-03,37.506919860839844,65.64844512939453,39.94573211669922,32.472557067871094,97.9402084350586,84.47534942626953,64.24134063720703,32.2259635925293,28.67301368713379,122.19876861572266,78.4697036743164
2023-11-06,37.32126235961914,65.47354888916016,39.494110107421875,32.376426696777344,97.67993927001953,85.0311050415039,64.3441162109375,31.78539276123047,28.598852157592773,123.01398468017578,78.5676498413086
2023-11-07,36.597686767578125,65.82334899902344,38.61851119995117,32.32836151123047,97.43893432617188,85.96065521240234,64.50298309326172,31.519214630126953,28.390270233154297,123.10031127929688,79.44432830810547
2023-11-08,36.711944580078125,65.51240539550781,38.134620666503906,32.3668212890625,97.66065979003906,86.44756317138672,64.25067901611328,31.70278549194336,28.18168830871582,122.92768859863281,79.23372650146484
2023-11-09,36.39775466918945,65.49295806884766,38.0194091796875,32.232234954833984,97.4485855102539,86.04425811767578,63.989044189453125,31.216323852539062,27.810876846313477,120.38604736328125,77.75463104248047
2023-11-10,36.82619094848633,66.53270721435547,38.43878173828125,32.597530364990234,98.85599517822266,88.2918930053711,64.43756103515625,31.565105438232422,27.95920181274414,121.10539245605469,79.04761505126953
2023-11-13,36.77382278442383,66.3869400024414,38.71528244018555,32.54946517944336,98.94274139404297,87.77548217773438,64.64314270019531,31.298931121826172,27.625471115112305,121.8055419921875,79.38555145263672
2023-11-14,37.85918426513672,67.46554565429688,39.0609130859375,33.164703369140625,100.92854309082031,89.53128051757812,65.30657958984375,32.987789154052734,28.728635787963867,122.63035583496094,82.05964660644531
2023-11-15,38.02579879760742,67.79590606689453,38.987178802490234,33.34733963012695,101.1406021118164,89.64439392089844,65.82984924316406,33.06121826171875,28.640567779541016,122.72626495361328,82.1576156616211
2023-11-16,38.14005661010742,68.09716796875,38.22679901123047,33.4819221496582,101.15989685058594,90.09196472167969,65.01689910888672,33.05203628540039,28.793527603149414,123.25376892089844,81.31521606445312
2023-11-17,38.211448669433594,68.0874252319336,39.02865982055664,33.65495300292969,101.80577087402344,89.90507507324219,64.93280029296875,33.015323638916016,28.87232780456543,123.00440979003906,81.85884857177734
2023-11-20,38.27810287475586,68.85506439208984,39.08395767211914,33.78953552246094,102.11424255371094,91.20838928222656,64.88609313964844,33.2723274230957,28.784255981445312,123.75250244140625,82.28004455566406
2023-11-21,38.42567443847656,68.62187957763672,38.99639892578125,33.770301818847656,102.03710174560547,90.47066497802734,65.0822982788086,33.10711669921875,28.844512939453125,124.5006103515625,82.06945037841797
2023-11-22,38.4494743347168,69.1854476928711,38.97796630859375,33.90488815307617,102.25883483886719,90.87396240234375,65.54952239990234,33.20807647705078,28.983566284179688,125.09523010253906,82.31922912597656
2023-11-24,38.6160888671875,68.95225524902344,39.139259338378906,34.01063537597656,102.50946044921875,90.69690704345703,65.79246520996094,33.33657455444336,29.05773162841797,125.7666244506836,82.3975830078125
2023-11-27,38.5684814453125,68.52469635009766,39.000999450683594,33.89527130126953,101.93108367919922,90.6919937133789,65.6055908203125,33.45589065551758,29.104084014892578,124.98014068603516,82.52981567382812
2023-11-28,38.6446533203125,68.68988800048828,39.01022720336914,33.88566589355469,101.6900863647461,90.86412048339844,65.90460205078125,33.63947296142578,29.1967830657959,124.3375473022461,83.00489044189453
2023-11-29,38.84458541870117,68.19432830810547,38.71989440917969,34.12599182128906,102.07567596435547,90.93297576904297,65.37199401855469,33.89646530151367,28.96503257751465,124.37589263916016,82.77959442138672
2023-11-30,39.23017883300781,67.79590606689453,38.97796630859375,34.51050567626953,103.19387817382812,91.06578063964844,66.02609252929688,34.17182540893555,29.090177536010742,125.93925476074219,82.66205596923828
2023-12-01,39.67764663696289,67.93196868896484,39.18073654174805,34.77005386352539,104.8230209350586,91.2723388671875,66.29706573486328,34.88774871826172,29.447080612182617,126.43797302246094,83.79341125488281
2023-12-04,39.21589279174805,67.25176239013672,39.000999450683594,34.731605529785156,104.99652099609375,90.16082000732422,66.38115692138672,35.080501556396484,29.331201553344727,126.67776489257812,83.47506713867188
2023-12-05,38.67797088623047,66.94081115722656,38.3189582824707,34.558570861816406,104.14822387695312,90.70182037353516,65.8578872680664,34.93364715576172,29.122621536254883,126.51473236083984,83.62199401855469
2023-12-06,38.597042083740234,66.76590728759766,37.74751281738281,34.38553237915039,104.6109390258789,89.9345703125,65.68968963623047,34.814327239990234,29.511972427368164,126.610595703125,83.74443054199219
2023-12-07,38.858863830566406,68.1651611328125,37.489444732666016,34.548954010009766,104.70734405517578,91.02642059326172,65.97001647949219,34.86021423339844,29.447080612182617,126.45716857910156,84.43498229980469
2023-12-08,39.00168228149414,68.48583221435547,37.894989013671875,34.731605529785156,105.03509521484375,91.80350494384766,65.51213836669922,34.78678894042969,29.391464233398438,126.66817474365234,84.82191467285156
2023-12-11,39.27777862548828,67.96110534667969,37.94107437133789,34.94308853149414,106.0376205444336,92.60515594482422,66.1382064819336,34.90610885620117,29.581504821777344,127.50259399414062,85.04720306396484
2023-12-12,39.50627136230469,68.24290466308594,37.42031478881836,35.19302749633789,106.51961517333984,93.2199478149414,66.3531265258789,34.89692687988281,29.460987091064453,128.0492706298828,85.3116683959961
2023-12-13,39.98706817626953,68.88423919677734,37.94107437133789,35.760189056396484,107.70530700683594,94.04129791259766,67.55853271484375,36.16357421875,30.573421478271484,130.4086456298828,86.4283218383789
2023-12-14,40.64875411987305,69.1854476928711,39.056304931640625,36.115867614746094,109.09342956542969,93.81014251708984,66.56804656982422,37.16403579711914,30.174800872802734,129.77565002441406,87.58907318115234
2023-12-15,40.544029235839844,69.01055145263672,38.84893035888672,35.904380798339844,108.9488296508789,94.28229522705078,66.56804656982422,36.71427917480469,29.651033401489258,128.67266845703125,87.77027130126953
2023-12-18,40.606834411621094,69.86190795898438,39.166236877441406,36.02417755126953,108.94398498535156,94.56422424316406,67.260986328125,36.613182067871094,29.584123611450195,128.8826904296875,88.31488037109375
2023-12-19,40.98073196411133,70.57300567626953,39.63615798950195,36.29467010498047,109.7872314453125,94.92404174804688,67.39279174804688,36.8636360168457,29.75255584716797,129.749755859375,89.0066909790039
2023-12-20,40.35276794433594,70.02750396728516,39.26860046386719,35.64741134643555,108.01351928710938,93.48970031738281,66.08411407470703,36.39982604980469,29.14899253845215,127.87112426757812,87.38268280029297
2023-12-21,40.77939987182617,70.7190933227539,39.42213821411133,35.99519729614258,109.12814331054688,94.53959655761719,66.54544067382812,36.70594024658203,29.200462341308594,129.43182373046875,88.71229553222656
2023-12-22,41.03346252441406,70.72885131835938,39.53845977783203,36.07247543334961,109.65154266357422,94.6628189086914,67.0538558959961,36.85436248779297,29.29871368408203,130.0773162841797,88.05975341796875
2023-12-26,41.2252082824707,71.00160217285156,39.87810134887695,36.21738815307617,110.42694091796875,95.0571517944336,67.33628845214844,37.12336349487305,29.476511001586914,130.36631774902344,88.43264770507812
2023-12-27,41.32587432861328,71.01133728027344,39.7012939453125,36.333309173583984,110.59172058105469,95.05221557617188,67.64700317382812,37.33671951293945,29.457792282104492,130.9154510498047,88.73683166503906
2023-12-28,41.167686462402344,71.2061538696289,39.0964469909668,36.4395751953125,110.62080383300781,95.16558074951172,67.67524719238281,37.568626403808594,29.668344497680664,131.25265502929688,88.27564239501953
2023-12-29,41.00469970703125,70.7775650024414,39.008052825927734,36.32365036010742,110.485107421875,94.874755859375,67.81645965576172,37.16047668457031,29.630910873413086,131.38754272460938,87.73102569580078
2024-01-02,40.93278884887695,70.378173828125,39.426788330078125,36.47821807861328,109.3704605102539,92.39051818847656,68.5790786743164,37.503692626953125,30.06136131286621,133.6996612548828,86.91658020019531
2024-01-03,40.491783142089844,70.11516571044922,40.0688591003418,36.16908264160156,107.74213409423828,91.44905853271484,68.04241943359375,36.613182067871094,30.17365264892578,133.4780731201172,85.16008758544922
2024-01-04,40.36235046386719,69.88138580322266,39.366310119628906,36.31399154663086,107.87782287597656,90.77869415283203,67.94828033447266,36.52041244506836,30.080078125,134.142822265625,84.56151580810547
2024-01-05,40.42947006225586,70.17362213134766,39.39888000488281,36.46855926513672,108.00381469726562,90.75406646728516,67.79764556884766,36.446205139160156,30.192363739013672,134.02720642089844,84.69398498535156
2024-01-08,40.60203170776367,71.26461791992188,38.94291687011719,36.70041275024414,108.71138000488281,93.03129577636719,68.29663848876953,36.94712448120117,30.412273406982422,135.21218872070312,86.1364517211914
2024-01-09,40.137054443359375,71.11849212646484,38.31945037841797,36.46855926513672,108.37212371826172,93.17916107177734,68.47554016113281,36.6873893737793,30.16429328918457,135.1929168701172,85.8175277709961
2024-01-10,40.084327697753906,71.78087615966797,37.942588806152344,36.52652359008789,108.92459106445312,93.97274017333984,68.33429718017578,36.743045806884766,30.15961456298828,135.80947875976562,86.50444030761719
2024-01-11,39.96448516845703,71.54708099365234,38.0402946472168,36.391273498535156,108.67259979248047,94.45085906982422,68.32488250732422,36.39982604980469,29.457792282104492,135.713134765625,86.39159393310547
2024-01-12,40.00283432006836,71.89775085449219,38.46833801269531,36.32365036010742,108.66291809082031,94.75647735595703,68.54142761230469,36.67811584472656,29.626230239868164,135.37599182128906,85.35143280029297
2024-01-16,39.54264450073242,71.4886474609375,37.551761627197266,36.07247543334961,107.56765747070312,94.9930648803711,68.16482543945312,36.45548629760742,29.303394317626953,134.5667266845703,85.2532958984375
2024-01-17,39.255027770996094,71.05030059814453,37.240028381347656,36.00485610961914,106.84071350097656,94.5248031616211,68.11774444580078,35.787593841552734,28.877620697021484,134.29696655273438,84.50753021240234
2024-01-18,39.37966537475586,71.91724395751953,37.17955017089844,36.06282424926758,108.28490447998047,96.44220733642578,68.03302764892578,35.555686950683594,28.56882095336914,134.27769470214844,84.98834228515625
2024-01-19,39.41801071166992,72.89132690429688,37.30051803588867,36.642452239990234,108.99246215820312,98.66521453857422,67.8353042602539,35.89891052246094,28.531389236450195,134.35476684570312,85.80773162841797
2024-01-22,39.53306198120117,73.03746032714844,37.440101623535156,36.816341400146484,109.83570861816406,99.0989761352539,67.50577545166016,36.06588363647461,28.3863468170166,134.94244384765625,85.42993927001953
2024-01-23,39.66248321533203,73.7582778930664,37.519187927246094,36.874290466308594,109.74847412109375,99.49822998046875,68.24015045166016,35.87107849121094,28.437808990478516,134.84609985351562,85.22386169433594
2024-01-24,39.1255989074707,74.21610260009766,38.054256439208984,37.01921081542969,109.06999969482422,100.18336486816406,67.40221405029297,35.37943649291992,28.049474716186523,133.6129608154297,84.9000473022461
2024-01-25,39.5378532409668,75.42398071289062,38.91033935546875,37.2027587890625,110.11678314208984,100.60234069824219,68.05184936523438,35.86179733276367,28.55478286743164,133.41064453125,83.85008239746094
2024-01-26,39.55223083496094,75.66749572753906,39.19881057739258,37.3380126953125,109.94232177734375,99.44402313232422,68.3813705444336,35.7041130065918,28.639001846313477,134.17172241210938,84.23277282714844
2024-01-29,39.74877166748047,76.30067443847656,39.142974853515625,37.43461608886719,110.65956115722656,100.35588836669922,68.77680969238281,35.963844299316406,28.821474075317383,135.11582946777344,85.46427917480469
2024-01-30,39.93092727661133,75.78439331054688,39.54776382446289,37.907989501953125,110.69835662841797,99.52779388427734,69.1628189086914,35.629905700683594,28.81212043762207,135.42413330078125,85.41522216796875
2024-01-31,39.40842056274414,73.91412353515625,38.807987213134766,37.444271087646484,109.4189224243164,97.4378662109375,68.65440368652344,35.37016677856445,28.751293182373047,135.24110412597656,83.8598861694336
2024-02-01,40.065155029296875,74.67391967773438,38.80332946777344,37.502235412597656,111.2798843383789,98.66521453857422,70.0572509765625,35.99167251586914,29.29871368408203,136.9944610595703,85.4740982055664
2024-02-02,39.830257415771484,77.67412567138672,38.859161376953125,37.65680694580078,112.0262222290039,99.68553924560547,69.83129119873047,35.53713607788086,28.77001190185547,136.79217529296875,86.99998474121094
2024-02-05,38.81881332397461,76.5831527709961,38.76144790649414,37.43461608886719,111.41558837890625,99.91227722167969,69.398193359375,34.83214569091797,28.171119689941406,137.21603393554688,85.77339172363281
2024-02-06,39.504295349121094,76.349365234375,38.8870849609375,37.511898040771484,112.4139175415039,99.45387268066406,69.55824279785156,35.36088943481445,28.27405548095703,138.7092742919922,86.29346466064453
2024-02-07,39.8206787109375,76.73900604248047,38.96617889404297,37.792049407958984,113.16024780273438,100.76993560791016,69.49234771728516,35.34232711791992,28.29277229309082,139.0850067138672,87.26002502441406
2024-02-08,39.767940521240234,77.03121948242188,39.366310119628906,37.64714431762695,113.17962646484375,101.08539581298828,69.4735107421875,35.53713607788086,28.091581344604492,138.84417724609375,87.64270782470703
2024-02-09,39.854225158691406,77.118896484375,38.76144790649414,37.753414154052734,113.35409545898438,102.44581604003906,68.83329772949219,35.629905700683594,28.199193954467773,138.73818969726562,88.26582336425781
2024-02-12,40.17061233520508,77.36241149902344,39.18950653076172,37.92729949951172,113.51886749267578,101.66703033447266,69.32286834716797,35.518585205078125,28.52671241760254,138.92124938964844,88.19223022460938
2024-02-13,39.6049690246582,76.27143096923828,38.79402542114258,37.4152946472168,112.35575103759766,99.94184112548828,68.5790786743164,34.8692512512207,28.054149627685547,137.6302947998047,86.43574523925781
2024-02-14,39.85902786254883,77.48905181884766,38.75680160522461,37.77273178100586,114.23609924316406,100.98680877685547,68.44727325439453,35.10115432739258,28.20854949951172,138.82492065429688,87.34832763671875
2024-02-15,40.61162567138672,78.1222152709961,39.83623123168945,38.41999053955078,115.08905792236328,100.77486419677734,68.88977813720703,35.945289611816406,28.681110382080078,139.83645629882812,88.35903930664062
2024-02-16,40.82733154296875,76.90459442138672,39.81296157836914,38.284751892089844,114.40087890625,99.84819793701172,68.99333953857422,35.57423782348633,28.648357391357422,140.2892608642578,87.83405303955078
2024-02-20,40.74105453491211,76.78770446777344,39.45005416870117,38.17847442626953,114.04227447509766,98.83279418945312,69.71831512451172,35.518585205078125,28.629642486572266,139.81719970703125,87.00487518310547
2024-02-21,40.96635818481445,76.70001983642578,40.18983459472656,38.294403076171875,114.49779510498047,98.21175384521484,69.9725112915039,35.778324127197266,29.008630752563477,140.12547302246094,87.64762115478516
2024-02-22,41.378597259521484,77.84945678710938,40.25961685180664,38.73878479003906,115.91291046142578,101.42550659179688,70.18905639648438,35.87107849121094,28.78404426574707,141.77291870117188,89.3501205444336
2024-02-23,41.62307357788086,77.65464782714844,39.99441909790039,38.93199920654297,116.52354431152344,101.18890380859375,70.40559387207031,35.91746520996094,28.989912033081055,142.44723510742188,88.94780731201172
2024-02-26,41.373809814453125,76.52469635009766,40.134002685546875,38.73878479003906,116.34908294677734,101.28749084472656,70.1231689453125,35.509307861328125,28.419097900390625,141.71510314941406,89.22257232666016
2024-02-27,41.52720260620117,77.14811706542969,39.96184539794922,38.84505081176758,116.52354431152344,101.3761978149414,70.13257598876953,35.53713607788086,28.957162857055664,141.36827087402344,89.51695251464844
2024-02-28,41.656639099121094,76.62210845947266,39.882755279541016,38.98996353149414,116.92092895507812,100.89808654785156,70.2078857421875,35.99167251586914,29.046064376831055,140.66497802734375,89.87020874023438
2024-02-29,41.97300720214844,77.30397033691406,40.07816696166992,38.970645904541016,117.27957153320312,102.02190399169922,70.09490966796875,36.27923583984375,29.0554141998291,139.5185546875,90.47859954833984
2024-03-01,42.164756774902344,77.94686889648438,40.54343032836914,38.92234802246094,117.7835693359375,103.88510131835938,70.10431671142578,36.67811584472656,28.877620697021484,140.98292541503906,90.77790069580078
2024-03-04,42.471553802490234,76.92407989501953,40.11073684692383,39.01894760131836,118.21005249023438,103.88510131835938,70.16082000732422,37.09554672241211,29.36421775817871,140.7709503173828,89.55130004882812
2024-03-05,42.24625015258789,76.30067443847656,40.408504486083984,39.028602600097656,117.24079132080078,101.33184814453125,70.33027648925781,36.62245178222656,29.279998779296875,139.7208709716797,88.43753814697266
2024-03-06,42.55783462524414,76.40780639648438,40.53412628173828,39.23147201538086,117.8514175415039,102.13529968261719,70.92344665527344,36.826534271240234,29.560728073120117,140.6746368408203,88.12354278564453
2024-03-07,43.080345153808594,77.64490509033203,40.87842559814453,39.17351531982422,118.80128479003906,103.7470932006836,71.32828521728516,36.826534271240234,29.75255584716797,141.32972717285156,88.79571533203125
2024-03-08,42.8310661315918,77.52801513671875,41.02265930175781,39.24113845825195,118.53958892822266,102.20429992675781,70.76338195800781,37.26251220703125,29.82741928100586,141.06961059570312,88.46697998046875
2024-03-11,43.31523513793945,77.38190460205078,41.4460563659668,39.30876159667969,117.92897033691406,101.9233169555664,71.14940643310547,37.07698440551758,29.977142333984375,140.99256896972656,88.22657775878906
2024-03-12,43.3104362487793,78.06376647949219,41.380916595458984,39.47298812866211,118.45235443115234,104.01326751708984,71.5165786743164,36.98421859741211,29.687055587768555,141.6476593017578,88.987060546875
2024-03-13,43.737064361572266,78.20012664794922,42.041595458984375,39.76280212402344,118.772216796875,102.88943481445312,71.6954574584961,36.752323150634766,29.888248443603516,141.09852600097656,88.80062866210938
2024-03-14,43.50697708129883,78.01506042480469,42.47429656982422,39.44401168823242,118.26819610595703,102.90913391113281,71.13997650146484,36.23285675048828,29.64962387084961,140.59756469726562,88.23638153076172
2024-03-15,43.526153564453125,77.23579406738281,42.599918365478516,39.40536880493164,118.28759002685547,101.35649108886719,71.11173248291016,36.21430206298828,29.691736221313477,140.0387725830078,87.35813903808594
2024-03-18,43.605525970458984,78.82199096679688,42.747188568115234,39.63130569458008,118.49758911132812,101.85465240478516,71.56887817382812,36.208702087402344,29.828542709350586,140.02236938476562,88.025390625
2024-03-19,43.61034393310547,78.79269409179688,43.23497772216797,39.82524490356445,119.51844024658203,102.38294219970703,71.83444213867188,36.208702087402344,30.09272003173828,140.9505615234375,88.78754425048828
2024-03-20,44.048126220703125,79.72058868408203,43.174007415771484,40.30038833618164,120.95738983154297,103.52838134765625,72.05258178710938,36.35812759399414,30.13045883178711,140.63145446777344,90.11022186279297
2024-03-21,44.23094177246094,79.74988555908203,43.431968688964844,40.630096435546875,122.15325164794922,103.60242462158203,72.09052276611328,36.49821853637695,30.08328628540039,140.815185546875,90.63636016845703
2024-03-22,43.95672607421875,79.91593933105469,43.338165283203125,40.164634704589844,121.73518371582031,103.63699340820312,71.7396011352539,36.068603515625,30.125741958618164,140.621826171875,89.84471130371094
2024-03-25,43.97115707397461,79.64244842529297,43.74152755737305,40.00947952270508,120.94766235351562,102.95072174072266,71.5404281616211,35.92851257324219,30.267269134521484,140.428466796875,89.5496826171875
2024-03-26,43.937477111816406,79.47640991210938,43.40383529663086,40.14524459838867,120.5101547241211,102.52611541748047,71.57836151123047,35.779083251953125,29.92289161682129,140.9408721923828,89.66277313232422
2024-03-27,44.56769943237305,79.88663482666016,43.80718994140625,40.620391845703125,122.4449234008789,103.0494613647461,72.32762145996094,36.685001373291016,30.75788116455078,142.81661987304688,90.70027160644531
2024-03-28,44.68796920776367,79.75965118408203,44.280914306640625,40.843421936035156,122.46435546875,102.82730865478516,72.42247009277344,36.918487548828125,30.970169067382812,142.8359375,90.42000579833984
2024-04-01,44.582130432128906,80.375,44.609230041503906,40.620391845703125,121.52129364013672,103.1136474609375,71.84392547607422,36.27406692504883,30.781469345092773,141.61769104003906,89.74636840820312
2024-04-02,44.4185676574707,80.24801635742188,45.2330436706543,40.40705871582031,120.95738983154297,102.12126159667969,71.47402954101562,35.87247848510742,30.833362579345703,139.4132080078125,88.42366790771484
2024-04-03,44.68315887451172,80.88288879394531,45.54259490966797,40.38766860961914,121.57962799072266,102.39280700683594,70.68683624267578,35.891151428222656,30.710708618164062,139.25852966308594,88.48758697509766
2024-04-04,44.23094177246094,79.78895568847656,45.51445770263672,39.931907653808594,120.5101547241211,100.77340698242188,70.38333129882812,35.61097717285156,30.649377822875977,137.24742126464844,87.4500961303711
2024-04-05,44.63023376464844,80.5996322631836,46.00225067138672,40.31008529663086,122.18241119384766,101.9287109375,70.49714660644531,35.844459533691406,30.739017486572266,138.47535705566406,87.93687438964844
2024-04-08,44.66391372680664,80.60940551757812,45.711448669433594,40.48463439941406,121.968505859375,101.81021881103516,70.39281463623047,36.152652740478516,30.941862106323242,138.03057861328125,88.77278900146484
2024-04-09,44.76975631713867,80.69731903076172,45.725521087646484,40.25190353393555,121.68656921386719,102.32368469238281,70.7342529296875,36.61029052734375,31.1116943359375,138.52369689941406,89.19075012207031
2024-04-10,44.07218551635742,80.06243896484375,45.86622619628906,39.650691986083984,120.64625549316406,101.06964111328125,70.47817993164062,35.106651306152344,30.57862091064453,136.89935302734375,87.81395721435547
2024-04-11,44.038509368896484,80.76568603515625,45.83339309692383,39.36949157714844,120.7823715209961,103.08895874023438,70.30745697021484,35.144012451171875,30.517292022705078,136.33856201171875,88.52201080322266
2024-04-12,43.25914764404297,79.43733215332031,45.08763885498047,38.84585189819336,119.48927307128906,101.42018127441406,69.59613037109375,34.77977752685547,30.2861328125,134.30813598632812,87.08622741699219
2024-04-15,43.052284240722656,78.43130493164062,44.6655158996582,38.651912689208984,118.63370513916016,99.49466705322266,69.31159973144531,34.17271423339844,30.0078067779541,134.0373992919922,85.63568878173828
2024-04-16,42.720340728759766,78.16758728027344,44.27622604370117,38.39010238647461,118.36146545410156,99.6131591796875,69.34005737304688,33.64971160888672,29.61153793334961,134.0857696533203,85.14891052246094
2024-04-17,42.816551208496094,78.09921264648438,44.14958190917969,38.48706817626953,117.74896240234375,98.17643737792969,69.59613037109375,33.369537353515625,30.22952651977539,133.8537139892578,84.7358627319336
2024-04-18,42.83098220825195,78.48013305664062,44.01356506347656,38.622825622558594,117.34061431884766,97.05567932128906,69.91860961914062,33.37887191772461,30.399356842041016,133.84402465820312,84.2097396850586
2024-04-19,42.797306060791016,77.62062072753906,44.5435676574707,39.156150817871094,117.12672424316406,95.05610656738281,70.60147857666016,33.509620666503906,30.866384506225586,134.3468017578125,83.47217559814453
2024-04-22,42.84061050415039,77.72805786132812,44.83435821533203,39.63130569458008,118.01146697998047,95.90532684326172,71.27485656738281,33.780460357666016,31.14943504333496,134.85923767089844,83.84095764160156
2024-04-23,42.47016525268555,78.90990447998047,45.082950592041016,39.883426666259766,119.65457153320312,97.32723236083984,71.47402954101562,34.08865737915039,31.295671463012695,136.61895751953125,84.83912658691406
2024-04-24,42.499027252197266,78.95873260498047,45.11578369140625,39.87373352050781,118.7017593383789,97.77157592773438,72.0146484375,34.21940994262695,31.484375,136.19354248046875,85.65044403076172
2024-04-25,42.80211639404297,76.1457748413086,45.322147369384766,39.64099884033203,119.06149291992188,97.55928802490234,71.84392547607422,34.02328872680664,31.56928253173828,135.28468322753906,85.72420501708984
2024-04-26,43.06671142578125,78.24571990966797,44.90471267700195,39.582820892333984,119.2559585571289,98.66028594970703,71.69217681884766,34.051300048828125,31.224912643432617,135.3233642578125,86.49618530273438
2024-04-29,43.42752456665039,77.33737182617188,45.20958709716797,39.524635314941406,120.05319213867188,99.08489227294922,71.9197998046875,34.4342155456543,31.64948081970215,135.77777099609375,88.50725555419922
2024-04-30,42.63855743408203,76.048095703125,43.86347961425781,39.13676452636719,118.14757537841797,96.90264129638672,71.6068115234375,33.79914474487305,31.484375,135.68109130859375,86.35358428955078
2024-05-01,42.85984802246094,76.75132751464844,43.16461944580078,39.13676452636719,117.85591888427734,95.9102554321289,71.15157318115234,33.81781768798828,31.847618103027344,135.92282104492188,85.8127212524414
2024-05-02,42.63855743408203,77.52294921875,43.4132080078125,39.23373031616211,118.5364761352539,97.29267120361328,71.74908447265625,34.303470611572266,32.01744842529297,135.82611083984375,86.89446258544922
2024-05-03,43.071529388427734,78.34339904785156,43.41790008544922,39.32100296020508,119.36288452148438,100.0031967163086,71.96721649169922,34.574302673339844,32.27219009399414,136.16453552246094,87.4795913696289
2024-05-06,43.3313102722168,79.40804290771484,43.76028823852539,39.82524490356445,120.5684814453125,101.17826080322266,72.00515747070312,34.58364486694336,32.43730545043945,136.71563720703125,88.41383361816406
2024-05-07,43.846073150634766,79.49593353271484,43.71807861328125,39.96099853515625,120.8990478515625,100.84745788574219,72.79236602783203,34.947879791259766,32.80526351928711,137.84690856933594,87.77953338623047
2024-05-08,43.644020080566406,79.36896514892578,43.66648864746094,40.10645294189453,120.8990478515625,101.1338119506836,72.57421112060547,34.621002197265625,33.14963150024414,137.37313842773438,87.4500961303711
2024-05-09,44.12991714477539,79.76941680908203,44.25276565551758,40.40705871582031,122.1046371459961,101.10418701171875,73.20018768310547,35.44287109375,33.6544075012207,138.55270385742188,88.04505157470703
2024-05-10,44.182823181152344,79.88663482666016,44.00887680053711,40.56220626831055,122.192138671875,101.47943115234375,73.61750793457031,35.31211853027344,33.62138366699219,138.83309936523438,87.57301330566406
2024-05-13,44.15396499633789,79.74011993408203,43.89162063598633,40.39735794067383,121.67684936523438,101.95833587646484,73.4088363647461,35.405513763427734,33.62138366699219,138.69772338867188,87.45992279052734
2024-05-14,44.19725799560547,80.10150909423828,43.947898864746094,40.60099411010742,121.64767456054688,102.86184692382812,73.2665786743164,35.65766525268555,33.71101760864258,139.2875213623047,87.85820007324219
2024-05-15,44.27423858642578,80.60940551757812,44.04639434814453,40.9015998840332,122.4449234008789,105.17739868164062,73.31399536132812,36.26473617553711,34.21578598022461,141.3566436767578,87.99095916748047
2024-05-16,43.95672607421875,80.55081176757812,43.92445755004883,40.9015998840332,121.71573638916016,104.81204223632812,74.35726928710938,36.19934844970703,34.097843170166016,141.19224548339844,87.42059326171875
2024-05-17,44.331966400146484,80.68754577636719,44.538875579833984,41.20220184326172,121.85185241699219,104.58000183105469,74.17707061767578,36.19934844970703,34.12614822387695,141.46299743652344,87.86802673339844
2024-05-20,44.39451217651367,80.92195892333984,44.248085021972656,40.6397819519043,122.08518981933594,105.80936431884766,73.6649169921875,35.97521209716797,34.06954574584961,141.1632537841797,87.21407318115234
2024-05-21,44.39451217651367,80.81451416015625,44.03232955932617,40.9015998840332,121.68656921386719,105.98217010498047,74.10118865966797,35.94719696044922,34.37617874145508,141.4049835205078,87.77462005615234
2024-05-22,43.96152877807617,80.91218566894531,43.188079833984375,40.66887283325195,121.83240509033203,106.21915435791016,73.80718994140625,35.63899612426758,33.97047805786133,141.65634155273438,86.86003875732422
2024-05-23,43.57185363769531,79.99407196044922,42.79409408569336,40.10645294189453,120.39347076416016,105.35514068603516,72.93463134765625,34.882503509521484,33.39495086669922,140.109375,85.45375061035156
2024-05-24,43.951908111572266,81.0196304321289,42.85506820678711,40.348873138427734,121.00599670410156,106.24382781982422,73.12430572509766,34.882503509521484,33.729888916015625,139.63560485839844,86.31423950195312
2024-05-28,43.78353500366211,81.15637969970703,43.295955657958984,39.90281677246094,119.52818298339844,106.6931381225586,72.55525207519531,34.67704391479492,33.696868896484375,137.94358825683594,86.10282135009766
2024-05-29,43.15812301635742,80.72661590576172,42.531436920166016,39.582820892333984,117.83646392822266,106.01673126220703,72.03360748291016,34.350162506103516,33.26286315917969,136.87034606933594,85.53736114501953
2024-05-30,43.509307861328125,80.462890625,42.65338134765625,39.79615020751953,118.64341735839844,103.59748840332031,72.2232894897461,34.845149993896484,33.71101760864258,136.93801879882812,86.04381561279297
2024-05-31,44.033695220947266,81.32241821289062,43.71338653564453,40.37796401977539,120.08236694335938,103.76042938232422,73.35193634033203,35.536258697509766,34.305423736572266,138.93946838378906,86.52568817138672
2024-06-03,43.7739143371582,81.64473724365234,42.56896209716797,40.12584686279297,118.6142578125,104.02208709716797,73.32347869873047,35.39617156982422,33.91386413574219,139.91600036621094,86.48634338378906
2024-06-04,43.28801345825195,81.9572982788086,42.16090774536133,39.94160079956055,118.32258605957031,104.23932647705078,73.95893096923828,35.732383728027344,33.89971923828125,140.32208251953125,86.57486724853516
2024-06-05,43.58628845214844,82.95355987548828,42.156211853027344,40.05796813964844,119.51844024658203,106.55487060546875,73.79769897460938,35.685691833496094,33.706298828125,140.960205078125,87.08130645751953
2024-06-06,43.634395599365234,83.00238800048828,42.37666320800781,40.03857421875,118.80870819091797,106.19940948486328,74.02533721923828,35.74172592163086,33.357208251953125,141.42430114746094,87.71561431884766
2024-06-07,43.19660949707031,82.43589782714844,42.20780563354492,40.222816467285156,118.93510437011719,106.44627380371094,73.65543365478516,35.461544036865234,32.99396514892578,141.57901000976562,87.35665893554688
2024-06-10,43.15331268310547,82.64099884033203,42.5267448425293,40.06766128540039,119.30455780029297,106.71781158447266,73.5985336303711,35.63899612426758,33.418540954589844,142.10113525390625,87.63693237304688
2024-06-11,43.138877868652344,82.79727172851562,42.44232177734375,39.61191177368164,118.62398529052734,108.70255279541016,73.56058502197266,35.52692794799805,33.2156867980957,141.5113067626953,87.40583038330078
2024-06-12,43.22066116333008,82.6214599609375,41.98736572265625,39.573123931884766,119.75179290771484,111.10698699951172,72.7544174194336,35.779083251953125,32.998680114746094,141.21160888671875,88.31548309326172
2024-06-13,43.20623016357422,81.90846252441406,41.60276412963867,39.544029235839844,118.98371124267578,111.98580169677734,72.8492660522461,35.95653533935547,33.074161529541016,141.09559631347656,88.38432312011719
2024-06-14,42.80693054199219,82.17218017578125,41.2932014465332,39.41797637939453,117.78785705566406,112.40547943115234,72.98204040527344,35.98454666137695,32.99396514892578,141.04725646972656,87.68611145019531
2024-06-17,43.124446868896484,82.56287384033203,41.40107727050781,39.767059326171875,119.09066009521484,114.10879516601562,73.67440032958984,35.797767639160156,32.630714416503906,140.90219116210938,89.22515106201172
2024-06-18,43.07633590698242,82.07450103759766,41.574615478515625,40.01918411254883,119.73235321044922,114.25199127197266,73.76925659179688,35.93785095214844,32.644866943359375,141.08590698242188,88.92522430419922
2024-06-20,43.119632720947266,82.42611694335938,42.33913803100586,40.23251724243164,119.81012725830078,112.96830749511719,73.60801696777344,35.844459533691406,32.927921295166016,141.54998779296875,89.03829956054688
2024-06-21,43.124446868896484,82.96333312988281,42.09524154663086,40.077362060546875,119.55735778808594,112.77083587646484,73.6649169921875,35.93785095214844,32.73450469970703,141.9464111328125,89.79061889648438
2024-06-24,43.40238952636719,83.241455078125,43.15666198730469,40.489158630371094,120.06562805175781,110.0060806274414,74.45042419433594,36.18031311035156,33.16487121582031,142.77438354492188,89.40724182128906
2024-06-25,42.85133361816406,84.17179870605469,43.255950927734375,40.18737030029297,119.04125213623047,112.02400207519531,73.97261810302734,35.670867919921875,32.851009368896484,142.32789611816406,89.04753112792969
2024-06-26,42.82232666015625,84.18159484863281,42.8304328918457,39.93425369262695,118.71931457519531,111.8954086303711,73.81971740722656,35.62369155883789,32.71310043334961,141.82315063476562,90.33857727050781
2024-06-27,42.70148468017578,84.66144561767578,42.92972946166992,39.885581970214844,118.84613037109375,111.94982147216797,73.50437927246094,35.944454193115234,32.770172119140625,141.5902099609375,90.89046478271484
2024-06-28,42.686988830566406,83.8877944946289,43.0952033996582,40.021873474121094,118.89491271972656,111.89045715332031,73.17948913574219,36.23692321777344,32.403995513916016,141.47372436523438,89.88030242919922
2024-07-01,42.02959442138672,83.53524780273438,43.11883544921875,40.109493255615234,117.61689758300781,112.7362060546875,72.66345977783203,35.887855529785156,32.180484771728516,140.6777801513672,90.1858139038086
2024-07-02,42.10693359375,84.27952575683594,43.085750579833984,40.576786041259766,118.26078796386719,113.30004119873047,73.169921875,36.03880310058594,32.346923828125,140.163330078125,91.94005584716797
2024-07-03,42.42113494873047,84.30889892578125,43.27486801147461,40.450225830078125,118.6900405883789,114.82830810546875,73.04569244384766,36.00106430053711,32.54190444946289,139.09561157226562,92.52644348144531
2024-07-05,42.48880386352539,85.94435119628906,42.5987663269043,40.440486907958984,118.26078796386719,115.1794662475586,73.94395446777344,36.133140563964844,32.59897232055664,140.17303466796875,93.28036499023438
2024-07-08,42.61448669433594,85.17069244384766,42.33873748779297,40.33340072631836,118.4071273803711,115.96586608886719,73.82928466796875,36.21805191040039,32.63225555419922,140.01771545410156,93.3247299194336
2024-07-09,42.179447174072266,85.43509674072266,41.9652214050293,40.64493179321289,117.89006042480469,115.87188720703125,73.63816833496094,36.22748947143555,32.72736740112305,140.69717407226562,93.63516998291016
2024-07-10,42.7449951171875,85.97372436523438,42.2489013671875,40.800697326660156,118.94368743896484,117.55348205566406,73.96306610107422,36.482208251953125,33.03647994995117,142.02699279785156,94.3398208618164
2024-07-11,43.32988357543945,84.79854583740234,42.688602447509766,41.12196350097656,120.45586395263672,114.61068725585938,73.68594360351562,37.453941345214844,33.64042282104492,143.0267791748047,93.14241027832031
2024-07-12,43.745582580566406,84.52433776855469,42.79734420776367,41.25825500488281,121.14851379394531,115.63448333740234,74.0108413696289,37.727535247802734,33.88771057128906,143.91976928710938,94.35953521728516
2024-07-15,43.63440704345703,84.82793426513672,43.445072174072266,41.861846923828125,122.01679992675781,115.84221649169922,73.5808334350586,37.88791275024414,33.06501007080078,143.4150390625,94.25112915039062
2024-07-16,44.480316162109375,85.05316925048828,43.638916015625,42.338871002197266,125.06063079833984,115.45643615722656,74.28797149658203,38.24641418457031,33.321807861328125,145.46311950683594,95.9413070678711
2024-07-17,44.38847732543945,83.77027130126953,44.07388687133789,42.66013717651367,123.4606704711914,110.9655990600586,75.24356079101562,38.58604431152344,33.34082794189453,146.12318420410156,94.3398208618164
2024-07-18,43.94860076904297,83.72129821777344,44.15426254272461,42.14417266845703,122.49481964111328,110.97547912597656,74.87089538574219,38.265281677246094,33.312294006347656,142.80349731445312,93.37893676757812
2024-07-19,43.55706787109375,83.34918212890625,43.67201232910156,41.715816497802734,121.82168579101562,109.2394790649414,74.62242126464844,38.218109130859375,33.350337982177734,143.53150939941406,92.54615783691406
2024-07-22,43.70207977294922,83.70171356201172,43.397789001464844,41.949466705322266,123.06067657470703,111.826171875,74.67020416259766,38.595481872558594,33.63091278076172,144.35659790039062,93.5661849975586
2024-07-23,43.8760986328125,83.58419799804688,42.707515716552734,42.027347564697266,122.8265380859375,111.38104248046875,74.40264129638672,38.52943801879883,33.421669006347656,144.2692413330078,93.14733123779297
2024-07-24,43.31538009643555,81.40035247802734,42.712242126464844,41.45296859741211,120.18268585205078,106.7715072631836,74.33575439453125,38.001121520996094,33.79735565185547,145.47283935546875,89.33826446533203
2024-07-25,43.43622589111328,80.460205078125,43.44979476928711,41.608726501464844,121.14851379394531,105.62899017333984,74.24974060058594,37.79357147216797,33.51678466796875,144.7448272705078,88.98838806152344
2024-07-26,44.14678192138672,81.96833801269531,43.586910247802734,42.260990142822266,123.21676635742188,106.96931457519531,75.0046615600586,38.425655364990234,33.844905853271484,145.56019592285156,89.9837875366211
2024-07-29,44.22412872314453,82.69304656982422,43.213401794433594,42.20258331298828,123.00214385986328,106.49451446533203,75.0333251953125,38.67095184326172,33.9970817565918,145.64756774902344,91.48672485351562
2024-07-30,44.07911682128906,83.0260009765625,43.884765625,42.68934631347656,123.36310577392578,103.81880187988281,74.52686309814453,38.953983306884766,34.17304229736328,145.77371215820312,90.97917175292969
2024-07-31,44.5383186340332,84.01509857177734,44.06916046142578,42.58225631713867,124.73870086669922,108.21568298339844,74.39307403564453,38.85963439941406,34.615299224853516,145.23989868164062,92.38848114013672
2024-08-01,44.35947036743164,84.35786437988281,42.90135955810547,41.978668212890625,122.42654418945312,104.17985534667969,75.08110809326172,39.46343231201172,35.23827362060547,146.72499084472656,90.12174987792969
2024-08-02,43.523231506347656,82.98682403564453,41.795021057128906,40.94672775268555,119.73391723632812,101.25188446044922,75.74047088623047,39.49173355102539,35.29533767700195,146.4337921142578,86.80545806884766
2024-08-05,42.5516471862793,80.60710144042969,40.873069763183594,39.75901412963867,117.65591430664062,97.8788070678711,74.24974060058594,38.350181579589844,34.36326599121094,142.5220184326172,84.35147094726562
2024-08-06,42.769161224365234,81.55703735351562,41.12364959716797,40.40155029296875,119.07051849365234,99.2092514038086,74.76576232910156,39.19926834106445,34.65334701538086,143.18206787109375,85.28280639648438
2024-08-07,42.18911361694336,81.12613677978516,41.289127349853516,40.450225830078125,118.49492645263672,97.60184478759766,74.84221649169922,38.9162483215332,34.848323822021484,141.72608947753906,83.7946548461914
2024-08-08,42.8416748046875,82.74199676513672,42.17798614501953,41.10249328613281,121.2265625,101.2469482421875,75.52069854736328,39.24644088745117,34.8863639831543,144.86131286621094,85.62281799316406
2024-08-09,42.807838439941406,83.44711303710938,42.27254104614258,41.277732849121094,121.24608612060547,101.70196533203125,75.6353530883789,39.44456100463867,35.005252838134766,145.57962036132812,85.90861511230469
2024-08-12,42.61931610107422,82.86930847167969,42.480567932128906,41.06354904174805,120.63145446777344,102.53287506103516,75.25311279296875,39.208709716796875,35.06707763671875,145.02635192871094,85.568603515625
2024-08-13,43.04469299316406,83.9465560913086,42.06924057006836,41.4042854309082,121.89972686767578,105.68338775634766,75.59713745117188,39.4822998046875,35.27156066894531,146.7832489013672,87.71212768554688
2024-08-14,43.04469299316406,83.4666976928711,42.31509017944336,41.910526275634766,122.39727783203125,106.2620620727539,75.941162109375,39.623809814453125,35.24778747558594,147.30738830566406,87.24401092529297
2024-08-15,43.726253509521484,84.22076416015625,42.820980072021484,42.2999382019043,124.04601287841797,109.318603515625,76.72473907470703,39.51060485839844,35.24302291870117,148.22952270507812,90.02812957763672
2024-08-16,43.7794189453125,84.47537994384766,42.77370834350586,42.6114616394043,123.87042236328125,109.50160217285156,76.93496704101562,39.49173355102539,35.39996337890625,148.38479614257812,90.24002075195312
2024-08-19,43.98727035522461,85.43509674072266,43.06210708618164,42.84511184692383,124.62161254882812,111.30685424804688,77.1929702758789,39.72758865356445,35.63297653198242,149.2875518798828,91.34873962402344
2024-08-20,43.827754974365234,85.37635040283203,41.92740249633789,42.70881652832031,124.28015899658203,110.91612243652344,77.57521057128906,39.765323638916016,35.5568962097168,149.8893585205078,91.26496887207031
2024-08-21,44.33047103881836,85.73869323730469,41.99831771850586,42.64067077636719,125.03135681152344,111.56898498535156,78.10079193115234,39.897403717041016,35.808937072753906,150.14170837402344,92.41803741455078
2024-08-22,44.23863220214844,85.09234619140625,42.10706329345703,42.88405227661133,124.87525939941406,109.0020751953125,77.98612976074219,40.142696380615234,35.76613235473633,150.23876953125,90.82147216796875
2024-08-23,44.82351303100586,85.68973541259766,42.73588180541992,43.25399398803711,126.12400817871094,110.76774597167969,78.20590209960938,40.91630172729492,35.865997314453125,150.88912963867188,92.57571411132812
2024-08-26,45.02169418334961,85.88558959960938,43.11883544921875,43.39028549194336,125.98744201660156,109.3779525756836,78.7601547241211,40.88800048828125,36.099021911621094,150.81146240234375,91.85629272460938
2024-08-27,45.02653503417969,85.68973541259766,42.71696472167969,43.61419677734375,126.06549072265625,110.04071044921875,78.9512710571289,40.99177932739258,35.81368637084961,151.04441833496094,91.61482238769531
2024-08-28,44.833187103271484,85.12171936035156,42.442745208740234,43.721290588378906,126.00695037841797,108.52233123779297,78.6167984008789,40.85026550292969,35.81368637084961,151.21914672851562,90.72785186767578
2024-08-29,45.079708099365234,84.94544982910156,42.99591827392578,44.11070251464844,126.89474487304688,107.54303741455078,78.22501373291016,40.68988037109375,36.008663177490234,151.53945922851562,90.83625793457031
2024-08-30,45.572750091552734,85.5134506225586,43.15666198730469,44.529319763183594,128.2508087158203,108.97240447998047,78.8461685180664,41.08612060546875,36.27973175048828,152.58778381347656,92.2061538696289
2024-09-03,44.5383186340332,83.9465560913086,42.08342742919922,44.19831848144531,125.41185760498047,103.96717834472656,79.40040588378906,41.18046188354492,36.227420806884766,152.29656982421875,90.93974304199219
2024-09-04,44.35464096069336,83.54503631591797,41.501888275146484,44.24699783325195,125.53865814208984,103.70010375976562,79.77308654785156,41.27480697631836,36.53652572631836,152.0345001220703,91.17627716064453
2024-09-05,44.006614685058594,83.78985595703125,41.18038558959961,43.760231018066406,124.0752944946289,103.54183959960938,79.46729278564453,41.161598205566406,36.446170806884766,149.9475860595703,92.21107482910156
2024-09-06,43.45072555541992,82.03689575195312,40.6650390625,43.11770248413086,122.81678009033203,100.8562240600586,79.30484771728516,41.161598205566406,36.099021911621094,149.43313598632812,89.88030242919922
2024-09-09,43.87126541137695,82.38945007324219,40.95817184448242,43.760231018066406,124.69966125488281,102.50814819335938,79.91642761230469,41.65216827392578,36.46519088745117,150.4814453125,91.19105529785156
2024-09-10,43.890602111816406,82.36986541748047,40.25370788574219,43.31241226196289,124.9142837524414,104.04136657714844,79.89730834960938,42.38804626464844,36.636390686035156,151.17062377929688,92.23571014404297
2024-09-11,43.99694061279297,82.71261596679688,39.88019943237305,43.10796356201172,125.13868713378906,107.5925064086914,79.1519546508789,42.27482986450195,36.75052261352539,150.72412109375,93.15718841552734
2024-09-12,44.402976989746094,84.25992584228516,40.23952865600586,43.205318450927734,126.10449981689453,108.48275756835938,79.6393051147461,42.350303649902344,36.831363677978516,151.26768493652344,94.20677185058594
2024-09-13,44.80418395996094,85.07276153564453,40.466468811035156,43.331878662109375,127.38252258300781,109.02681732177734,80.20310974121094,42.65220260620117,37.3497200012207,151.5782928466797,94.84736633300781
2024-09-16,45.219886779785156,85.96392059326172,40.929805755615234,43.89652633666992,128.03619384765625,108.6113510131836,80.51844787597656,42.79371643066406,37.63504409790039,152.62660217285156,94.68476104736328
2024-09-17,45.3068962097168,85.96392059326172,41.48297119140625,44.13017654418945,128.7386016845703,108.398681640625,79.75396728515625,42.45408248901367,37.60651397705078,151.05413818359375,95.16767120361328
2024-09-18,45.1135368347168,85.89539337158203,41.563350677490234,43.99388122558594,128.6312713623047,107.40950775146484,79.44817352294922,42.3314323425293,37.32118225097656,150.8017578125,94.98041534423828
2024-09-19,45.79510498046875,87.0607681274414,42.05978012084961,44.48064422607422,130.84585571289062,110.59960174560547,78.97994232177734,42.2276611328125,37.1024284362793,151.34532165527344,97.14366149902344
2024-09-20,45.47123336791992,87.0607681274414,41.9652214050293,44.451438903808594,129.92881774902344,110.06049346923828,79.36217498779297,42.15218734741211,38.08206558227539,150.72412109375,96.92190551757812
2024-09-23,45.868404388427734,87.25624084472656,42.483402252197266,44.39769744873047,130.80087280273438,110.04017639160156,79.82232666015625,42.618656158447266,38.459815979003906,150.4288787841797,98.09957122802734
2024-09-24,46.494747161865234,87.6688003540039,42.37852478027344,44.02642059326172,131.74049377441406,110.79330444335938,79.63021087646484,42.618656158447266,38.18691635131836,150.12686157226562,98.9587631225586
2024-09-25,46.18400192260742,87.39376068115234,41.549068450927734,43.762611389160156,131.12388610839844,111.11040496826172,79.42845916748047,42.438148498535156,38.38800048828125,148.6654510498047,98.6032485961914
2024-09-26,47.140506744384766,87.88490295410156,40.73390579223633,43.987335205078125,131.77964782714844,112.58197784423828,79.6109848022461,42.02013397216797,38.124671936035156,149.162353515625,99.02294158935547
2024-09-27,47.05796432495117,88.41533660888672,41.5633659362793,44.11435317993164,131.9656219482422,111.53157043457031,79.75508880615234,42.07714080810547,38.50290298461914,149.0843963623047,99.17108154296875
2024-09-30,46.795772552490234,88.79842376708984,41.854156494140625,44.280452728271484,132.56263732910156,111.85856628417969,79.73587799072266,42.438148498535156,38.675262451171875,150.05868530273438,98.93901062011719
2024-10-01,46.67924880981445,88.86717987060547,42.80755615234375,44.045963287353516,132.6311492919922,109.13346099853516,79.4668960571289,42.181636810302734,38.98646926879883,149.26951599121094,98.53904724121094
2024-10-02,46.49959945678711,88.59214782714844,43.24611282348633,44.09481430053711,132.386474609375,109.94107818603516,78.79441833496094,42.02963638305664,39.005619049072266,148.9674835205078,97.70455932617188
2024-10-03,45.98493576049805,88.28762817382812,44.00883483886719,43.86031723022461,131.7111358642578,110.39691925048828,78.00666809082031,41.621116638183594,38.991249084472656,147.62295532226562,96.57379913330078
2024-10-04,46.208282470703125,89.26991271972656,44.418792724609375,44.602882385253906,132.6311492919922,111.62570190429688,78.26606750488281,41.34560775756836,38.929012298583984,147.73988342285156,97.85269165039062
2024-10-07,46.072330474853516,88.071533203125,44.576107025146484,44.055728912353516,132.30816650390625,110.85771942138672,77.48790740966797,41.041595458984375,38.03371047973633,147.08709716796875,96.33184814453125
2024-10-08,45.85869598388672,88.84754180908203,43.41295623779297,44.30976104736328,132.60179138183594,112.92879486083984,77.8721694946289,41.165103912353516,38.052860260009766,147.88601684570312,97.27003479003906
2024-10-09,46.150020599365234,88.87700653076172,43.67514419555664,44.720123291015625,133.7860870361328,114.1922607421875,78.34290313720703,41.18410110473633,37.727294921875,149.3961639404297,97.96623992919922
2024-10-10,46.2568359375,88.21887969970703,43.970699310302734,44.583335876464844,133.1009521484375,114.16254425048828,77.99707794189453,40.84209442138672,37.612388610839844,148.84083557128906,97.48236083984375
2024-10-11,46.557865142822266,88.82789611816406,44.24241638183594,45.44315719604492,135.47933959960938,114.36072540283203,78.42936706542969,41.26010513305664,37.942745208740234,149.93202209472656,97.06757354736328
2024-10-14,46.82490921020508,89.24046325683594,44.22334289550781,45.72650146484375,136.29171752929688,115.85210418701172,78.74638366699219,41.54511260986328,38.42151641845703,150.7601776123047,97.49222564697266
2024-10-15,46.77635955810547,89.43690490722656,42.79801940917969,45.824214935302734,135.24444580078125,113.30535888671875,79.24593353271484,42.06763458251953,38.593875885009766,148.9187774658203,97.70455932617188
2024-10-16,47.140506744384766,89.37796020507812,43.00300216674805,46.390899658203125,136.29171752929688,113.65715789794922,79.18829345703125,42.485652923583984,39.35990905761719,149.3376922607422,98.21808624267578
2024-10-17,47.21333694458008,88.9555892944336,43.20797348022461,46.51791763305664,135.90020751953125,114.00398254394531,78.83285522460938,42.210140228271484,39.01040267944336,148.47061157226562,98.12920379638672
2024-10-18,47.4026985168457,89.61372375488281,43.06496810913086,46.52769088745117,136.31129455566406,114.41027069091797,79.0057601928711,42.50465393066406,39.23542785644531,149.19158935546875,98.51435089111328
2024-10-21,47.038543701171875,89.26009368896484,42.936256408691406,46.156410217285156,135.83168029785156,114.94539642333984,78.34290313720703,41.630615234375,39.08222198486328,147.43785095214844,97.7490005493164
2024-10-22,46.606414794921875,89.3877944946289,43.0363655090332,46.068477630615234,134.18739318847656,114.82647705078125,78.7848129272461,41.697120666503906,38.94337463378906,147.2235107421875,97.35397338867188
2024-10-23,46.48017883300781,88.71001434326172,42.81231689453125,46.02939224243164,133.79586791992188,113.18150329589844,78.631103515625,42.10563659667969,39.31682205200195,146.5317840576172,95.82324981689453
2024-10-24,45.91210174560547,89.0145263671875,42.80755615234375,46.068477630615234,132.87583923339844,113.51346588134766,78.52542877197266,42.20063781738281,39.063072204589844,145.5672607421875,98.8451919555664
2024-10-25,45.620784759521484,89.24046325683594,42.793251037597656,45.560401916503906,132.5234832763672,114.10308074951172,77.8721694946289,41.86812973022461,38.4837532043457,144.76834106445312,99.1562728881836
2024-10-28,45.9995002746582,89.81017303466797,42.52153015136719,46.12709426879883,132.91500854492188,114.06839752197266,78.01627349853516,42.001136779785156,38.7853889465332,144.98268127441406,99.38834381103516
2024-10-29,45.70332336425781,90.65493774414062,41.87322235107422,45.843753814697266,132.73883056640625,115.6043701171875,77.24774169921875,41.621116638183594,37.95710372924805,144.5832061767578,98.86988067626953
2024-10-30,45.95094680786133,91.20500946044922,41.968563079833984,46.0489387512207,132.5137176513672,113.76615905761719,77.12284851074219,41.77312469482422,37.86613464355469,144.31040954589844,98.73162078857422
2024-10-31,45.344032287597656,90.40937042236328,42.230743408203125,45.413841247558594,130.98684692382812,110.114501953125,76.96914672851562,41.041595458984375,38.258731842041016,143.0925750732422,97.22065734863281
2024-11-01,45.21778869628906,90.76299285888672,41.96379089355469,45.57017517089844,131.16302490234375,110.94194793701172,76.99795532226562,40.60457992553711,37.406517028808594,143.940185546875,98.80075073242188
2024-11-04,45.4168586730957,90.45846557617188,42.697914123535156,45.21842956542969,131.0162353515625,110.85771942138672,77.20931243896484,41.06059646606445,36.96125411987305,142.99513244628906,98.46003723144531
2024-11-05,45.484832763671875,91.46041107177734,42.98392868041992,45.63856506347656,133.20863342285156,112.41847229003906,77.69924926757812,41.621116638183594,37.51663589477539,144.04736328125,100.20308685302734
2024-11-06,46.11117172241211,93.7098388671875,44.599937438964844,48.413421630859375,138.42538452148438,115.61923217773438,76.43115997314453,40.509578704833984,37.12882995605469,144.2324676513672,103.40773010253906
2024-11-07,46.29081726074219,94.93770599365234,44.39495086669922,47.631771087646484,137.59344482421875,117.63581848144531,76.70975494384766,41.013092041015625,37.195858001708984,145.27496337890625,104.73600769042969
2024-11-08,45.868404388427734,94.47602081298828,44.69050979614258,48.06167984008789,139.0713653564453,117.50699615478516,77.64160919189453,41.716121673583984,37.90922927856445,146.31741333007812,106.2222900390625
2024-11-11,45.66933822631836,95.00645446777344,44.94316482543945,48.74562454223633,140.14801025390625,116.85792541503906,77.37261962890625,41.3551025390625,38.01456069946289,145.46006774902344,108.36530303955078
2024-11-12,44.89248275756836,95.43865966796875,44.70481872558594,48.599063873291016,138.94412231445312,117.00655364990234,77.4590835571289,40.832584381103516,37.57887268066406,143.43357849121094,106.91851806640625
2024-11-13,44.999298095703125,95.47795104980469,45.05280685424805,48.628379821777344,139.23776245117188,116.60027313232422,77.68965148925781,41.155601501464844,37.511844635009766,143.0535888671875,107.83201599121094
2024-11-14,44.63029479980469,95.36990356445312,45.22441864013672,48.50135803222656,136.8887481689453,116.20389556884766,77.49750518798828,40.78508377075195,37.38257598876953,140.80303955078125,106.3012924194336
2024-11-15,44.31955337524414,93.46427154541016,45.157676696777344,48.72608184814453,136.1547088623047,113.32022857666016,76.81543731689453,40.832584381103516,37.942745208740234,138.19192504882812,105.39273834228516
2024-11-18,44.664283752441406,94.38761901855469,45.75831604003906,48.87264633178711,135.96871948242188,113.68687438964844,77.35340881347656,41.193603515625,38.27309799194336,138.28936767578125,106.36549377441406
2024-11-19,44.51862716674805,95.00645446777344,45.467525482177734,48.55020523071289,135.8512725830078,114.61837768554688,77.4590835571289,41.36460876464844,38.51727294921875,137.57814025878906,106.44448852539062
2024-11-20,44.882774353027344,95.61546325683594,45.9251594543457,48.40365219116211,135.99807739257812,114.519287109375,77.0652084350586,41.29811096191406,38.53642272949219,139.2052001953125,105.97540283203125
2024-11-21,45.43142318725586,95.36990356445312,46.2969856262207,49.019203186035156,137.7010955810547,115.68365478515625,77.90099334716797,41.57361602783203,39.206703186035156,140.32562255859375,106.16304779052734
2024-11-22,45.68390655517578,95.16361236572266,46.36848831176758,49.56635284423828,139.61949157714844,115.74311065673828,78.62149810791016,41.88713073730469,38.99604034423828,140.45228576660156,107.69375610351562
2024-11-25,46.154869079589844,95.6547622680664,45.45322799682617,49.888790130615234,140.49057006835938,115.73815155029297,79.05379486083984,42.44765090942383,39.0678596496582,141.650634765625,108.7948989868164
2024-11-26,45.810142517089844,96.00838470458984,45.39126205444336,49.98649597167969,140.65696716308594,116.31785583496094,79.38043212890625,42.65666198730469,39.69026565551758,142.4105682373047,109.1899185180664
2024-11-27,45.785865783691406,96.13607788085938,45.343589782714844,50.084197998046875,140.13819885253906,114.74224090576172,79.54373931884766,42.951171875,39.69026565551758,143.1704864501953,108.65169525146484
2024-11-29,46.018924713134766,96.65670013427734,45.53903579711914,50.1623649597168,140.93101501464844,115.8075180053711,79.94722747802734,42.75165939331055,39.704627990722656,143.6186981201172,109.76764678955078
2024-12-02,45.98979568481445,97.45234680175781,45.05756759643555,49.664066314697266,139.8935089111328,116.907470703125,79.85115814208984,42.10563659667969,38.85240936279297,143.3653564453125,110.72557067871094
2024-12-03,45.84413528442383,98.23817443847656,45.05280685424805,49.292781829833984,139.0126495361328,117.3286361694336,79.43807220458984,41.85862731933594,38.51727294921875,143.04385375976562,110.64163208007812
2024-12-04,45.39744186401367,98.46408081054688,43.9659309387207,49.10713577270508,139.61949157714844,119.47402954101562,79.21711730957031,41.74462127685547,38.512481689453125,142.96591186523438,111.66869354248047
2024-12-05,44.80023193359375,98.23817443847656,44.137535095214844,49.253700256347656,137.92623901367188,118.86955261230469,79.53414154052734,41.6401252746582,38.632171630859375,141.3680877685547,112.58219146728516
2024-12-06,44.62543869018555,99.14186096191406,43.38912582397461,49.24393081665039,137.57386779785156,119.3303451538086,79.14026641845703,41.5831184387207,38.15340805053711,140.56918334960938,114.95234680175781
2024-12-09,44.61573028564453,97.02996063232422,43.31761932373047,48.56974792480469,136.37979125976562,118.55245208740234,79.01537322998047,41.66862106323242,37.67463302612305,140.97837829589844,114.58694458007812
2024-12-10,44.159324645996094,98.5525131225586,43.022071838378906,48.55998229980469,136.04702758789062,116.907470703125,79.3900375366211,40.99409866333008,37.4017333984375,140.393798828125,114.77458953857422
2024-12-11,44.00395584106445,100.16344451904297,43.09356689453125,48.65768814086914,135.7338104248047,118.60199737548828,78.7848129272461,40.889591217041016,37.16713333129883,138.48423767089844,116.78921508789062
2024-12-12,43.69807052612305,100.35009002685547,42.745582580566406,48.44273376464844,134.86273193359375,117.93807220458984,79.01537322998047,40.861083984375,37.147979736328125,137.38327026367188,115.82140350341797
2024-12-13,43.3242073059082,99.15169525146484,42.53106689453125,48.40365219116211,134.5103759765625,118.44345092773438,78.81363677978516,40.69008255004883,37.17192077636719,137.3638153076172,116.28062438964844
2024-12-16,42.94063949584961,99.5347900390625,41.59674072265625,48.31571578979492,134.62782287597656,119.62763214111328,78.40054321289062,40.48107147216797,36.87507629394531,135.7270050048828,117.85576629638672
2024-12-17,42.702720642089844,98.78823852539062,41.28688049316406,47.97374725341797,133.39459228515625,118.90423583984375,78.26606750488281,40.30056381225586,36.72187042236328,135.62957763671875,118.22611236572266
2024-12-18,41.488887786865234,95.96908569335938,40.06653594970703,46.53746032714844,129.6263885498047,115.06925964355469,77.0748062133789,38.72350311279297,35.85529327392578,133.7882080078125,112.89822387695312
2024-12-19,41.042198181152344,95.70387268066406,39.718544006347656,46.70356369018555,129.45999145507812,115.19313049316406,76.52722930908203,38.0584831237793,36.0180778503418,132.7749481201172,112.7451400756836
2024-12-20,41.5520133972168,96.2244873046875,40.10943603515625,47.397274017333984,130.97708129882812,116.91242980957031,76.79621124267578,38.752010345458984,36.59260559082031,134.45071411132812,113.03153991699219
2024-12-23,41.519798278808594,96.7503890991211,40.3449821472168,47.5110969543457,130.94754028320312,118.15116119384766,76.39160919189453,38.92869567871094,36.71714782714844,135.79347229003906,113.37437438964844
2024-12-24,41.74430465698242,97.6662826538086,40.68627166748047,48.070404052734375,131.97059631347656,119.37202453613281,76.89495086669922,39.187957763671875,36.91990280151367,136.351318359375,115.99637603759766
2024-12-26,41.68085861206055,97.53825378417969,40.652626037597656,48.18815231323242,132.06893920898438,119.45143127441406,77.1369400024414,39.245574951171875,36.8330078125,136.62535095214844,115.56597900390625
2024-12-27,41.45634841918945,96.67160034179688,40.64781951904297,47.834903717041016,131.08526611328125,117.86331176757812,76.75943756103516,38.92869567871094,36.726806640625,135.98919677734375,113.65636444091797
2024-12-30,40.89995193481445,95.6572265625,40.64301300048828,47.37372589111328,129.76712036132812,116.3645248413086,75.8592300415039,38.746246337890625,36.572330474853516,134.31565856933594,111.83086395263672
